valid_time,run_time,lead_hours,wind_ms,temperature_c,baseline,prediction,operational_prediction,chosen_model,site,as_of,analysis_summary
2026-01-31 01:00:00+00:00,2026-01-30 18:00:00+00:00,7.0,9.41,-3.4,0.9625111111111111,0.8370831461008548,0.9625111111111111,baseline,turbine_1,2026-01-31 00:00:00+00:00,turbine_1: на 2026-01-31T00:00:00+00:00 проверяемого факта пока нет; weather_change_below_threshold_or_no_overlap.
2026-01-31 02:00:00+00:00,2026-01-30 18:00:00+00:00,8.0,9.49,-3.3,0.9668222222222222,0.8677041171204403,0.9668222222222222,baseline,turbine_1,2026-01-31 00:00:00+00:00,turbine_1: на 2026-01-31T00:00:00+00:00 проверяемого факта пока нет; weather_change_below_threshold_or_no_overlap.
2026-01-31 03:00:00+00:00,2026-01-30 18:00:00+00:00,9.0,9.09,-2.8,0.9237555555555556,0.8222329507953269,0.9237555555555556,baseline,turbine_1,2026-01-31 00:00:00+00:00,turbine_1: на 2026-01-31T00:00:00+00:00 проверяемого факта пока нет; weather_change_below_threshold_or_no_overlap.
2026-01-31 04:00:00+00:00,2026-01-30 18:00:00+00:00,10.0,9.3,0.5,0.9565833333333333,0.906642360693543,0.9565833333333333,baseline,turbine_1,2026-01-31 00:00:00+00:00,turbine_1: на 2026-01-31T00:00:00+00:00 проверяемого факта пока нет; weather_change_below_threshold_or_no_overlap.
2026-01-31 05:00:00+00:00,2026-01-30 18:00:00+00:00,11.0,8.54,2.8,0.8200555555555554,0.9306396085033131,0.8200555555555554,baseline,turbine_1,2026-01-31 00:00:00+00:00,turbine_1: на 2026-01-31T00:00:00+00:00 проверяемого факта пока нет; weather_change_below_threshold_or_no_overlap.
2026-01-31 06:00:00+00:00,2026-01-30 18:00:00+00:00,12.0,8.64,4.1,0.8389444444444445,0.9293341434014554,0.8389444444444445,baseline,turbine_1,2026-01-31 00:00:00+00:00,turbine_1: на 2026-01-31T00:00:00+00:00 проверяемого факта пока нет; weather_change_below_threshold_or_no_overlap.
2026-01-31 07:00:00+00:00,2026-01-30 18:00:00+00:00,13.0,8.81,5.3,0.8710222222222223,0.8022629060417237,0.8710222222222223,baseline,turbine_1,2026-01-31 00:00:00+00:00,turbine_1: на 2026-01-31T00:00:00+00:00 проверяемого факта пока нет; weather_change_below_threshold_or_no_overlap.
2026-01-31 08:00:00+00:00,2026-01-30 18:00:00+00:00,14.0,8.82,6.2,0.8729055555555556,0.96162575322461,0.8729055555555556,baseline,turbine_1,2026-01-31 00:00:00+00:00,turbine_1: на 2026-01-31T00:00:00+00:00 проверяемого факта пока нет; weather_change_below_threshold_or_no_overlap.
2026-01-31 09:00:00+00:00,2026-01-30 18:00:00+00:00,15.0,8.34,6.2,0.7822777777777777,0.8766910643152019,0.7822777777777777,baseline,turbine_1,2026-01-31 00:00:00+00:00,turbine_1: на 2026-01-31T00:00:00+00:00 проверяемого факта пока нет; weather_change_below_threshold_or_no_overlap.
2026-01-31 10:00:00+00:00,2026-01-30 18:00:00+00:00,16.0,8.08,5.5,0.7258944444444445,0.8460903526976599,0.7258944444444445,baseline,turbine_1,2026-01-31 00:00:00+00:00,turbine_1: на 2026-01-31T00:00:00+00:00 проверяемого факта пока нет; weather_change_below_threshold_or_no_overlap.
2026-01-31 11:00:00+00:00,2026-01-30 18:00:00+00:00,17.0,8.17,3.8,0.7467444444444444,0.8003781445166274,0.7467444444444444,baseline,turbine_1,2026-01-31 00:00:00+00:00,turbine_1: на 2026-01-31T00:00:00+00:00 проверяемого факта пока нет; weather_change_below_threshold_or_no_overlap.
2026-01-31 12:00:00+00:00,2026-01-30 18:00:00+00:00,18.0,7.09,1.9,0.5509888888888889,0.7616412527344512,0.5509888888888889,baseline,turbine_1,2026-01-31 00:00:00+00:00,turbine_1: на 2026-01-31T00:00:00+00:00 проверяемого факта пока нет; weather_change_below_threshold_or_no_overlap.
2026-01-31 13:00:00+00:00,2026-01-30 18:00:00+00:00,19.0,5.97,0.9,0.3094444444444444,0.40123462216571076,0.3094444444444444,baseline,turbine_1,2026-01-31 00:00:00+00:00,turbine_1: на 2026-01-31T00:00:00+00:00 проверяемого факта пока нет; weather_change_below_threshold_or_no_overlap.
2026-01-31 14:00:00+00:00,2026-01-30 18:00:00+00:00,20.0,5.46,0.4,0.22962222222222223,0.18175669023253035,0.22962222222222223,baseline,turbine_1,2026-01-31 00:00:00+00:00,turbine_1: на 2026-01-31T00:00:00+00:00 проверяемого факта пока нет; weather_change_below_threshold_or_no_overlap.
2026-01-31 15:00:00+00:00,2026-01-30 18:00:00+00:00,21.0,4.47,0.0,0.14075555555555555,0.029659233535251406,0.14075555555555555,baseline,turbine_1,2026-01-31 00:00:00+00:00,turbine_1: на 2026-01-31T00:00:00+00:00 проверяемого факта пока нет; weather_change_below_threshold_or_no_overlap.
2026-01-31 16:00:00+00:00,2026-01-30 18:00:00+00:00,22.0,3.22,-0.6,0.04186666666666668,0.04693003303670411,0.04186666666666668,baseline,turbine_1,2026-01-31 00:00:00+00:00,turbine_1: на 2026-01-31T00:00:00+00:00 проверяемого факта пока нет; weather_change_below_threshold_or_no_overlap.
2026-01-31 17:00:00+00:00,2026-01-30 18:00:00+00:00,23.0,1.39,0.1,0.015311111111111112,0.0,0.015311111111111112,baseline,turbine_1,2026-01-31 00:00:00+00:00,turbine_1: на 2026-01-31T00:00:00+00:00 проверяемого факта пока нет; weather_change_below_threshold_or_no_overlap.
2026-01-31 18:00:00+00:00,2026-01-30 18:00:00+00:00,24.0,1.0,0.6,0.0125,0.0,0.0125,baseline,turbine_1,2026-01-31 00:00:00+00:00,turbine_1: на 2026-01-31T00:00:00+00:00 проверяемого факта пока нет; weather_change_below_threshold_or_no_overlap.
2026-01-31 19:00:00+00:00,2026-01-30 18:00:00+00:00,25.0,0.21,0.3,0.01,0.0,0.01,baseline,turbine_1,2026-01-31 00:00:00+00:00,turbine_1: на 2026-01-31T00:00:00+00:00 проверяемого факта пока нет; weather_change_below_threshold_or_no_overlap.
2026-01-31 20:00:00+00:00,2026-01-30 18:00:00+00:00,26.0,0.42,-1.0,0.01,0.0,0.01,baseline,turbine_1,2026-01-31 00:00:00+00:00,turbine_1: на 2026-01-31T00:00:00+00:00 проверяемого факта пока нет; weather_change_below_threshold_or_no_overlap.
2026-01-31 21:00:00+00:00,2026-01-30 18:00:00+00:00,27.0,0.4,-1.2,0.01,0.004237168808936022,0.01,baseline,turbine_1,2026-01-31 00:00:00+00:00,turbine_1: на 2026-01-31T00:00:00+00:00 проверяемого факта пока нет; weather_change_below_threshold_or_no_overlap.
2026-01-31 22:00:00+00:00,2026-01-30 18:00:00+00:00,28.0,0.96,-1.4,0.0121,0.0,0.0121,baseline,turbine_1,2026-01-31 00:00:00+00:00,turbine_1: на 2026-01-31T00:00:00+00:00 проверяемого факта пока нет; weather_change_below_threshold_or_no_overlap.
2026-01-31 23:00:00+00:00,2026-01-30 18:00:00+00:00,29.0,0.8,-1.9,0.0105,0.0,0.0105,baseline,turbine_1,2026-01-31 00:00:00+00:00,turbine_1: на 2026-01-31T00:00:00+00:00 проверяемого факта пока нет; weather_change_below_threshold_or_no_overlap.
2026-02-01 00:00:00+00:00,2026-01-30 18:00:00+00:00,30.0,0.45,-1.9,0.01,0.0,0.01,baseline,turbine_1,2026-01-31 00:00:00+00:00,turbine_1: на 2026-01-31T00:00:00+00:00 проверяемого факта пока нет; weather_change_below_threshold_or_no_overlap.
2026-02-01 01:00:00+00:00,2026-01-30 18:00:00+00:00,31.0,1.22,-2.4,0.0147,0.026187943251321944,0.0147,baseline,turbine_1,2026-01-31 00:00:00+00:00,turbine_1: на 2026-01-31T00:00:00+00:00 проверяемого факта пока нет; weather_change_below_threshold_or_no_overlap.
2026-02-01 02:00:00+00:00,2026-01-30 18:00:00+00:00,32.0,1.31,-3.1,0.015133333333333334,0.03903732768259253,0.015133333333333334,baseline,turbine_1,2026-01-31 00:00:00+00:00,turbine_1: на 2026-01-31T00:00:00+00:00 проверяемого факта пока нет; weather_change_below_threshold_or_no_overlap.
2026-02-01 03:00:00+00:00,2026-01-30 18:00:00+00:00,33.0,2.8,-2.4,0.033,0.060246710736924225,0.033,baseline,turbine_1,2026-01-31 00:00:00+00:00,turbine_1: на 2026-01-31T00:00:00+00:00 проверяемого факта пока нет; weather_change_below_threshold_or_no_overlap.
2026-02-01 04:00:00+00:00,2026-01-30 18:00:00+00:00,34.0,3.69,0.3,0.07305555555555555,0.04146602752053895,0.07305555555555555,baseline,turbine_1,2026-01-31 00:00:00+00:00,turbine_1: на 2026-01-31T00:00:00+00:00 проверяемого факта пока нет; weather_change_below_threshold_or_no_overlap.
2026-02-01 05:00:00+00:00,2026-01-30 18:00:00+00:00,35.0,3.13,2.0,0.03996666666666667,0.0443164409226615,0.03996666666666667,baseline,turbine_1,2026-01-31 00:00:00+00:00,turbine_1: на 2026-01-31T00:00:00+00:00 проверяемого факта пока нет; weather_change_below_threshold_or_no_overlap.
2026-02-01 06:00:00+00:00,2026-01-30 18:00:00+00:00,36.0,3.59,3.6,0.0661111111111111,0.06900604937859663,0.0661111111111111,baseline,turbine_1,2026-01-31 00:00:00+00:00,turbine_1: на 2026-01-31T00:00:00+00:00 проверяемого факта пока нет; weather_change_below_threshold_or_no_overlap.
2026-02-01 07:00:00+00:00,2026-01-30 18:00:00+00:00,37.0,4.2,4.8,0.11647222222222224,0.06744420471928604,0.11647222222222224,baseline,turbine_1,2026-01-31 00:00:00+00:00,turbine_1: на 2026-01-31T00:00:00+00:00 проверяемого факта пока нет; weather_change_below_threshold_or_no_overlap.
2026-02-01 08:00:00+00:00,2026-01-30 18:00:00+00:00,38.0,4.23,5.7,0.11908888888888892,0.1021197055440477,0.11908888888888892,baseline,turbine_1,2026-01-31 00:00:00+00:00,turbine_1: на 2026-01-31T00:00:00+00:00 проверяемого факта пока нет; weather_change_below_threshold_or_no_overlap.
2026-02-01 09:00:00+00:00,2026-01-30 18:00:00+00:00,39.0,4.21,6.0,0.11734444444444445,0.10385103250986269,0.11734444444444445,baseline,turbine_1,2026-01-31 00:00:00+00:00,turbine_1: на 2026-01-31T00:00:00+00:00 проверяемого факта пока нет; weather_change_below_threshold_or_no_overlap.
2026-02-01 10:00:00+00:00,2026-01-30 18:00:00+00:00,40.0,4.03,5.5,0.10164444444444447,0.12813666383199865,0.10164444444444447,baseline,turbine_1,2026-01-31 00:00:00+00:00,turbine_1: на 2026-01-31T00:00:00+00:00 проверяемого факта пока нет; weather_change_below_threshold_or_no_overlap.
2026-02-01 11:00:00+00:00,2026-01-30 18:00:00+00:00,41.0,4.8,3.4,0.17022222222222222,0.13596632507629408,0.17022222222222222,baseline,turbine_1,2026-01-31 00:00:00+00:00,turbine_1: на 2026-01-31T00:00:00+00:00 проверяемого факта пока нет; weather_change_below_threshold_or_no_overlap.
2026-02-01 12:00:00+00:00,2026-01-30 18:00:00+00:00,42.0,5.13,0.5,0.19735555555555556,0.20778830750402966,0.19735555555555556,baseline,turbine_1,2026-01-31 00:00:00+00:00,turbine_1: на 2026-01-31T00:00:00+00:00 проверяемого факта пока нет; weather_change_below_threshold_or_no_overlap.
2026-02-01 13:00:00+00:00,2026-01-30 18:00:00+00:00,43.0,5.29,0.3,0.2114888888888889,0.21197783314114732,0.2114888888888889,baseline,turbine_1,2026-01-31 00:00:00+00:00,turbine_1: на 2026-01-31T00:00:00+00:00 проверяемого факта пока нет; weather_change_below_threshold_or_no_overlap.
2026-02-01 14:00:00+00:00,2026-01-30 18:00:00+00:00,44.0,5.58,0.2,0.24242222222222226,0.22145708200320727,0.24242222222222226,baseline,turbine_1,2026-01-31 00:00:00+00:00,turbine_1: на 2026-01-31T00:00:00+00:00 проверяемого факта пока нет; weather_change_below_threshold_or_no_overlap.
2026-02-01 15:00:00+00:00,2026-01-30 18:00:00+00:00,45.0,5.96,0.1,0.30722222222222223,0.30338334884281953,0.30722222222222223,baseline,turbine_1,2026-01-31 00:00:00+00:00,turbine_1: на 2026-01-31T00:00:00+00:00 проверяемого факта пока нет; weather_change_below_threshold_or_no_overlap.
2026-02-01 16:00:00+00:00,2026-01-30 18:00:00+00:00,46.0,5.88,-0.3,0.28944444444444445,0.3062549629811415,0.28944444444444445,baseline,turbine_1,2026-01-31 00:00:00+00:00,turbine_1: на 2026-01-31T00:00:00+00:00 проверяемого факта пока нет; weather_change_below_threshold_or_no_overlap.
2026-02-01 17:00:00+00:00,2026-01-30 18:00:00+00:00,47.0,5.79,-0.7,0.2694444444444445,0.2824371663025222,0.2694444444444445,baseline,turbine_1,2026-01-31 00:00:00+00:00,turbine_1: на 2026-01-31T00:00:00+00:00 проверяемого факта пока нет; weather_change_below_threshold_or_no_overlap.
2026-02-01 18:00:00+00:00,2026-01-30 18:00:00+00:00,48.0,5.97,-0.8,0.3094444444444444,0.3241148144222243,0.3094444444444444,baseline,turbine_1,2026-01-31 00:00:00+00:00,turbine_1: на 2026-01-31T00:00:00+00:00 проверяемого факта пока нет; weather_change_below_threshold_or_no_overlap.
2026-02-01 19:00:00+00:00,2026-01-30 18:00:00+00:00,49.0,5.71,-1.1,0.2562888888888889,0.21540389110749728,0.2562888888888889,baseline,turbine_1,2026-01-31 00:00:00+00:00,turbine_1: на 2026-01-31T00:00:00+00:00 проверяемого факта пока нет; weather_change_below_threshold_or_no_overlap.
2026-02-01 20:00:00+00:00,2026-01-30 18:00:00+00:00,50.0,6.04,-1.3,0.325,0.3065394849883639,0.325,baseline,turbine_1,2026-01-31 00:00:00+00:00,turbine_1: на 2026-01-31T00:00:00+00:00 проверяемого факта пока нет; weather_change_below_threshold_or_no_overlap.
2026-02-01 21:00:00+00:00,2026-01-30 18:00:00+00:00,51.0,6.13,-1.3,0.345,0.3452987029112165,0.345,baseline,turbine_1,2026-01-31 00:00:00+00:00,turbine_1: на 2026-01-31T00:00:00+00:00 проверяемого факта пока нет; weather_change_below_threshold_or_no_overlap.
2026-02-01 22:00:00+00:00,2026-01-30 18:00:00+00:00,52.0,6.17,-1.5,0.35388888888888886,0.3635977165773801,0.35388888888888886,baseline,turbine_1,2026-01-31 00:00:00+00:00,turbine_1: на 2026-01-31T00:00:00+00:00 проверяемого факта пока нет; weather_change_below_threshold_or_no_overlap.
2026-02-01 23:00:00+00:00,2026-01-30 18:00:00+00:00,53.0,6.15,-1.9,0.3494444444444445,0.3621762234192326,0.3494444444444445,baseline,turbine_1,2026-01-31 00:00:00+00:00,turbine_1: на 2026-01-31T00:00:00+00:00 проверяемого факта пока нет; weather_change_below_threshold_or_no_overlap.
2026-02-02 00:00:00+00:00,2026-01-30 18:00:00+00:00,54.0,6.31,-2.1,0.3837333333333332,0.5656544091863637,0.3837333333333332,baseline,turbine_1,2026-01-31 00:00:00+00:00,turbine_1: на 2026-01-31T00:00:00+00:00 проверяемого факта пока нет; weather_change_below_threshold_or_no_overlap.
2026-01-31 01:00:00+00:00,2026-01-30 18:00:00+00:00,7.0,9.41,-3.4,0.9523666666666666,0.9406460355433391,0.9523666666666666,baseline,turbine_2,2026-01-31 00:00:00+00:00,turbine_2: на 2026-01-31T00:00:00+00:00 проверяемого факта пока нет; weather_change_below_threshold_or_no_overlap.
2026-01-31 02:00:00+00:00,2026-01-30 18:00:00+00:00,8.0,9.49,-3.3,0.9561888888888889,0.9400848109748597,0.9561888888888889,baseline,turbine_2,2026-01-31 00:00:00+00:00,turbine_2: на 2026-01-31T00:00:00+00:00 проверяемого факта пока нет; weather_change_below_threshold_or_no_overlap.
2026-01-31 03:00:00+00:00,2026-01-30 18:00:00+00:00,9.0,9.09,-2.8,0.9142333333333332,0.7580454446241931,0.9142333333333332,baseline,turbine_2,2026-01-31 00:00:00+00:00,turbine_2: на 2026-01-31T00:00:00+00:00 проверяемого факта пока нет; weather_change_below_threshold_or_no_overlap.
2026-01-31 04:00:00+00:00,2026-01-30 18:00:00+00:00,10.0,9.3,0.5,0.947111111111111,0.9426421316554915,0.947111111111111,baseline,turbine_2,2026-01-31 00:00:00+00:00,turbine_2: на 2026-01-31T00:00:00+00:00 проверяемого факта пока нет; weather_change_below_threshold_or_no_overlap.
2026-01-31 05:00:00+00:00,2026-01-30 18:00:00+00:00,11.0,8.54,2.8,0.8179444444444441,0.7574093006563044,0.8179444444444441,baseline,turbine_2,2026-01-31 00:00:00+00:00,turbine_2: на 2026-01-31T00:00:00+00:00 проверяемого факта пока нет; weather_change_below_threshold_or_no_overlap.
2026-01-31 06:00:00+00:00,2026-01-30 18:00:00+00:00,12.0,8.64,4.1,0.8329444444444444,0.8701833421893647,0.8329444444444444,baseline,turbine_2,2026-01-31 00:00:00+00:00,turbine_2: на 2026-01-31T00:00:00+00:00 проверяемого факта пока нет; weather_change_below_threshold_or_no_overlap.
2026-01-31 07:00:00+00:00,2026-01-30 18:00:00+00:00,13.0,8.81,5.3,0.8608777777777777,0.8427073505052339,0.8608777777777777,baseline,turbine_2,2026-01-31 00:00:00+00:00,turbine_2: на 2026-01-31T00:00:00+00:00 проверяемого факта пока нет; weather_change_below_threshold_or_no_overlap.
2026-01-31 08:00:00+00:00,2026-01-30 18:00:00+00:00,14.0,8.82,6.2,0.8627833333333332,0.9749596093974497,0.8627833333333332,baseline,turbine_2,2026-01-31 00:00:00+00:00,turbine_2: на 2026-01-31T00:00:00+00:00 проверяемого факта пока нет; weather_change_below_threshold_or_no_overlap.
2026-01-31 09:00:00+00:00,2026-01-30 18:00:00+00:00,15.0,8.34,6.2,0.7879444444444442,0.8721438805287565,0.7879444444444442,baseline,turbine_2,2026-01-31 00:00:00+00:00,turbine_2: на 2026-01-31T00:00:00+00:00 проверяемого факта пока нет; weather_change_below_threshold_or_no_overlap.
2026-01-31 10:00:00+00:00,2026-01-30 18:00:00+00:00,16.0,8.08,5.5,0.732511111111111,0.86063291338362,0.732511111111111,baseline,turbine_2,2026-01-31 00:00:00+00:00,turbine_2: на 2026-01-31T00:00:00+00:00 проверяемого факта пока нет; weather_change_below_threshold_or_no_overlap.
2026-01-31 11:00:00+00:00,2026-01-30 18:00:00+00:00,17.0,8.17,3.8,0.7547111111111109,0.8546833745860681,0.7547111111111109,baseline,turbine_2,2026-01-31 00:00:00+00:00,turbine_2: на 2026-01-31T00:00:00+00:00 проверяемого факта пока нет; weather_change_below_threshold_or_no_overlap.
2026-01-31 12:00:00+00:00,2026-01-30 18:00:00+00:00,18.0,7.09,1.9,0.5498666666666665,0.795663651373484,0.5498666666666665,baseline,turbine_2,2026-01-31 00:00:00+00:00,turbine_2: на 2026-01-31T00:00:00+00:00 проверяемого факта пока нет; weather_change_below_threshold_or_no_overlap.
2026-01-31 13:00:00+00:00,2026-01-30 18:00:00+00:00,19.0,5.97,0.9,0.3081777777777777,0.47932933267569217,0.3081777777777777,baseline,turbine_2,2026-01-31 00:00:00+00:00,turbine_2: на 2026-01-31T00:00:00+00:00 проверяемого факта пока нет; weather_change_below_threshold_or_no_overlap.
2026-01-31 14:00:00+00:00,2026-01-30 18:00:00+00:00,20.0,5.46,0.4,0.21969444444444444,0.22845026361441712,0.21969444444444444,baseline,turbine_2,2026-01-31 00:00:00+00:00,turbine_2: на 2026-01-31T00:00:00+00:00 проверяемого факта пока нет; weather_change_below_threshold_or_no_overlap.
2026-01-31 15:00:00+00:00,2026-01-30 18:00:00+00:00,21.0,4.47,0.0,0.12456666666666666,0.08579274523800828,0.12456666666666666,baseline,turbine_2,2026-01-31 00:00:00+00:00,turbine_2: на 2026-01-31T00:00:00+00:00 проверяемого факта пока нет; weather_change_below_threshold_or_no_overlap.
2026-01-31 16:00:00+00:00,2026-01-30 18:00:00+00:00,22.0,3.22,-0.6,0.034988888888888896,0.034973686507442134,0.034988888888888896,baseline,turbine_2,2026-01-31 00:00:00+00:00,turbine_2: на 2026-01-31T00:00:00+00:00 проверяемого факта пока нет; weather_change_below_threshold_or_no_overlap.
2026-01-31 17:00:00+00:00,2026-01-30 18:00:00+00:00,23.0,1.39,0.1,0.014355555555555554,0.0,0.014355555555555554,baseline,turbine_2,2026-01-31 00:00:00+00:00,turbine_2: на 2026-01-31T00:00:00+00:00 проверяемого факта пока нет; weather_change_below_threshold_or_no_overlap.
2026-01-31 18:00:00+00:00,2026-01-30 18:00:00+00:00,24.0,1.0,0.6,0.011944444444444445,0.0,0.011944444444444445,baseline,turbine_2,2026-01-31 00:00:00+00:00,turbine_2: на 2026-01-31T00:00:00+00:00 проверяемого факта пока нет; weather_change_below_threshold_or_no_overlap.
2026-01-31 19:00:00+00:00,2026-01-30 18:00:00+00:00,25.0,0.21,0.3,0.01,0.0,0.01,baseline,turbine_2,2026-01-31 00:00:00+00:00,turbine_2: на 2026-01-31T00:00:00+00:00 проверяемого факта пока нет; weather_change_below_threshold_or_no_overlap.
2026-01-31 20:00:00+00:00,2026-01-30 18:00:00+00:00,26.0,0.42,-1.0,0.01,0.0,0.01,baseline,turbine_2,2026-01-31 00:00:00+00:00,turbine_2: на 2026-01-31T00:00:00+00:00 проверяемого факта пока нет; weather_change_below_threshold_or_no_overlap.
2026-01-31 21:00:00+00:00,2026-01-30 18:00:00+00:00,27.0,0.4,-1.2,0.01,0.0,0.01,baseline,turbine_2,2026-01-31 00:00:00+00:00,turbine_2: на 2026-01-31T00:00:00+00:00 проверяемого факта пока нет; weather_change_below_threshold_or_no_overlap.
2026-01-31 22:00:00+00:00,2026-01-30 18:00:00+00:00,28.0,0.96,-1.4,0.011633333333333332,0.011182121379573213,0.011633333333333332,baseline,turbine_2,2026-01-31 00:00:00+00:00,turbine_2: на 2026-01-31T00:00:00+00:00 проверяемого факта пока нет; weather_change_below_threshold_or_no_overlap.
2026-01-31 23:00:00+00:00,2026-01-30 18:00:00+00:00,29.0,0.8,-1.9,0.010388888888888888,0.0008546703922891057,0.010388888888888888,baseline,turbine_2,2026-01-31 00:00:00+00:00,turbine_2: на 2026-01-31T00:00:00+00:00 проверяемого факта пока нет; weather_change_below_threshold_or_no_overlap.
2026-02-01 00:00:00+00:00,2026-01-30 18:00:00+00:00,30.0,0.45,-1.9,0.01,0.0,0.01,baseline,turbine_2,2026-01-31 00:00:00+00:00,turbine_2: на 2026-01-31T00:00:00+00:00 проверяемого факта пока нет; weather_change_below_threshold_or_no_overlap.
2026-02-01 01:00:00+00:00,2026-01-30 18:00:00+00:00,31.0,1.22,-2.4,0.013655555555555554,0.028212590525044698,0.013655555555555554,baseline,turbine_2,2026-01-31 00:00:00+00:00,turbine_2: на 2026-01-31T00:00:00+00:00 проверяемого факта пока нет; weather_change_below_threshold_or_no_overlap.
2026-02-01 02:00:00+00:00,2026-01-30 18:00:00+00:00,32.0,1.31,-3.1,0.014088888888888889,0.029174683081954474,0.014088888888888889,baseline,turbine_2,2026-01-31 00:00:00+00:00,turbine_2: на 2026-01-31T00:00:00+00:00 проверяемого факта пока нет; weather_change_below_threshold_or_no_overlap.
2026-02-01 03:00:00+00:00,2026-01-30 18:00:00+00:00,33.0,2.8,-2.4,0.027055555555555555,0.06912045112265464,0.027055555555555555,baseline,turbine_2,2026-01-31 00:00:00+00:00,turbine_2: на 2026-01-31T00:00:00+00:00 проверяемого факта пока нет; weather_change_below_threshold_or_no_overlap.
2026-02-01 04:00:00+00:00,2026-01-30 18:00:00+00:00,34.0,3.69,0.3,0.06513333333333333,0.07967930529902366,0.06513333333333333,baseline,turbine_2,2026-01-31 00:00:00+00:00,turbine_2: на 2026-01-31T00:00:00+00:00 проверяемого факта пока нет; weather_change_below_threshold_or_no_overlap.
2026-02-01 05:00:00+00:00,2026-01-30 18:00:00+00:00,35.0,3.13,2.0,0.03328888888888889,0.09278379978670408,0.03328888888888889,baseline,turbine_2,2026-01-31 00:00:00+00:00,turbine_2: на 2026-01-31T00:00:00+00:00 проверяемого факта пока нет; weather_change_below_threshold_or_no_overlap.
2026-02-01 06:00:00+00:00,2026-01-30 18:00:00+00:00,36.0,3.59,3.6,0.0584111111111111,0.14439450308295051,0.0584111111111111,baseline,turbine_2,2026-01-31 00:00:00+00:00,turbine_2: на 2026-01-31T00:00:00+00:00 проверяемого факта пока нет; weather_change_below_threshold_or_no_overlap.
2026-02-01 07:00:00+00:00,2026-01-30 18:00:00+00:00,37.0,4.2,4.8,0.10241666666666668,0.11643542442161782,0.10241666666666668,baseline,turbine_2,2026-01-31 00:00:00+00:00,turbine_2: на 2026-01-31T00:00:00+00:00 проверяемого факта пока нет; weather_change_below_threshold_or_no_overlap.
2026-02-01 08:00:00+00:00,2026-01-30 18:00:00+00:00,38.0,4.23,5.7,0.10463333333333337,0.1593830043621166,0.10463333333333337,baseline,turbine_2,2026-01-31 00:00:00+00:00,turbine_2: на 2026-01-31T00:00:00+00:00 проверяемого факта пока нет; weather_change_below_threshold_or_no_overlap.
2026-02-01 09:00:00+00:00,2026-01-30 18:00:00+00:00,39.0,4.21,6.0,0.10315555555555556,0.15718299839806077,0.10315555555555556,baseline,turbine_2,2026-01-31 00:00:00+00:00,turbine_2: на 2026-01-31T00:00:00+00:00 проверяемого факта пока нет; weather_change_below_threshold_or_no_overlap.
2026-02-01 10:00:00+00:00,2026-01-30 18:00:00+00:00,40.0,4.03,5.5,0.08985555555555558,0.16559148273764393,0.08985555555555558,baseline,turbine_2,2026-01-31 00:00:00+00:00,turbine_2: на 2026-01-31T00:00:00+00:00 проверяемого факта пока нет; weather_change_below_threshold_or_no_overlap.
2026-02-01 11:00:00+00:00,2026-01-30 18:00:00+00:00,41.0,4.8,3.4,0.1523611111111111,0.20180616835127485,0.1523611111111111,baseline,turbine_2,2026-01-31 00:00:00+00:00,turbine_2: на 2026-01-31T00:00:00+00:00 проверяемого факта пока нет; weather_change_below_threshold_or_no_overlap.
2026-02-01 12:00:00+00:00,2026-01-30 18:00:00+00:00,42.0,5.13,0.5,0.18077777777777776,0.26230692635930614,0.18077777777777776,baseline,turbine_2,2026-01-31 00:00:00+00:00,turbine_2: на 2026-01-31T00:00:00+00:00 проверяемого факта пока нет; weather_change_below_threshold_or_no_overlap.
2026-02-01 13:00:00+00:00,2026-01-30 18:00:00+00:00,43.0,5.29,0.3,0.19655555555555554,0.26099931335995546,0.19655555555555554,baseline,turbine_2,2026-01-31 00:00:00+00:00,turbine_2: на 2026-01-31T00:00:00+00:00 проверяемого факта пока нет; weather_change_below_threshold_or_no_overlap.
2026-02-01 14:00:00+00:00,2026-01-30 18:00:00+00:00,44.0,5.58,0.2,0.2360277777777778,0.2516869441824803,0.2360277777777778,baseline,turbine_2,2026-01-31 00:00:00+00:00,turbine_2: на 2026-01-31T00:00:00+00:00 проверяемого факта пока нет; weather_change_below_threshold_or_no_overlap.
2026-02-01 15:00:00+00:00,2026-01-30 18:00:00+00:00,45.0,5.96,0.1,0.30595,0.3503393370648681,0.30595,baseline,turbine_2,2026-01-31 00:00:00+00:00,turbine_2: на 2026-01-31T00:00:00+00:00 проверяемого факта пока нет; weather_change_below_threshold_or_no_overlap.
2026-02-01 16:00:00+00:00,2026-01-30 18:00:00+00:00,46.0,5.88,-0.3,0.28812777777777776,0.3418010406803612,0.28812777777777776,baseline,turbine_2,2026-01-31 00:00:00+00:00,turbine_2: на 2026-01-31T00:00:00+00:00 проверяемого факта пока нет; weather_change_below_threshold_or_no_overlap.
2026-02-01 17:00:00+00:00,2026-01-30 18:00:00+00:00,47.0,5.79,-0.7,0.2680777777777778,0.3124633042488538,0.2680777777777778,baseline,turbine_2,2026-01-31 00:00:00+00:00,turbine_2: на 2026-01-31T00:00:00+00:00 проверяемого факта пока нет; weather_change_below_threshold_or_no_overlap.
2026-02-01 18:00:00+00:00,2026-01-30 18:00:00+00:00,48.0,5.97,-0.8,0.3081777777777777,0.36588155347558315,0.3081777777777777,baseline,turbine_2,2026-01-31 00:00:00+00:00,turbine_2: на 2026-01-31T00:00:00+00:00 проверяемого факта пока нет; weather_change_below_threshold_or_no_overlap.
2026-02-01 19:00:00+00:00,2026-01-30 18:00:00+00:00,49.0,5.71,-1.1,0.25372222222222224,0.18959533458902436,0.25372222222222224,baseline,turbine_2,2026-01-31 00:00:00+00:00,turbine_2: на 2026-01-31T00:00:00+00:00 проверяемого факта пока нет; weather_change_below_threshold_or_no_overlap.
2026-02-01 20:00:00+00:00,2026-01-30 18:00:00+00:00,50.0,6.04,-1.3,0.32377222222222224,0.3281722601550703,0.32377222222222224,baseline,turbine_2,2026-01-31 00:00:00+00:00,turbine_2: на 2026-01-31T00:00:00+00:00 проверяемого факта пока нет; weather_change_below_threshold_or_no_overlap.
2026-02-01 21:00:00+00:00,2026-01-30 18:00:00+00:00,51.0,6.13,-1.3,0.3438222222222222,0.34320169684589347,0.3438222222222222,baseline,turbine_2,2026-01-31 00:00:00+00:00,turbine_2: на 2026-01-31T00:00:00+00:00 проверяемого факта пока нет; weather_change_below_threshold_or_no_overlap.
2026-02-01 22:00:00+00:00,2026-01-30 18:00:00+00:00,52.0,6.17,-1.5,0.3527333333333333,0.3667715262104688,0.3527333333333333,baseline,turbine_2,2026-01-31 00:00:00+00:00,turbine_2: на 2026-01-31T00:00:00+00:00 проверяемого факта пока нет; weather_change_below_threshold_or_no_overlap.
2026-02-01 23:00:00+00:00,2026-01-30 18:00:00+00:00,53.0,6.15,-1.9,0.34827777777777785,0.32604432201090083,0.34827777777777785,baseline,turbine_2,2026-01-31 00:00:00+00:00,turbine_2: на 2026-01-31T00:00:00+00:00 проверяемого факта пока нет; weather_change_below_threshold_or_no_overlap.
2026-02-02 00:00:00+00:00,2026-01-30 18:00:00+00:00,54.0,6.31,-2.1,0.3815555555555554,0.5399943285025927,0.3815555555555554,baseline,turbine_2,2026-01-31 00:00:00+00:00,turbine_2: на 2026-01-31T00:00:00+00:00 проверяемого факта пока нет; weather_change_below_threshold_or_no_overlap.
2026-02-01 01:00:00+00:00,2026-01-31 18:00:00+00:00,7.0,4.31,-2.7,0.12626666666666664,0.0,0.12626666666666664,baseline,turbine_1,2026-02-01 00:00:00+00:00,turbine_1: на 2026-02-01T00:00:00+00:00 проверяемого факта пока нет; overlap_wind_change=0.993m/s>=0.5.
2026-02-01 02:00:00+00:00,2026-01-31 18:00:00+00:00,8.0,4.88,-2.6,0.1768,0.10699224690409272,0.1768,baseline,turbine_1,2026-02-01 00:00:00+00:00,turbine_1: на 2026-02-01T00:00:00+00:00 проверяемого факта пока нет; overlap_wind_change=0.993m/s>=0.5.
2026-02-01 03:00:00+00:00,2026-01-31 18:00:00+00:00,9.0,5.21,-1.3,0.20393333333333333,0.1523742736738915,0.20393333333333333,baseline,turbine_1,2026-02-01 00:00:00+00:00,turbine_1: на 2026-02-01T00:00:00+00:00 проверяемого факта пока нет; overlap_wind_change=0.993m/s>=0.5.
2026-02-01 04:00:00+00:00,2026-01-31 18:00:00+00:00,10.0,5.99,0.4,0.31388888888888894,0.23590092704707663,0.31388888888888894,baseline,turbine_1,2026-02-01 00:00:00+00:00,turbine_1: на 2026-02-01T00:00:00+00:00 проверяемого факта пока нет; overlap_wind_change=0.993m/s>=0.5.
2026-02-01 05:00:00+00:00,2026-01-31 18:00:00+00:00,11.0,4.72,2.3,0.16339444444444443,0.034711611973214665,0.16339444444444443,baseline,turbine_1,2026-02-01 00:00:00+00:00,turbine_1: на 2026-02-01T00:00:00+00:00 проверяемого факта пока нет; overlap_wind_change=0.993m/s>=0.5.
2026-02-01 06:00:00+00:00,2026-01-31 18:00:00+00:00,12.0,3.46,3.5,0.05708333333333333,0.0,0.05708333333333333,baseline,turbine_1,2026-02-01 00:00:00+00:00,turbine_1: на 2026-02-01T00:00:00+00:00 проверяемого факта пока нет; overlap_wind_change=0.993m/s>=0.5.
2026-02-01 07:00:00+00:00,2026-01-31 18:00:00+00:00,13.0,2.82,4.5,0.03342222222222222,0.0,0.03342222222222222,baseline,turbine_1,2026-02-01 00:00:00+00:00,turbine_1: на 2026-02-01T00:00:00+00:00 проверяемого факта пока нет; overlap_wind_change=0.993m/s>=0.5.
2026-02-01 08:00:00+00:00,2026-01-31 18:00:00+00:00,14.0,3.06,5.9,0.03848888888888889,0.039299150312163855,0.03848888888888889,baseline,turbine_1,2026-02-01 00:00:00+00:00,turbine_1: на 2026-02-01T00:00:00+00:00 проверяемого факта пока нет; overlap_wind_change=0.993m/s>=0.5.
2026-02-01 09:00:00+00:00,2026-01-31 18:00:00+00:00,15.0,3.76,6.4,0.07809444444444442,0.0512131666897139,0.07809444444444442,baseline,turbine_1,2026-02-01 00:00:00+00:00,turbine_1: на 2026-02-01T00:00:00+00:00 проверяемого факта пока нет; overlap_wind_change=0.993m/s>=0.5.
2026-02-01 10:00:00+00:00,2026-01-31 18:00:00+00:00,16.0,3.69,5.9,0.07305555555555555,0.05848993619344356,0.07305555555555555,baseline,turbine_1,2026-02-01 00:00:00+00:00,turbine_1: на 2026-02-01T00:00:00+00:00 проверяемого факта пока нет; overlap_wind_change=0.993m/s>=0.5.
2026-02-01 11:00:00+00:00,2026-01-31 18:00:00+00:00,17.0,4.79,3.8,0.16940000000000002,0.1450803857197113,0.16940000000000002,baseline,turbine_1,2026-02-01 00:00:00+00:00,turbine_1: на 2026-02-01T00:00:00+00:00 проверяемого факта пока нет; overlap_wind_change=0.993m/s>=0.5.
2026-02-01 12:00:00+00:00,2026-01-31 18:00:00+00:00,18.0,4.6,0.6,0.15252777777777776,0.13778505169107397,0.15252777777777776,baseline,turbine_1,2026-02-01 00:00:00+00:00,turbine_1: на 2026-02-01T00:00:00+00:00 проверяемого факта пока нет; overlap_wind_change=0.993m/s>=0.5.
2026-02-01 13:00:00+00:00,2026-01-31 18:00:00+00:00,19.0,4.82,0.4,0.1718666666666667,0.14410323002761816,0.1718666666666667,baseline,turbine_1,2026-02-01 00:00:00+00:00,turbine_1: на 2026-02-01T00:00:00+00:00 проверяемого факта пока нет; overlap_wind_change=0.993m/s>=0.5.
2026-02-01 14:00:00+00:00,2026-01-31 18:00:00+00:00,20.0,4.89,0.4,0.1776222222222222,0.18859127150459915,0.1776222222222222,baseline,turbine_1,2026-02-01 00:00:00+00:00,turbine_1: на 2026-02-01T00:00:00+00:00 проверяемого факта пока нет; overlap_wind_change=0.993m/s>=0.5.
2026-02-01 15:00:00+00:00,2026-01-31 18:00:00+00:00,21.0,4.87,0.2,0.1759777777777778,0.1361502538246799,0.1759777777777778,baseline,turbine_1,2026-02-01 00:00:00+00:00,turbine_1: на 2026-02-01T00:00:00+00:00 проверяемого факта пока нет; overlap_wind_change=0.993m/s>=0.5.
2026-02-01 16:00:00+00:00,2026-01-31 18:00:00+00:00,22.0,4.89,-0.3,0.1776222222222222,0.1218720735900432,0.1776222222222222,baseline,turbine_1,2026-02-01 00:00:00+00:00,turbine_1: на 2026-02-01T00:00:00+00:00 проверяемого факта пока нет; overlap_wind_change=0.993m/s>=0.5.
2026-02-01 17:00:00+00:00,2026-01-31 18:00:00+00:00,23.0,5.0,-0.3,0.18666666666666668,0.1479973058394934,0.18666666666666668,baseline,turbine_1,2026-02-01 00:00:00+00:00,turbine_1: на 2026-02-01T00:00:00+00:00 проверяемого факта пока нет; overlap_wind_change=0.993m/s>=0.5.
2026-02-01 18:00:00+00:00,2026-01-31 18:00:00+00:00,24.0,5.5,-0.3,0.23388888888888892,0.16162126811887598,0.23388888888888892,baseline,turbine_1,2026-02-01 00:00:00+00:00,turbine_1: на 2026-02-01T00:00:00+00:00 проверяемого факта пока нет; overlap_wind_change=0.993m/s>=0.5.
2026-02-01 19:00:00+00:00,2026-01-31 18:00:00+00:00,25.0,6.33,-0.6,0.3877555555555555,0.6084500932312745,0.3877555555555555,baseline,turbine_1,2026-02-01 00:00:00+00:00,turbine_1: на 2026-02-01T00:00:00+00:00 проверяемого факта пока нет; overlap_wind_change=0.993m/s>=0.5.
2026-02-01 20:00:00+00:00,2026-01-31 18:00:00+00:00,26.0,6.65,-0.8,0.45211111111111113,0.5724864921472265,0.45211111111111113,baseline,turbine_1,2026-02-01 00:00:00+00:00,turbine_1: на 2026-02-01T00:00:00+00:00 проверяемого факта пока нет; overlap_wind_change=0.993m/s>=0.5.
2026-02-01 21:00:00+00:00,2026-01-31 18:00:00+00:00,27.0,6.64,-1.1,0.4500999999999999,0.6193890708532597,0.4500999999999999,baseline,turbine_1,2026-02-01 00:00:00+00:00,turbine_1: на 2026-02-01T00:00:00+00:00 проверяемого факта пока нет; overlap_wind_change=0.993m/s>=0.5.
2026-02-01 22:00:00+00:00,2026-01-31 18:00:00+00:00,28.0,6.4,-1.4,0.4018333333333334,0.6352733561324583,0.4018333333333334,baseline,turbine_1,2026-02-01 00:00:00+00:00,turbine_1: на 2026-02-01T00:00:00+00:00 проверяемого факта пока нет; overlap_wind_change=0.993m/s>=0.5.
2026-02-01 23:00:00+00:00,2026-01-31 18:00:00+00:00,29.0,6.42,-1.8,0.4058555555555555,0.6409730752074025,0.4058555555555555,baseline,turbine_1,2026-02-01 00:00:00+00:00,turbine_1: на 2026-02-01T00:00:00+00:00 проверяемого факта пока нет; overlap_wind_change=0.993m/s>=0.5.
2026-02-02 00:00:00+00:00,2026-01-31 18:00:00+00:00,30.0,6.19,-2.2,0.3583333333333334,0.2993856234194596,0.3583333333333334,baseline,turbine_1,2026-02-01 00:00:00+00:00,turbine_1: на 2026-02-01T00:00:00+00:00 проверяемого факта пока нет; overlap_wind_change=0.993m/s>=0.5.
2026-02-02 01:00:00+00:00,2026-01-31 18:00:00+00:00,31.0,6.26,-2.7,0.3736777777777777,0.4252280206510539,0.3736777777777777,baseline,turbine_1,2026-02-01 00:00:00+00:00,turbine_1: на 2026-02-01T00:00:00+00:00 проверяемого факта пока нет; overlap_wind_change=0.993m/s>=0.5.
2026-02-02 02:00:00+00:00,2026-01-31 18:00:00+00:00,32.0,6.69,-3.0,0.4601555555555556,0.6473183018277389,0.4601555555555556,baseline,turbine_1,2026-02-01 00:00:00+00:00,turbine_1: на 2026-02-01T00:00:00+00:00 проверяемого факта пока нет; overlap_wind_change=0.993m/s>=0.5.
2026-02-02 03:00:00+00:00,2026-01-31 18:00:00+00:00,33.0,6.62,-1.7,0.44607777777777774,0.6729779842007962,0.44607777777777774,baseline,turbine_1,2026-02-01 00:00:00+00:00,turbine_1: на 2026-02-01T00:00:00+00:00 проверяемого факта пока нет; overlap_wind_change=0.993m/s>=0.5.
2026-02-02 04:00:00+00:00,2026-01-31 18:00:00+00:00,34.0,7.49,1.9,0.6175222222222222,0.6406242098266235,0.6175222222222222,baseline,turbine_1,2026-02-01 00:00:00+00:00,turbine_1: на 2026-02-01T00:00:00+00:00 проверяемого факта пока нет; overlap_wind_change=0.993m/s>=0.5.
2026-02-02 05:00:00+00:00,2026-01-31 18:00:00+00:00,35.0,6.85,4.6,0.49538888888888877,0.53843390591921,0.49538888888888877,baseline,turbine_1,2026-02-01 00:00:00+00:00,turbine_1: на 2026-02-01T00:00:00+00:00 проверяемого факта пока нет; overlap_wind_change=0.993m/s>=0.5.
2026-02-02 06:00:00+00:00,2026-01-31 18:00:00+00:00,36.0,7.75,6.4,0.6494444444444444,0.7573564859172349,0.6494444444444444,baseline,turbine_1,2026-02-01 00:00:00+00:00,turbine_1: на 2026-02-01T00:00:00+00:00 проверяемого факта пока нет; overlap_wind_change=0.993m/s>=0.5.
2026-02-02 07:00:00+00:00,2026-01-31 18:00:00+00:00,37.0,8.67,7.5,0.8446111111111111,0.7850342906157451,0.8446111111111111,baseline,turbine_1,2026-02-01 00:00:00+00:00,turbine_1: на 2026-02-01T00:00:00+00:00 проверяемого факта пока нет; overlap_wind_change=0.993m/s>=0.5.
2026-02-02 08:00:00+00:00,2026-01-31 18:00:00+00:00,38.0,9.77,8.4,0.9808777777777777,0.8548894960488137,0.9808777777777777,baseline,turbine_1,2026-02-01 00:00:00+00:00,turbine_1: на 2026-02-01T00:00:00+00:00 проверяемого факта пока нет; overlap_wind_change=0.993m/s>=0.5.
2026-02-02 09:00:00+00:00,2026-01-31 18:00:00+00:00,39.0,9.42,8.3,0.96305,0.8237874791183234,0.96305,baseline,turbine_1,2026-02-01 00:00:00+00:00,turbine_1: на 2026-02-01T00:00:00+00:00 проверяемого факта пока нет; overlap_wind_change=0.993m/s>=0.5.
2026-02-02 10:00:00+00:00,2026-01-31 18:00:00+00:00,40.0,7.88,7.7,0.6795611111111111,0.7046861122012731,0.6795611111111111,baseline,turbine_1,2026-02-01 00:00:00+00:00,turbine_1: на 2026-02-01T00:00:00+00:00 проверяемого факта пока нет; overlap_wind_change=0.993m/s>=0.5.
2026-02-02 11:00:00+00:00,2026-01-31 18:00:00+00:00,41.0,7.2,5.7,0.5764722222222223,0.630563941414049,0.5764722222222223,baseline,turbine_1,2026-02-01 00:00:00+00:00,turbine_1: на 2026-02-01T00:00:00+00:00 проверяемого факта пока нет; overlap_wind_change=0.993m/s>=0.5.
2026-02-02 12:00:00+00:00,2026-01-31 18:00:00+00:00,42.0,4.97,2.2,0.1842,0.22085999320599908,0.1842,baseline,turbine_1,2026-02-01 00:00:00+00:00,turbine_1: на 2026-02-01T00:00:00+00:00 проверяемого факта пока нет; overlap_wind_change=0.993m/s>=0.5.
2026-02-02 13:00:00+00:00,2026-01-31 18:00:00+00:00,43.0,2.49,1.0,0.027611111111111118,0.04135839556623705,0.027611111111111118,baseline,turbine_1,2026-02-01 00:00:00+00:00,turbine_1: на 2026-02-01T00:00:00+00:00 проверяемого факта пока нет; overlap_wind_change=0.993m/s>=0.5.
2026-02-02 14:00:00+00:00,2026-01-31 18:00:00+00:00,44.0,1.65,0.4,0.01588888888888889,0.0,0.01588888888888889,baseline,turbine_1,2026-02-01 00:00:00+00:00,turbine_1: на 2026-02-01T00:00:00+00:00 проверяемого факта пока нет; overlap_wind_change=0.993m/s>=0.5.
2026-02-02 15:00:00+00:00,2026-01-31 18:00:00+00:00,45.0,2.57,0.0,0.028944444444444443,0.016315926019096105,0.028944444444444443,baseline,turbine_1,2026-02-01 00:00:00+00:00,turbine_1: на 2026-02-01T00:00:00+00:00 проверяемого факта пока нет; overlap_wind_change=0.993m/s>=0.5.
2026-02-02 16:00:00+00:00,2026-01-31 18:00:00+00:00,46.0,3.59,-0.2,0.0661111111111111,0.0,0.0661111111111111,baseline,turbine_1,2026-02-01 00:00:00+00:00,turbine_1: на 2026-02-01T00:00:00+00:00 проверяемого факта пока нет; overlap_wind_change=0.993m/s>=0.5.
2026-02-02 17:00:00+00:00,2026-01-31 18:00:00+00:00,47.0,3.01,0.2,0.03743333333333333,0.016626010939721794,0.03743333333333333,baseline,turbine_1,2026-02-01 00:00:00+00:00,turbine_1: на 2026-02-01T00:00:00+00:00 проверяемого факта пока нет; overlap_wind_change=0.993m/s>=0.5.
2026-02-02 18:00:00+00:00,2026-01-31 18:00:00+00:00,48.0,2.6,-0.3,0.02944444444444445,0.0,0.02944444444444445,baseline,turbine_1,2026-02-01 00:00:00+00:00,turbine_1: на 2026-02-01T00:00:00+00:00 проверяемого факта пока нет; overlap_wind_change=0.993m/s>=0.5.
2026-02-02 19:00:00+00:00,2026-01-31 18:00:00+00:00,49.0,3.89,0.1,0.08943333333333334,0.0011195632629132427,0.08943333333333334,baseline,turbine_1,2026-02-01 00:00:00+00:00,turbine_1: на 2026-02-01T00:00:00+00:00 проверяемого факта пока нет; overlap_wind_change=0.993m/s>=0.5.
2026-02-02 20:00:00+00:00,2026-01-31 18:00:00+00:00,50.0,5.41,0.5,0.22428888888888893,0.15808861650383513,0.22428888888888893,baseline,turbine_1,2026-02-01 00:00:00+00:00,turbine_1: на 2026-02-01T00:00:00+00:00 проверяемого факта пока нет; overlap_wind_change=0.993m/s>=0.5.
2026-02-02 21:00:00+00:00,2026-01-31 18:00:00+00:00,51.0,5.46,-0.7,0.22962222222222223,0.16203505020427603,0.22962222222222223,baseline,turbine_1,2026-02-01 00:00:00+00:00,turbine_1: на 2026-02-01T00:00:00+00:00 проверяемого факта пока нет; overlap_wind_change=0.993m/s>=0.5.
2026-02-02 22:00:00+00:00,2026-01-31 18:00:00+00:00,52.0,5.07,-1.3,0.19242222222222224,0.11392639225231495,0.19242222222222224,baseline,turbine_1,2026-02-01 00:00:00+00:00,turbine_1: на 2026-02-01T00:00:00+00:00 проверяемого факта пока нет; overlap_wind_change=0.993m/s>=0.5.
2026-02-02 23:00:00+00:00,2026-01-31 18:00:00+00:00,53.0,4.57,-1.7,0.14981111111111114,0.06795380327696547,0.14981111111111114,baseline,turbine_1,2026-02-01 00:00:00+00:00,turbine_1: на 2026-02-01T00:00:00+00:00 проверяемого факта пока нет; overlap_wind_change=0.993m/s>=0.5.
2026-02-03 00:00:00+00:00,2026-01-31 18:00:00+00:00,54.0,4.79,-1.7,0.16940000000000002,0.0621145917277273,0.16940000000000002,baseline,turbine_1,2026-02-01 00:00:00+00:00,turbine_1: на 2026-02-01T00:00:00+00:00 проверяемого факта пока нет; overlap_wind_change=0.993m/s>=0.5.
2026-02-01 01:00:00+00:00,2026-01-31 18:00:00+00:00,7.0,4.31,-2.7,0.11114444444444442,0.01829667358912453,0.11114444444444442,baseline,turbine_2,2026-02-01 00:00:00+00:00,turbine_2: на 2026-02-01T00:00:00+00:00 проверяемого факта пока нет; overlap_wind_change=0.993m/s>=0.5.
2026-02-01 02:00:00+00:00,2026-01-31 18:00:00+00:00,8.0,4.88,-2.6,0.15925,0.11701707897254264,0.15925,baseline,turbine_2,2026-02-01 00:00:00+00:00,turbine_2: на 2026-02-01T00:00:00+00:00 проверяемого факта пока нет; overlap_wind_change=0.993m/s>=0.5.
2026-02-01 03:00:00+00:00,2026-01-31 18:00:00+00:00,9.0,5.21,-1.3,0.18766666666666665,0.16396582671630278,0.18766666666666665,baseline,turbine_2,2026-02-01 00:00:00+00:00,turbine_2: на 2026-02-01T00:00:00+00:00 проверяемого факта пока нет; overlap_wind_change=0.993m/s>=0.5.
2026-02-01 04:00:00+00:00,2026-01-31 18:00:00+00:00,10.0,5.99,0.4,0.3126333333333334,0.276421571009714,0.3126333333333334,baseline,turbine_2,2026-02-01 00:00:00+00:00,turbine_2: на 2026-02-01T00:00:00+00:00 проверяемого факта пока нет; overlap_wind_change=0.993m/s>=0.5.
2026-02-01 05:00:00+00:00,2026-01-31 18:00:00+00:00,11.0,4.72,2.3,0.14553888888888888,0.07410192171796456,0.14553888888888888,baseline,turbine_2,2026-02-01 00:00:00+00:00,turbine_2: на 2026-02-01T00:00:00+00:00 проверяемого факта пока нет; overlap_wind_change=0.993m/s>=0.5.
2026-02-01 06:00:00+00:00,2026-01-31 18:00:00+00:00,12.0,3.46,3.5,0.04967222222222222,0.009503146638632904,0.04967222222222222,baseline,turbine_2,2026-02-01 00:00:00+00:00,turbine_2: на 2026-02-01T00:00:00+00:00 проверяемого факта пока нет; overlap_wind_change=0.993m/s>=0.5.
2026-02-01 07:00:00+00:00,2026-01-31 18:00:00+00:00,13.0,2.82,4.5,0.02743333333333333,0.0,0.02743333333333333,baseline,turbine_2,2026-02-01 00:00:00+00:00,turbine_2: на 2026-02-01T00:00:00+00:00 проверяемого факта пока нет; overlap_wind_change=0.993m/s>=0.5.
2026-02-01 08:00:00+00:00,2026-01-31 18:00:00+00:00,14.0,3.06,5.9,0.03196666666666667,0.03282977289386141,0.03196666666666667,baseline,turbine_2,2026-02-01 00:00:00+00:00,turbine_2: на 2026-02-01T00:00:00+00:00 проверяемого факта пока нет; overlap_wind_change=0.993m/s>=0.5.
2026-02-01 09:00:00+00:00,2026-01-31 18:00:00+00:00,15.0,3.76,6.4,0.06990555555555554,0.06460958011472086,0.06990555555555554,baseline,turbine_2,2026-02-01 00:00:00+00:00,turbine_2: на 2026-02-01T00:00:00+00:00 проверяемого факта пока нет; overlap_wind_change=0.993m/s>=0.5.
2026-02-01 10:00:00+00:00,2026-01-31 18:00:00+00:00,16.0,3.69,5.9,0.06513333333333333,0.07589985203246515,0.06513333333333333,baseline,turbine_2,2026-02-01 00:00:00+00:00,turbine_2: на 2026-02-01T00:00:00+00:00 проверяемого факта пока нет; overlap_wind_change=0.993m/s>=0.5.
2026-02-01 11:00:00+00:00,2026-01-31 18:00:00+00:00,17.0,4.79,3.8,0.15150000000000002,0.1901872966055717,0.15150000000000002,baseline,turbine_2,2026-02-01 00:00:00+00:00,turbine_2: на 2026-02-01T00:00:00+00:00 проверяемого факта пока нет; overlap_wind_change=0.993m/s>=0.5.
2026-02-01 12:00:00+00:00,2026-01-31 18:00:00+00:00,18.0,4.6,0.6,0.13547222222222222,0.14226533460362015,0.13547222222222222,baseline,turbine_2,2026-02-01 00:00:00+00:00,turbine_2: на 2026-02-01T00:00:00+00:00 проверяемого факта пока нет; overlap_wind_change=0.993m/s>=0.5.
2026-02-01 13:00:00+00:00,2026-01-31 18:00:00+00:00,19.0,4.82,0.4,0.15408333333333338,0.14226533460362015,0.15408333333333338,baseline,turbine_2,2026-02-01 00:00:00+00:00,turbine_2: на 2026-02-01T00:00:00+00:00 проверяемого факта пока нет; overlap_wind_change=0.993m/s>=0.5.
2026-02-01 14:00:00+00:00,2026-01-31 18:00:00+00:00,20.0,4.89,0.4,0.1601111111111111,0.21695158362118164,0.1601111111111111,baseline,turbine_2,2026-02-01 00:00:00+00:00,turbine_2: на 2026-02-01T00:00:00+00:00 проверяемого факта пока нет; overlap_wind_change=0.993m/s>=0.5.
2026-02-01 15:00:00+00:00,2026-01-31 18:00:00+00:00,21.0,4.87,0.2,0.1583888888888889,0.15393837075725694,0.1583888888888889,baseline,turbine_2,2026-02-01 00:00:00+00:00,turbine_2: на 2026-02-01T00:00:00+00:00 проверяемого факта пока нет; overlap_wind_change=0.993m/s>=0.5.
2026-02-01 16:00:00+00:00,2026-01-31 18:00:00+00:00,22.0,4.89,-0.3,0.1601111111111111,0.12533648964945218,0.1601111111111111,baseline,turbine_2,2026-02-01 00:00:00+00:00,turbine_2: на 2026-02-01T00:00:00+00:00 проверяемого факта пока нет; overlap_wind_change=0.993m/s>=0.5.
2026-02-01 17:00:00+00:00,2026-01-31 18:00:00+00:00,23.0,5.0,-0.3,0.16958333333333334,0.146116905790861,0.16958333333333334,baseline,turbine_2,2026-02-01 00:00:00+00:00,turbine_2: на 2026-02-01T00:00:00+00:00 проверяемого факта пока нет; overlap_wind_change=0.993m/s>=0.5.
2026-02-01 18:00:00+00:00,2026-01-31 18:00:00+00:00,24.0,5.5,-0.3,0.2251388888888889,0.18898976076629195,0.2251388888888889,baseline,turbine_2,2026-02-01 00:00:00+00:00,turbine_2: на 2026-02-01T00:00:00+00:00 проверяемого факта пока нет; overlap_wind_change=0.993m/s>=0.5.
2026-02-01 19:00:00+00:00,2026-01-31 18:00:00+00:00,25.0,6.33,-0.6,0.3852222222222222,0.6051095159210976,0.3852222222222222,baseline,turbine_2,2026-02-01 00:00:00+00:00,turbine_2: на 2026-02-01T00:00:00+00:00 проверяемого факта пока нет; overlap_wind_change=0.993m/s>=0.5.
2026-02-01 20:00:00+00:00,2026-01-31 18:00:00+00:00,26.0,6.65,-0.8,0.4438888888888889,0.4878932307753458,0.4438888888888889,baseline,turbine_2,2026-02-01 00:00:00+00:00,turbine_2: на 2026-02-01T00:00:00+00:00 проверяемого факта пока нет; overlap_wind_change=0.993m/s>=0.5.
2026-02-01 21:00:00+00:00,2026-01-31 18:00:00+00:00,27.0,6.64,-1.1,0.4420555555555554,0.487917242770745,0.4420555555555554,baseline,turbine_2,2026-02-01 00:00:00+00:00,turbine_2: на 2026-02-01T00:00:00+00:00 проверяемого факта пока нет; overlap_wind_change=0.993m/s>=0.5.
2026-02-01 22:00:00+00:00,2026-01-31 18:00:00+00:00,28.0,6.4,-1.4,0.39805555555555555,0.5320292911946024,0.39805555555555555,baseline,turbine_2,2026-02-01 00:00:00+00:00,turbine_2: на 2026-02-01T00:00:00+00:00 проверяемого факта пока нет; overlap_wind_change=0.993m/s>=0.5.
2026-02-01 23:00:00+00:00,2026-01-31 18:00:00+00:00,29.0,6.42,-1.8,0.40172222222222215,0.49133226361554205,0.40172222222222215,baseline,turbine_2,2026-02-01 00:00:00+00:00,turbine_2: на 2026-02-01T00:00:00+00:00 проверяемого факта пока нет; overlap_wind_change=0.993m/s>=0.5.
2026-02-02 00:00:00+00:00,2026-01-31 18:00:00+00:00,30.0,6.19,-2.2,0.35718888888888894,0.34961658548580654,0.35718888888888894,baseline,turbine_2,2026-02-01 00:00:00+00:00,turbine_2: на 2026-02-01T00:00:00+00:00 проверяемого факта пока нет; overlap_wind_change=0.993m/s>=0.5.
2026-02-02 01:00:00+00:00,2026-01-31 18:00:00+00:00,31.0,6.26,-2.7,0.3723888888888888,0.4172248685036848,0.3723888888888888,baseline,turbine_2,2026-02-01 00:00:00+00:00,turbine_2: на 2026-02-01T00:00:00+00:00 проверяемого факта пока нет; overlap_wind_change=0.993m/s>=0.5.
2026-02-02 02:00:00+00:00,2026-01-31 18:00:00+00:00,32.0,6.69,-3.0,0.45122222222222225,0.5025415642041546,0.45122222222222225,baseline,turbine_2,2026-02-01 00:00:00+00:00,turbine_2: на 2026-02-01T00:00:00+00:00 проверяемого факта пока нет; overlap_wind_change=0.993m/s>=0.5.
2026-02-02 03:00:00+00:00,2026-01-31 18:00:00+00:00,33.0,6.62,-1.7,0.43838888888888883,0.512025355878435,0.43838888888888883,baseline,turbine_2,2026-02-01 00:00:00+00:00,turbine_2: на 2026-02-01T00:00:00+00:00 проверяемого факта пока нет; overlap_wind_change=0.993m/s>=0.5.
2026-02-02 04:00:00+00:00,2026-01-31 18:00:00+00:00,34.0,7.49,1.9,0.6199111111111111,0.6453861056554184,0.6199111111111111,baseline,turbine_2,2026-02-01 00:00:00+00:00,turbine_2: на 2026-02-01T00:00:00+00:00 проверяемого факта пока нет; overlap_wind_change=0.993m/s>=0.5.
2026-02-02 05:00:00+00:00,2026-01-31 18:00:00+00:00,35.0,6.85,4.6,0.4879999999999998,0.49300436615811516,0.4879999999999998,baseline,turbine_2,2026-02-01 00:00:00+00:00,turbine_2: на 2026-02-01T00:00:00+00:00 проверяемого факта пока нет; overlap_wind_change=0.993m/s>=0.5.
2026-02-02 06:00:00+00:00,2026-01-31 18:00:00+00:00,36.0,7.75,6.4,0.6511111111111111,0.7080738994542917,0.6511111111111111,baseline,turbine_2,2026-02-01 00:00:00+00:00,turbine_2: на 2026-02-01T00:00:00+00:00 проверяемого факта пока нет; overlap_wind_change=0.993m/s>=0.5.
2026-02-02 07:00:00+00:00,2026-01-31 18:00:00+00:00,37.0,8.67,7.5,0.8374444444444443,0.8632371740367156,0.8374444444444443,baseline,turbine_2,2026-02-01 00:00:00+00:00,turbine_2: на 2026-02-01T00:00:00+00:00 проверяемого факта пока нет; overlap_wind_change=0.993m/s>=0.5.
2026-02-02 08:00:00+00:00,2026-01-31 18:00:00+00:00,38.0,9.77,8.4,0.9688111111111111,0.914623204023491,0.9688111111111111,baseline,turbine_2,2026-02-01 00:00:00+00:00,turbine_2: на 2026-02-01T00:00:00+00:00 проверяемого факта пока нет; overlap_wind_change=0.993m/s>=0.5.
2026-02-02 09:00:00+00:00,2026-01-31 18:00:00+00:00,39.0,9.42,8.3,0.9528444444444444,0.864262018936377,0.9528444444444444,baseline,turbine_2,2026-02-01 00:00:00+00:00,turbine_2: на 2026-02-01T00:00:00+00:00 проверяемого факта пока нет; overlap_wind_change=0.993m/s>=0.5.
2026-02-02 10:00:00+00:00,2026-01-31 18:00:00+00:00,40.0,7.88,7.7,0.6831777777777777,0.7525022756454357,0.6831777777777777,baseline,turbine_2,2026-02-01 00:00:00+00:00,turbine_2: на 2026-02-01T00:00:00+00:00 проверяемого факта пока нет; overlap_wind_change=0.993m/s>=0.5.
2026-02-02 11:00:00+00:00,2026-01-31 18:00:00+00:00,41.0,7.2,5.7,0.5782222222222222,0.6324566389930286,0.5782222222222222,baseline,turbine_2,2026-02-01 00:00:00+00:00,turbine_2: на 2026-02-01T00:00:00+00:00 проверяемого факта пока нет; overlap_wind_change=0.993m/s>=0.5.
2026-02-02 12:00:00+00:00,2026-01-31 18:00:00+00:00,42.0,4.97,2.2,0.16699999999999998,0.24323118105978467,0.16699999999999998,baseline,turbine_2,2026-02-01 00:00:00+00:00,turbine_2: на 2026-02-01T00:00:00+00:00 проверяемого факта пока нет; overlap_wind_change=0.993m/s>=0.5.
2026-02-02 13:00:00+00:00,2026-01-31 18:00:00+00:00,43.0,2.49,1.0,0.023511111111111115,0.0029751116324691416,0.023511111111111115,baseline,turbine_2,2026-02-01 00:00:00+00:00,turbine_2: на 2026-02-01T00:00:00+00:00 проверяемого факта пока нет; overlap_wind_change=0.993m/s>=0.5.
2026-02-02 14:00:00+00:00,2026-01-31 18:00:00+00:00,44.0,1.65,0.4,0.01522222222222222,0.0,0.01522222222222222,baseline,turbine_2,2026-02-01 00:00:00+00:00,turbine_2: на 2026-02-01T00:00:00+00:00 проверяемого факта пока нет; overlap_wind_change=0.993m/s>=0.5.
2026-02-02 15:00:00+00:00,2026-01-31 18:00:00+00:00,45.0,2.57,0.0,0.02431111111111111,0.0,0.02431111111111111,baseline,turbine_2,2026-02-01 00:00:00+00:00,turbine_2: на 2026-02-01T00:00:00+00:00 проверяемого факта пока нет; overlap_wind_change=0.993m/s>=0.5.
2026-02-02 16:00:00+00:00,2026-01-31 18:00:00+00:00,46.0,3.59,-0.2,0.0584111111111111,0.0,0.0584111111111111,baseline,turbine_2,2026-02-01 00:00:00+00:00,turbine_2: на 2026-02-01T00:00:00+00:00 проверяемого факта пока нет; overlap_wind_change=0.993m/s>=0.5.
2026-02-02 17:00:00+00:00,2026-01-31 18:00:00+00:00,47.0,3.01,0.2,0.03102222222222222,0.0,0.03102222222222222,baseline,turbine_2,2026-02-01 00:00:00+00:00,turbine_2: на 2026-02-01T00:00:00+00:00 проверяемого факта пока нет; overlap_wind_change=0.993m/s>=0.5.
2026-02-02 18:00:00+00:00,2026-01-31 18:00:00+00:00,48.0,2.6,-0.3,0.024611111111111115,0.0,0.024611111111111115,baseline,turbine_2,2026-02-01 00:00:00+00:00,turbine_2: на 2026-02-01T00:00:00+00:00 проверяемого факта пока нет; overlap_wind_change=0.993m/s>=0.5.
2026-02-02 19:00:00+00:00,2026-01-31 18:00:00+00:00,49.0,3.89,0.1,0.07951111111111112,0.0,0.07951111111111112,baseline,turbine_2,2026-02-01 00:00:00+00:00,turbine_2: на 2026-02-01T00:00:00+00:00 проверяемого факта пока нет; overlap_wind_change=0.993m/s>=0.5.
2026-02-02 20:00:00+00:00,2026-01-31 18:00:00+00:00,50.0,5.41,0.5,0.2128888888888889,0.15384926080602165,0.2128888888888889,baseline,turbine_2,2026-02-01 00:00:00+00:00,turbine_2: на 2026-02-01T00:00:00+00:00 проверяемого факта пока нет; overlap_wind_change=0.993m/s>=0.5.
2026-02-02 21:00:00+00:00,2026-01-31 18:00:00+00:00,51.0,5.46,-0.7,0.21969444444444444,0.14799025506551372,0.21969444444444444,baseline,turbine_2,2026-02-01 00:00:00+00:00,turbine_2: на 2026-02-01T00:00:00+00:00 проверяемого факта пока нет; overlap_wind_change=0.993m/s>=0.5.
2026-02-02 22:00:00+00:00,2026-01-31 18:00:00+00:00,52.0,5.07,-1.3,0.17561111111111113,0.11634907417453752,0.17561111111111113,baseline,turbine_2,2026-02-01 00:00:00+00:00,turbine_2: на 2026-02-01T00:00:00+00:00 проверяемого факта пока нет; overlap_wind_change=0.993m/s>=0.5.
2026-02-02 23:00:00+00:00,2026-01-31 18:00:00+00:00,53.0,4.57,-1.7,0.1329555555555556,0.06361950187103639,0.1329555555555556,baseline,turbine_2,2026-02-01 00:00:00+00:00,turbine_2: на 2026-02-01T00:00:00+00:00 проверяемого факта пока нет; overlap_wind_change=0.993m/s>=0.5.
2026-02-03 00:00:00+00:00,2026-01-31 18:00:00+00:00,54.0,4.79,-1.7,0.15150000000000002,0.08100195139271896,0.15150000000000002,baseline,turbine_2,2026-02-01 00:00:00+00:00,turbine_2: на 2026-02-01T00:00:00+00:00 проверяемого факта пока нет; overlap_wind_change=0.993m/s>=0.5.
2026-02-02 01:00:00+00:00,2026-02-01 18:00:00+00:00,7.0,7.02,-2.6,0.5347722222222221,0.5100275613955981,0.5347722222222221,baseline,turbine_1,2026-02-02 00:00:00+00:00,turbine_1: на 2026-02-02T00:00:00+00:00 проверяемого факта пока нет; overlap_wind_change=0.927m/s>=0.5.
2026-02-02 02:00:00+00:00,2026-02-01 18:00:00+00:00,8.0,7.11,-2.9,0.5556222222222222,0.5117036146932922,0.5556222222222222,baseline,turbine_1,2026-02-02 00:00:00+00:00,turbine_1: на 2026-02-02T00:00:00+00:00 проверяемого факта пока нет; overlap_wind_change=0.927m/s>=0.5.
2026-02-02 03:00:00+00:00,2026-02-01 18:00:00+00:00,9.0,7.45,-1.6,0.6126111111111111,0.5569187838026463,0.6126111111111111,baseline,turbine_1,2026-02-02 00:00:00+00:00,turbine_1: на 2026-02-02T00:00:00+00:00 проверяемого факта пока нет; overlap_wind_change=0.927m/s>=0.5.
2026-02-02 04:00:00+00:00,2026-02-01 18:00:00+00:00,10.0,8.52,1.7,0.8162777777777777,0.6961234560001923,0.8162777777777777,baseline,turbine_1,2026-02-02 00:00:00+00:00,turbine_1: на 2026-02-02T00:00:00+00:00 проверяемого факта пока нет; overlap_wind_change=0.927m/s>=0.5.
2026-02-02 05:00:00+00:00,2026-02-01 18:00:00+00:00,11.0,7.57,4.2,0.6273444444444445,0.5155002845218568,0.6273444444444445,baseline,turbine_1,2026-02-02 00:00:00+00:00,turbine_1: на 2026-02-02T00:00:00+00:00 проверяемого факта пока нет; overlap_wind_change=0.927m/s>=0.5.
2026-02-02 06:00:00+00:00,2026-02-01 18:00:00+00:00,12.0,8.32,5.9,0.7785000000000001,0.5953616027175395,0.7785000000000001,baseline,turbine_1,2026-02-02 00:00:00+00:00,turbine_1: на 2026-02-02T00:00:00+00:00 проверяемого факта пока нет; overlap_wind_change=0.927m/s>=0.5.
2026-02-02 07:00:00+00:00,2026-02-01 18:00:00+00:00,13.0,8.93,7.1,0.8936222222222221,0.8000863175471856,0.8936222222222221,baseline,turbine_1,2026-02-02 00:00:00+00:00,turbine_1: на 2026-02-02T00:00:00+00:00 проверяемого факта пока нет; overlap_wind_change=0.927m/s>=0.5.
2026-02-02 08:00:00+00:00,2026-02-01 18:00:00+00:00,14.0,9.63,7.9,0.9743666666666667,0.864160194134802,0.9743666666666667,baseline,turbine_1,2026-02-02 00:00:00+00:00,turbine_1: на 2026-02-02T00:00:00+00:00 проверяемого факта пока нет; overlap_wind_change=0.927m/s>=0.5.
2026-02-02 09:00:00+00:00,2026-02-01 18:00:00+00:00,15.0,9.31,8.1,0.9571222222222222,0.8330581772043117,0.9571222222222222,baseline,turbine_1,2026-02-02 00:00:00+00:00,turbine_1: на 2026-02-02T00:00:00+00:00 проверяемого факта пока нет; overlap_wind_change=0.927m/s>=0.5.
2026-02-02 10:00:00+00:00,2026-02-01 18:00:00+00:00,16.0,8.63,7.6,0.8370555555555557,0.7446747902274199,0.8370555555555557,baseline,turbine_1,2026-02-02 00:00:00+00:00,turbine_1: на 2026-02-02T00:00:00+00:00 проверяемого факта пока нет; overlap_wind_change=0.927m/s>=0.5.
2026-02-02 11:00:00+00:00,2026-02-01 18:00:00+00:00,17.0,8.23,5.7,0.7606444444444446,0.5684957147664967,0.7606444444444446,baseline,turbine_1,2026-02-02 00:00:00+00:00,turbine_1: на 2026-02-02T00:00:00+00:00 проверяемого факта пока нет; overlap_wind_change=0.927m/s>=0.5.
2026-02-02 12:00:00+00:00,2026-02-01 18:00:00+00:00,18.0,6.72,2.6,0.46618888888888876,0.6687841278725745,0.46618888888888876,baseline,turbine_1,2026-02-02 00:00:00+00:00,turbine_1: на 2026-02-02T00:00:00+00:00 проверяемого факта пока нет; overlap_wind_change=0.927m/s>=0.5.
2026-02-02 13:00:00+00:00,2026-02-01 18:00:00+00:00,19.0,4.7,0.6,0.16158333333333336,0.32820033402017323,0.16158333333333336,baseline,turbine_1,2026-02-02 00:00:00+00:00,turbine_1: на 2026-02-02T00:00:00+00:00 проверяемого факта пока нет; overlap_wind_change=0.927m/s>=0.5.
2026-02-02 14:00:00+00:00,2026-02-01 18:00:00+00:00,20.0,1.97,-0.7,0.01941111111111111,0.04536153708824499,0.01941111111111111,baseline,turbine_1,2026-02-02 00:00:00+00:00,turbine_1: на 2026-02-02T00:00:00+00:00 проверяемого факта пока нет; overlap_wind_change=0.927m/s>=0.5.
2026-02-02 15:00:00+00:00,2026-02-01 18:00:00+00:00,21.0,1.63,-1.0,0.015844444444444446,0.1102667301538743,0.015844444444444446,baseline,turbine_1,2026-02-02 00:00:00+00:00,turbine_1: на 2026-02-02T00:00:00+00:00 проверяемого факта пока нет; overlap_wind_change=0.927m/s>=0.5.
2026-02-02 16:00:00+00:00,2026-02-01 18:00:00+00:00,22.0,2.25,-1.1,0.02361111111111111,0.07605570403228969,0.02361111111111111,baseline,turbine_1,2026-02-02 00:00:00+00:00,turbine_1: на 2026-02-02T00:00:00+00:00 проверяемого факта пока нет; overlap_wind_change=0.927m/s>=0.5.
2026-02-02 17:00:00+00:00,2026-02-01 18:00:00+00:00,23.0,2.91,-0.9,0.03532222222222223,0.09269426526906287,0.03532222222222223,baseline,turbine_1,2026-02-02 00:00:00+00:00,turbine_1: на 2026-02-02T00:00:00+00:00 проверяемого факта пока нет; overlap_wind_change=0.927m/s>=0.5.
2026-02-02 18:00:00+00:00,2026-02-01 18:00:00+00:00,24.0,3.97,-0.8,0.09641111111111113,0.14654025321331673,0.09641111111111113,baseline,turbine_1,2026-02-02 00:00:00+00:00,turbine_1: на 2026-02-02T00:00:00+00:00 проверяемого факта пока нет; overlap_wind_change=0.927m/s>=0.5.
2026-02-02 19:00:00+00:00,2026-02-01 18:00:00+00:00,25.0,5.19,-0.8,0.20228888888888893,0.3088632698945556,0.20228888888888893,baseline,turbine_1,2026-02-02 00:00:00+00:00,turbine_1: на 2026-02-02T00:00:00+00:00 проверяемого факта пока нет; overlap_wind_change=0.927m/s>=0.5.
2026-02-02 20:00:00+00:00,2026-02-01 18:00:00+00:00,26.0,6.05,-0.8,0.3272222222222222,0.45869242016028605,0.3272222222222222,baseline,turbine_1,2026-02-02 00:00:00+00:00,turbine_1: на 2026-02-02T00:00:00+00:00 проверяемого факта пока нет; overlap_wind_change=0.927m/s>=0.5.
2026-02-02 21:00:00+00:00,2026-02-01 18:00:00+00:00,27.0,6.47,-1.0,0.415911111111111,0.6840425659836862,0.415911111111111,baseline,turbine_1,2026-02-02 00:00:00+00:00,turbine_1: на 2026-02-02T00:00:00+00:00 проверяемого факта пока нет; overlap_wind_change=0.927m/s>=0.5.
2026-02-02 22:00:00+00:00,2026-02-01 18:00:00+00:00,28.0,6.52,-1.6,0.42596666666666655,0.6864829790542014,0.42596666666666655,baseline,turbine_1,2026-02-02 00:00:00+00:00,turbine_1: на 2026-02-02T00:00:00+00:00 проверяемого факта пока нет; overlap_wind_change=0.927m/s>=0.5.
2026-02-02 23:00:00+00:00,2026-02-01 18:00:00+00:00,29.0,6.53,-1.7,0.4279777777777778,0.6813245766813363,0.4279777777777778,baseline,turbine_1,2026-02-02 00:00:00+00:00,turbine_1: на 2026-02-02T00:00:00+00:00 проверяемого факта пока нет; overlap_wind_change=0.927m/s>=0.5.
2026-02-03 00:00:00+00:00,2026-02-01 18:00:00+00:00,30.0,6.02,-1.9,0.3205555555555555,0.4970932064395979,0.3205555555555555,baseline,turbine_1,2026-02-02 00:00:00+00:00,turbine_1: на 2026-02-02T00:00:00+00:00 проверяемого факта пока нет; overlap_wind_change=0.927m/s>=0.5.
2026-02-03 01:00:00+00:00,2026-02-01 18:00:00+00:00,31.0,5.51,-2.3,0.23495555555555556,0.3789988056673504,0.23495555555555556,baseline,turbine_1,2026-02-02 00:00:00+00:00,turbine_1: на 2026-02-02T00:00:00+00:00 проверяемого факта пока нет; overlap_wind_change=0.927m/s>=0.5.
2026-02-03 02:00:00+00:00,2026-02-01 18:00:00+00:00,32.0,5.24,-2.8,0.20640000000000003,0.3478939067139438,0.20640000000000003,baseline,turbine_1,2026-02-02 00:00:00+00:00,turbine_1: на 2026-02-02T00:00:00+00:00 проверяемого факта пока нет; overlap_wind_change=0.927m/s>=0.5.
2026-02-03 03:00:00+00:00,2026-02-01 18:00:00+00:00,33.0,2.89,-1.0,0.03490000000000001,0.13624285068667455,0.03490000000000001,baseline,turbine_1,2026-02-02 00:00:00+00:00,turbine_1: на 2026-02-02T00:00:00+00:00 проверяемого факта пока нет; overlap_wind_change=0.927m/s>=0.5.
2026-02-03 04:00:00+00:00,2026-02-01 18:00:00+00:00,34.0,1.06,2.2,0.0131,0.09335849624215617,0.0131,baseline,turbine_1,2026-02-02 00:00:00+00:00,turbine_1: на 2026-02-02T00:00:00+00:00 проверяемого факта пока нет; overlap_wind_change=0.927m/s>=0.5.
2026-02-03 05:00:00+00:00,2026-02-01 18:00:00+00:00,35.0,3.31,4.7,0.046666666666666676,0.13693041527053926,0.046666666666666676,baseline,turbine_1,2026-02-02 00:00:00+00:00,turbine_1: на 2026-02-02T00:00:00+00:00 проверяемого факта пока нет; overlap_wind_change=0.927m/s>=0.5.
2026-02-03 06:00:00+00:00,2026-02-01 18:00:00+00:00,36.0,4.5,5.9,0.14347222222222222,0.24242558720290555,0.14347222222222222,baseline,turbine_1,2026-02-02 00:00:00+00:00,turbine_1: на 2026-02-02T00:00:00+00:00 проверяемого факта пока нет; overlap_wind_change=0.927m/s>=0.5.
2026-02-03 07:00:00+00:00,2026-02-01 18:00:00+00:00,37.0,4.84,6.9,0.17351111111111112,0.31848245926727825,0.17351111111111112,baseline,turbine_1,2026-02-02 00:00:00+00:00,turbine_1: на 2026-02-02T00:00:00+00:00 проверяемого факта пока нет; overlap_wind_change=0.927m/s>=0.5.
2026-02-03 08:00:00+00:00,2026-02-01 18:00:00+00:00,38.0,4.46,7.2,0.13985,0.2506009081708809,0.13985,baseline,turbine_1,2026-02-02 00:00:00+00:00,turbine_1: на 2026-02-02T00:00:00+00:00 проверяемого факта пока нет; overlap_wind_change=0.927m/s>=0.5.
2026-02-03 09:00:00+00:00,2026-02-01 18:00:00+00:00,39.0,3.45,7.0,0.056388888888888905,0.17839474828941881,0.056388888888888905,baseline,turbine_1,2026-02-02 00:00:00+00:00,turbine_1: на 2026-02-02T00:00:00+00:00 проверяемого факта пока нет; overlap_wind_change=0.927m/s>=0.5.
2026-02-03 10:00:00+00:00,2026-02-01 18:00:00+00:00,40.0,3.48,6.5,0.058472222222222224,0.17839474828941881,0.058472222222222224,baseline,turbine_1,2026-02-02 00:00:00+00:00,turbine_1: на 2026-02-02T00:00:00+00:00 проверяемого факта пока нет; overlap_wind_change=0.927m/s>=0.5.
2026-02-03 11:00:00+00:00,2026-02-01 18:00:00+00:00,41.0,4.98,4.4,0.18502222222222225,0.32818669126750477,0.18502222222222225,baseline,turbine_1,2026-02-02 00:00:00+00:00,turbine_1: на 2026-02-02T00:00:00+00:00 проверяемого факта пока нет; overlap_wind_change=0.927m/s>=0.5.
2026-02-03 12:00:00+00:00,2026-02-01 18:00:00+00:00,42.0,5.7,2.6,0.2552222222222223,0.3805422391626242,0.2552222222222223,baseline,turbine_1,2026-02-02 00:00:00+00:00,turbine_1: на 2026-02-02T00:00:00+00:00 проверяемого факта пока нет; overlap_wind_change=0.927m/s>=0.5.
2026-02-03 13:00:00+00:00,2026-02-01 18:00:00+00:00,43.0,7.07,2.4,0.5463555555555556,0.5906333828523455,0.5463555555555556,baseline,turbine_1,2026-02-02 00:00:00+00:00,turbine_1: на 2026-02-02T00:00:00+00:00 проверяемого факта пока нет; overlap_wind_change=0.927m/s>=0.5.
2026-02-03 14:00:00+00:00,2026-02-01 18:00:00+00:00,44.0,7.2,2.5,0.5764722222222223,0.5881157127492594,0.5764722222222223,baseline,turbine_1,2026-02-02 00:00:00+00:00,turbine_1: на 2026-02-02T00:00:00+00:00 проверяемого факта пока нет; overlap_wind_change=0.927m/s>=0.5.
2026-02-03 15:00:00+00:00,2026-02-01 18:00:00+00:00,45.0,6.33,2.8,0.3877555555555555,0.6218641422560085,0.3877555555555555,baseline,turbine_1,2026-02-02 00:00:00+00:00,turbine_1: на 2026-02-02T00:00:00+00:00 проверяемого факта пока нет; overlap_wind_change=0.927m/s>=0.5.
2026-02-03 16:00:00+00:00,2026-02-01 18:00:00+00:00,46.0,6.49,2.9,0.4199333333333333,0.6051901973139664,0.4199333333333333,baseline,turbine_1,2026-02-02 00:00:00+00:00,turbine_1: на 2026-02-02T00:00:00+00:00 проверяемого факта пока нет; overlap_wind_change=0.927m/s>=0.5.
2026-02-03 17:00:00+00:00,2026-02-01 18:00:00+00:00,47.0,5.95,3.0,0.30500000000000005,0.43532201722737784,0.30500000000000005,baseline,turbine_1,2026-02-02 00:00:00+00:00,turbine_1: на 2026-02-02T00:00:00+00:00 проверяемого факта пока нет; overlap_wind_change=0.927m/s>=0.5.
2026-02-03 18:00:00+00:00,2026-02-01 18:00:00+00:00,48.0,5.34,2.8,0.21682222222222222,0.3194277160441297,0.21682222222222222,baseline,turbine_1,2026-02-02 00:00:00+00:00,turbine_1: на 2026-02-02T00:00:00+00:00 проверяемого факта пока нет; overlap_wind_change=0.927m/s>=0.5.
2026-02-03 19:00:00+00:00,2026-02-01 18:00:00+00:00,49.0,5.28,2.7,0.21042222222222226,0.30869593647905474,0.21042222222222226,baseline,turbine_1,2026-02-02 00:00:00+00:00,turbine_1: на 2026-02-02T00:00:00+00:00 проверяемого факта пока нет; overlap_wind_change=0.927m/s>=0.5.
2026-02-03 20:00:00+00:00,2026-02-01 18:00:00+00:00,50.0,6.17,2.7,0.35388888888888886,0.4053237617513727,0.35388888888888886,baseline,turbine_1,2026-02-02 00:00:00+00:00,turbine_1: на 2026-02-02T00:00:00+00:00 проверяемого факта пока нет; overlap_wind_change=0.927m/s>=0.5.
2026-02-03 21:00:00+00:00,2026-02-01 18:00:00+00:00,51.0,6.56,2.8,0.43401111111111096,0.502563752348706,0.43401111111111096,baseline,turbine_1,2026-02-02 00:00:00+00:00,turbine_1: на 2026-02-02T00:00:00+00:00 проверяемого факта пока нет; overlap_wind_change=0.927m/s>=0.5.
2026-02-03 22:00:00+00:00,2026-02-01 18:00:00+00:00,52.0,6.78,2.8,0.4791722222222222,0.5128334961936218,0.4791722222222222,baseline,turbine_1,2026-02-02 00:00:00+00:00,turbine_1: на 2026-02-02T00:00:00+00:00 проверяемого факта пока нет; overlap_wind_change=0.927m/s>=0.5.
2026-02-03 23:00:00+00:00,2026-02-01 18:00:00+00:00,53.0,7.62,2.2,0.6334833333333333,0.5432155651011723,0.6334833333333333,baseline,turbine_1,2026-02-02 00:00:00+00:00,turbine_1: на 2026-02-02T00:00:00+00:00 проверяемого факта пока нет; overlap_wind_change=0.927m/s>=0.5.
2026-02-04 00:00:00+00:00,2026-02-01 18:00:00+00:00,54.0,7.01,1.8,0.5324555555555555,0.5065202945936766,0.5324555555555555,baseline,turbine_1,2026-02-02 00:00:00+00:00,turbine_1: на 2026-02-02T00:00:00+00:00 проверяемого факта пока нет; overlap_wind_change=0.927m/s>=0.5.
2026-02-02 01:00:00+00:00,2026-02-01 18:00:00+00:00,7.0,7.02,-2.6,0.5318222222222221,0.3854053083026342,0.5318222222222221,baseline,turbine_2,2026-02-02 00:00:00+00:00,turbine_2: на 2026-02-02T00:00:00+00:00 проверяемого факта пока нет; overlap_wind_change=0.927m/s>=0.5.
2026-02-02 02:00:00+00:00,2026-02-01 18:00:00+00:00,8.0,7.11,-2.9,0.5550222222222222,0.37820102217918355,0.5550222222222222,baseline,turbine_2,2026-02-02 00:00:00+00:00,turbine_2: на 2026-02-02T00:00:00+00:00 проверяемого факта пока нет; overlap_wind_change=0.927m/s>=0.5.
2026-02-02 03:00:00+00:00,2026-02-01 18:00:00+00:00,9.0,7.45,-1.6,0.615111111111111,0.4119972380575984,0.615111111111111,baseline,turbine_2,2026-02-02 00:00:00+00:00,turbine_2: на 2026-02-02T00:00:00+00:00 проверяемого факта пока нет; overlap_wind_change=0.927m/s>=0.5.
2026-02-02 04:00:00+00:00,2026-02-01 18:00:00+00:00,10.0,8.52,1.7,0.8149444444444442,0.654810476139174,0.8149444444444442,baseline,turbine_2,2026-02-02 00:00:00+00:00,turbine_2: на 2026-02-02T00:00:00+00:00 проверяемого факта пока нет; overlap_wind_change=0.927m/s>=0.5.
2026-02-02 05:00:00+00:00,2026-02-01 18:00:00+00:00,11.0,7.57,4.2,0.6295111111111111,0.4515262226166762,0.6295111111111111,baseline,turbine_2,2026-02-02 00:00:00+00:00,turbine_2: на 2026-02-02T00:00:00+00:00 проверяемого факта пока нет; overlap_wind_change=0.927m/s>=0.5.
2026-02-02 06:00:00+00:00,2026-02-01 18:00:00+00:00,12.0,8.32,5.9,0.7849444444444443,0.5870894032113356,0.7849444444444443,baseline,turbine_2,2026-02-02 00:00:00+00:00,turbine_2: на 2026-02-02T00:00:00+00:00 проверяемого факта пока нет; overlap_wind_change=0.927m/s>=0.5.
2026-02-02 07:00:00+00:00,2026-02-01 18:00:00+00:00,13.0,8.93,7.1,0.8837444444444443,0.8593207889835759,0.8837444444444443,baseline,turbine_2,2026-02-02 00:00:00+00:00,turbine_2: на 2026-02-02T00:00:00+00:00 проверяемого факта пока нет; overlap_wind_change=0.927m/s>=0.5.
2026-02-02 08:00:00+00:00,2026-02-01 18:00:00+00:00,14.0,9.63,7.9,0.9628777777777777,0.9217616559649148,0.9628777777777777,baseline,turbine_2,2026-02-02 00:00:00+00:00,turbine_2: на 2026-02-02T00:00:00+00:00 проверяемого факта пока нет; overlap_wind_change=0.927m/s>=0.5.
2026-02-02 09:00:00+00:00,2026-02-01 18:00:00+00:00,15.0,9.31,8.1,0.9475888888888888,0.86832824441072,0.9475888888888888,baseline,turbine_2,2026-02-02 00:00:00+00:00,turbine_2: на 2026-02-02T00:00:00+00:00 проверяемого факта пока нет; overlap_wind_change=0.927m/s>=0.5.
2026-02-02 10:00:00+00:00,2026-02-01 18:00:00+00:00,16.0,8.63,7.6,0.8314444444444444,0.8166756847777626,0.8314444444444444,baseline,turbine_2,2026-02-02 00:00:00+00:00,turbine_2: на 2026-02-02T00:00:00+00:00 проверяемого факта пока нет; overlap_wind_change=0.927m/s>=0.5.
2026-02-02 11:00:00+00:00,2026-02-01 18:00:00+00:00,17.0,8.23,5.7,0.769511111111111,0.6328714719609846,0.769511111111111,baseline,turbine_2,2026-02-02 00:00:00+00:00,turbine_2: на 2026-02-02T00:00:00+00:00 проверяемого факта пока нет; overlap_wind_change=0.927m/s>=0.5.
2026-02-02 12:00:00+00:00,2026-02-01 18:00:00+00:00,18.0,6.72,2.6,0.4567222222222221,0.7184001239893976,0.4567222222222221,baseline,turbine_2,2026-02-02 00:00:00+00:00,turbine_2: на 2026-02-02T00:00:00+00:00 проверяемого факта пока нет; overlap_wind_change=0.927m/s>=0.5.
2026-02-02 13:00:00+00:00,2026-02-01 18:00:00+00:00,19.0,4.7,0.6,0.14386111111111113,0.3172384789077862,0.14386111111111113,baseline,turbine_2,2026-02-02 00:00:00+00:00,turbine_2: на 2026-02-02T00:00:00+00:00 проверяемого факта пока нет; overlap_wind_change=0.927m/s>=0.5.
2026-02-02 14:00:00+00:00,2026-02-01 18:00:00+00:00,20.0,1.97,-0.7,0.018,0.08899278850859425,0.018,baseline,turbine_2,2026-02-02 00:00:00+00:00,turbine_2: на 2026-02-02T00:00:00+00:00 проверяемого факта пока нет; overlap_wind_change=0.927m/s>=0.5.
2026-02-02 15:00:00+00:00,2026-02-01 18:00:00+00:00,21.0,1.63,-1.0,0.015155555555555554,0.1553937644404675,0.015155555555555554,baseline,turbine_2,2026-02-02 00:00:00+00:00,turbine_2: на 2026-02-02T00:00:00+00:00 проверяемого факта пока нет; overlap_wind_change=0.927m/s>=0.5.
2026-02-02 16:00:00+00:00,2026-02-01 18:00:00+00:00,22.0,2.25,-1.1,0.021111111111111112,0.14017155165986384,0.021111111111111112,baseline,turbine_2,2026-02-02 00:00:00+00:00,turbine_2: на 2026-02-02T00:00:00+00:00 проверяемого факта пока нет; overlap_wind_change=0.927m/s>=0.5.
2026-02-02 17:00:00+00:00,2026-02-01 18:00:00+00:00,23.0,2.91,-0.9,0.029133333333333337,0.10379635601291873,0.029133333333333337,baseline,turbine_2,2026-02-02 00:00:00+00:00,turbine_2: на 2026-02-02T00:00:00+00:00 проверяемого факта пока нет; overlap_wind_change=0.927m/s>=0.5.
2026-02-02 18:00:00+00:00,2026-02-01 18:00:00+00:00,24.0,3.97,-0.8,0.08542222222222223,0.1450166456886578,0.08542222222222223,baseline,turbine_2,2026-02-02 00:00:00+00:00,turbine_2: на 2026-02-02T00:00:00+00:00 проверяемого факта пока нет; overlap_wind_change=0.927m/s>=0.5.
2026-02-02 19:00:00+00:00,2026-02-01 18:00:00+00:00,25.0,5.19,-0.8,0.18594444444444447,0.29078916212781314,0.18594444444444447,baseline,turbine_2,2026-02-02 00:00:00+00:00,turbine_2: на 2026-02-02T00:00:00+00:00 проверяемого факта пока нет; overlap_wind_change=0.927m/s>=0.5.
2026-02-02 20:00:00+00:00,2026-02-01 18:00:00+00:00,26.0,6.05,-0.8,0.32599999999999996,0.4604576856499982,0.32599999999999996,baseline,turbine_2,2026-02-02 00:00:00+00:00,turbine_2: на 2026-02-02T00:00:00+00:00 проверяемого факта пока нет; overlap_wind_change=0.927m/s>=0.5.
2026-02-02 21:00:00+00:00,2026-02-01 18:00:00+00:00,27.0,6.47,-1.0,0.4108888888888888,0.6160908381102416,0.4108888888888888,baseline,turbine_2,2026-02-02 00:00:00+00:00,turbine_2: на 2026-02-02T00:00:00+00:00 проверяемого факта пока нет; overlap_wind_change=0.927m/s>=0.5.
2026-02-02 22:00:00+00:00,2026-02-01 18:00:00+00:00,28.0,6.52,-1.6,0.4200555555555554,0.5914832738771618,0.4200555555555554,baseline,turbine_2,2026-02-02 00:00:00+00:00,turbine_2: на 2026-02-02T00:00:00+00:00 проверяемого факта пока нет; overlap_wind_change=0.927m/s>=0.5.
2026-02-02 23:00:00+00:00,2026-02-01 18:00:00+00:00,29.0,6.53,-1.7,0.42188888888888887,0.6036326935080298,0.42188888888888887,baseline,turbine_2,2026-02-02 00:00:00+00:00,turbine_2: на 2026-02-02T00:00:00+00:00 проверяемого факта пока нет; overlap_wind_change=0.927m/s>=0.5.
2026-02-03 00:00:00+00:00,2026-02-01 18:00:00+00:00,30.0,6.02,-1.9,0.3193166666666666,0.4809648306157599,0.3193166666666666,baseline,turbine_2,2026-02-02 00:00:00+00:00,turbine_2: на 2026-02-02T00:00:00+00:00 проверяемого факта пока нет; overlap_wind_change=0.927m/s>=0.5.
2026-02-03 01:00:00+00:00,2026-02-01 18:00:00+00:00,31.0,5.51,-2.3,0.22649999999999998,0.39370964659807145,0.22649999999999998,baseline,turbine_2,2026-02-02 00:00:00+00:00,turbine_2: на 2026-02-02T00:00:00+00:00 проверяемого факта пока нет; overlap_wind_change=0.927m/s>=0.5.
2026-02-03 02:00:00+00:00,2026-02-01 18:00:00+00:00,32.0,5.24,-2.8,0.19025,0.3405993398394815,0.19025,baseline,turbine_2,2026-02-02 00:00:00+00:00,turbine_2: на 2026-02-02T00:00:00+00:00 проверяемого факта пока нет; overlap_wind_change=0.927m/s>=0.5.
2026-02-03 03:00:00+00:00,2026-02-01 18:00:00+00:00,33.0,2.89,-1.0,0.02875555555555556,0.16971687946723693,0.02875555555555556,baseline,turbine_2,2026-02-02 00:00:00+00:00,turbine_2: на 2026-02-02T00:00:00+00:00 проверяемого факта пока нет; overlap_wind_change=0.927m/s>=0.5.
2026-02-03 04:00:00+00:00,2026-02-01 18:00:00+00:00,34.0,1.06,2.2,0.01241111111111111,0.15095523414739653,0.01241111111111111,baseline,turbine_2,2026-02-02 00:00:00+00:00,turbine_2: на 2026-02-02T00:00:00+00:00 проверяемого факта пока нет; overlap_wind_change=0.927m/s>=0.5.
2026-02-03 05:00:00+00:00,2026-02-01 18:00:00+00:00,35.0,3.31,4.7,0.039588888888888896,0.19773366331232645,0.039588888888888896,baseline,turbine_2,2026-02-02 00:00:00+00:00,turbine_2: на 2026-02-02T00:00:00+00:00 проверяемого факта пока нет; overlap_wind_change=0.927m/s>=0.5.
2026-02-03 06:00:00+00:00,2026-02-01 18:00:00+00:00,36.0,4.5,5.9,0.12708333333333335,0.29339728654690167,0.12708333333333335,baseline,turbine_2,2026-02-02 00:00:00+00:00,turbine_2: на 2026-02-02T00:00:00+00:00 проверяемого факта пока нет; overlap_wind_change=0.927m/s>=0.5.
2026-02-03 07:00:00+00:00,2026-02-01 18:00:00+00:00,37.0,4.84,6.9,0.15580555555555556,0.3668225516131188,0.15580555555555556,baseline,turbine_2,2026-02-02 00:00:00+00:00,turbine_2: на 2026-02-02T00:00:00+00:00 проверяемого факта пока нет; overlap_wind_change=0.927m/s>=0.5.
2026-02-03 08:00:00+00:00,2026-02-01 18:00:00+00:00,38.0,4.46,7.2,0.12372777777777778,0.29508289741381305,0.12372777777777778,baseline,turbine_2,2026-02-02 00:00:00+00:00,turbine_2: на 2026-02-02T00:00:00+00:00 проверяемого факта пока нет; overlap_wind_change=0.927m/s>=0.5.
2026-02-03 09:00:00+00:00,2026-02-01 18:00:00+00:00,39.0,3.45,7.0,0.049000000000000016,0.22756427385608297,0.049000000000000016,baseline,turbine_2,2026-02-02 00:00:00+00:00,turbine_2: на 2026-02-02T00:00:00+00:00 проверяемого факта пока нет; overlap_wind_change=0.927m/s>=0.5.
2026-02-03 10:00:00+00:00,2026-02-01 18:00:00+00:00,40.0,3.48,6.5,0.05101666666666667,0.21786778944775795,0.05101666666666667,baseline,turbine_2,2026-02-02 00:00:00+00:00,turbine_2: на 2026-02-02T00:00:00+00:00 проверяемого факта пока нет; overlap_wind_change=0.927m/s>=0.5.
2026-02-03 11:00:00+00:00,2026-02-01 18:00:00+00:00,41.0,4.98,4.4,0.16786111111111116,0.37978318091167124,0.16786111111111116,baseline,turbine_2,2026-02-02 00:00:00+00:00,turbine_2: на 2026-02-02T00:00:00+00:00 проверяемого факта пока нет; overlap_wind_change=0.927m/s>=0.5.
2026-02-03 12:00:00+00:00,2026-02-01 18:00:00+00:00,42.0,5.7,2.6,0.25236111111111115,0.44446696373565514,0.25236111111111115,baseline,turbine_2,2026-02-02 00:00:00+00:00,turbine_2: на 2026-02-02T00:00:00+00:00 проверяемого факта пока нет; overlap_wind_change=0.927m/s>=0.5.
2026-02-03 13:00:00+00:00,2026-02-01 18:00:00+00:00,43.0,7.07,2.4,0.5447111111111111,0.658462689762606,0.5447111111111111,baseline,turbine_2,2026-02-02 00:00:00+00:00,turbine_2: на 2026-02-02T00:00:00+00:00 проверяемого факта пока нет; overlap_wind_change=0.927m/s>=0.5.
2026-02-03 14:00:00+00:00,2026-02-01 18:00:00+00:00,44.0,7.2,2.5,0.5782222222222222,0.6535579973595464,0.5782222222222222,baseline,turbine_2,2026-02-02 00:00:00+00:00,turbine_2: на 2026-02-02T00:00:00+00:00 проверяемого факта пока нет; overlap_wind_change=0.927m/s>=0.5.
2026-02-03 15:00:00+00:00,2026-02-01 18:00:00+00:00,45.0,6.33,2.8,0.3852222222222222,0.654674986572561,0.3852222222222222,baseline,turbine_2,2026-02-02 00:00:00+00:00,turbine_2: на 2026-02-02T00:00:00+00:00 проверяемого факта пока нет; overlap_wind_change=0.927m/s>=0.5.
2026-02-03 16:00:00+00:00,2026-02-01 18:00:00+00:00,46.0,6.49,2.9,0.41455555555555557,0.6594008314023764,0.41455555555555557,baseline,turbine_2,2026-02-02 00:00:00+00:00,turbine_2: на 2026-02-02T00:00:00+00:00 проверяемого факта пока нет; overlap_wind_change=0.927m/s>=0.5.
2026-02-03 17:00:00+00:00,2026-02-01 18:00:00+00:00,47.0,5.95,3.0,0.3037222222222223,0.4610640598296466,0.3037222222222223,baseline,turbine_2,2026-02-02 00:00:00+00:00,turbine_2: на 2026-02-02T00:00:00+00:00 проверяемого факта пока нет; overlap_wind_change=0.927m/s>=0.5.
2026-02-03 18:00:00+00:00,2026-02-01 18:00:00+00:00,48.0,5.34,2.8,0.20336111111111108,0.3271333779726304,0.20336111111111108,baseline,turbine_2,2026-02-02 00:00:00+00:00,turbine_2: на 2026-02-02T00:00:00+00:00 проверяемого факта пока нет; overlap_wind_change=0.927m/s>=0.5.
2026-02-03 19:00:00+00:00,2026-02-01 18:00:00+00:00,49.0,5.28,2.7,0.19519444444444448,0.32265020584457715,0.19519444444444448,baseline,turbine_2,2026-02-02 00:00:00+00:00,turbine_2: на 2026-02-02T00:00:00+00:00 проверяемого факта пока нет; overlap_wind_change=0.927m/s>=0.5.
2026-02-03 20:00:00+00:00,2026-02-01 18:00:00+00:00,50.0,6.17,2.7,0.3527333333333333,0.4127055120953468,0.3527333333333333,baseline,turbine_2,2026-02-02 00:00:00+00:00,turbine_2: на 2026-02-02T00:00:00+00:00 проверяемого факта пока нет; overlap_wind_change=0.927m/s>=0.5.
2026-02-03 21:00:00+00:00,2026-02-01 18:00:00+00:00,51.0,6.56,2.8,0.42738888888888876,0.4541679860596722,0.42738888888888876,baseline,turbine_2,2026-02-02 00:00:00+00:00,turbine_2: на 2026-02-02T00:00:00+00:00 проверяемого факта пока нет; overlap_wind_change=0.927m/s>=0.5.
2026-02-03 22:00:00+00:00,2026-02-01 18:00:00+00:00,52.0,6.78,2.8,0.4699555555555555,0.47930404191205284,0.4699555555555555,baseline,turbine_2,2026-02-02 00:00:00+00:00,turbine_2: на 2026-02-02T00:00:00+00:00 проверяемого факта пока нет; overlap_wind_change=0.927m/s>=0.5.
2026-02-03 23:00:00+00:00,2026-02-01 18:00:00+00:00,53.0,7.62,2.2,0.6355111111111111,0.6262459277696217,0.6355111111111111,baseline,turbine_2,2026-02-02 00:00:00+00:00,turbine_2: на 2026-02-02T00:00:00+00:00 проверяемого факта пока нет; overlap_wind_change=0.927m/s>=0.5.
2026-02-04 00:00:00+00:00,2026-02-01 18:00:00+00:00,54.0,7.01,1.8,0.5292444444444443,0.555208712038975,0.5292444444444443,baseline,turbine_2,2026-02-02 00:00:00+00:00,turbine_2: на 2026-02-02T00:00:00+00:00 проверяемого факта пока нет; overlap_wind_change=0.927m/s>=0.5.
2026-02-03 01:00:00+00:00,2026-02-02 18:00:00+00:00,7.0,6.98,-2.1,0.5255055555555557,0.41549495365655414,0.5255055555555557,baseline,turbine_1,2026-02-03 00:00:00+00:00,turbine_1: на 2026-02-03T00:00:00+00:00 проверяемого факта пока нет; overlap_wind_change=1.175m/s>=0.5.
2026-02-03 02:00:00+00:00,2026-02-02 18:00:00+00:00,8.0,6.36,-2.3,0.3937888888888889,0.3918735546137583,0.3937888888888889,baseline,turbine_1,2026-02-03 00:00:00+00:00,turbine_1: на 2026-02-03T00:00:00+00:00 проверяемого факта пока нет; overlap_wind_change=1.175m/s>=0.5.
2026-02-03 03:00:00+00:00,2026-02-02 18:00:00+00:00,9.0,5.23,-1.1,0.2055777777777778,0.1990091418801868,0.2055777777777778,baseline,turbine_1,2026-02-03 00:00:00+00:00,turbine_1: на 2026-02-03T00:00:00+00:00 проверяемого факта пока нет; overlap_wind_change=1.175m/s>=0.5.
2026-02-03 04:00:00+00:00,2026-02-02 18:00:00+00:00,10.0,2.77,2.3,0.03236666666666667,0.0,0.03236666666666667,baseline,turbine_1,2026-02-03 00:00:00+00:00,turbine_1: на 2026-02-03T00:00:00+00:00 проверяемого факта пока нет; overlap_wind_change=1.175m/s>=0.5.
2026-02-03 05:00:00+00:00,2026-02-02 18:00:00+00:00,11.0,1.25,4.2,0.015,0.0011218321867350212,0.015,baseline,turbine_1,2026-02-03 00:00:00+00:00,turbine_1: на 2026-02-03T00:00:00+00:00 проверяемого факта пока нет; overlap_wind_change=1.175m/s>=0.5.
2026-02-03 06:00:00+00:00,2026-02-02 18:00:00+00:00,12.0,2.48,6.3,0.027444444444444445,0.0,0.027444444444444445,baseline,turbine_1,2026-02-03 00:00:00+00:00,turbine_1: на 2026-02-03T00:00:00+00:00 проверяемого факта пока нет; overlap_wind_change=1.175m/s>=0.5.
2026-02-03 07:00:00+00:00,2026-02-02 18:00:00+00:00,13.0,4.34,7.8,0.1289833333333333,0.11689319182838519,0.1289833333333333,baseline,turbine_1,2026-02-03 00:00:00+00:00,turbine_1: на 2026-02-03T00:00:00+00:00 проверяемого факта пока нет; overlap_wind_change=1.175m/s>=0.5.
2026-02-03 08:00:00+00:00,2026-02-02 18:00:00+00:00,14.0,4.97,8.4,0.1842,0.31755833254519716,0.1842,baseline,turbine_1,2026-02-03 00:00:00+00:00,turbine_1: на 2026-02-03T00:00:00+00:00 проверяемого факта пока нет; overlap_wind_change=1.175m/s>=0.5.
2026-02-03 09:00:00+00:00,2026-02-02 18:00:00+00:00,15.0,5.07,8.2,0.19242222222222224,0.3213468533555448,0.19242222222222224,baseline,turbine_1,2026-02-03 00:00:00+00:00,turbine_1: на 2026-02-03T00:00:00+00:00 проверяемого факта пока нет; overlap_wind_change=1.175m/s>=0.5.
2026-02-03 10:00:00+00:00,2026-02-02 18:00:00+00:00,16.0,4.04,7.3,0.10251666666666667,0.22618032604177402,0.10251666666666667,baseline,turbine_1,2026-02-03 00:00:00+00:00,turbine_1: на 2026-02-03T00:00:00+00:00 проверяемого факта пока нет; overlap_wind_change=1.175m/s>=0.5.
2026-02-03 11:00:00+00:00,2026-02-02 18:00:00+00:00,17.0,3.74,4.7,0.07652777777777779,0.12420130431991218,0.07652777777777779,baseline,turbine_1,2026-02-03 00:00:00+00:00,turbine_1: на 2026-02-03T00:00:00+00:00 проверяемого факта пока нет; overlap_wind_change=1.175m/s>=0.5.
2026-02-03 12:00:00+00:00,2026-02-02 18:00:00+00:00,18.0,4.29,2.1,0.12445555555555556,0.2868346499735734,0.12445555555555556,baseline,turbine_1,2026-02-03 00:00:00+00:00,turbine_1: на 2026-02-03T00:00:00+00:00 проверяемого факта пока нет; overlap_wind_change=1.175m/s>=0.5.
2026-02-03 13:00:00+00:00,2026-02-02 18:00:00+00:00,19.0,5.38,1.9,0.2210888888888889,0.38912591382965167,0.2210888888888889,baseline,turbine_1,2026-02-03 00:00:00+00:00,turbine_1: на 2026-02-03T00:00:00+00:00 проверяемого факта пока нет; overlap_wind_change=1.175m/s>=0.5.
2026-02-03 14:00:00+00:00,2026-02-02 18:00:00+00:00,20.0,5.98,2.9,0.31166666666666676,0.45341372751164033,0.31166666666666676,baseline,turbine_1,2026-02-03 00:00:00+00:00,turbine_1: на 2026-02-03T00:00:00+00:00 проверяемого факта пока нет; overlap_wind_change=1.175m/s>=0.5.
2026-02-03 15:00:00+00:00,2026-02-02 18:00:00+00:00,21.0,6.82,2.2,0.4884388888888889,0.6501930532837114,0.4884388888888889,baseline,turbine_1,2026-02-03 00:00:00+00:00,turbine_1: на 2026-02-03T00:00:00+00:00 проверяемого факта пока нет; overlap_wind_change=1.175m/s>=0.5.
2026-02-03 16:00:00+00:00,2026-02-02 18:00:00+00:00,22.0,7.0,2.1,0.5301388888888888,0.6147408887713536,0.5301388888888888,baseline,turbine_1,2026-02-03 00:00:00+00:00,turbine_1: на 2026-02-03T00:00:00+00:00 проверяемого факта пока нет; overlap_wind_change=1.175m/s>=0.5.
2026-02-03 17:00:00+00:00,2026-02-02 18:00:00+00:00,23.0,7.57,2.4,0.6273444444444445,0.6359436152326257,0.6273444444444445,baseline,turbine_1,2026-02-03 00:00:00+00:00,turbine_1: на 2026-02-03T00:00:00+00:00 проверяемого факта пока нет; overlap_wind_change=1.175m/s>=0.5.
2026-02-03 18:00:00+00:00,2026-02-02 18:00:00+00:00,24.0,6.6,2.5,0.4420555555555554,0.5973055729911178,0.4420555555555554,baseline,turbine_1,2026-02-03 00:00:00+00:00,turbine_1: на 2026-02-03T00:00:00+00:00 проверяемого факта пока нет; overlap_wind_change=1.175m/s>=0.5.
2026-02-03 19:00:00+00:00,2026-02-02 18:00:00+00:00,25.0,6.29,1.7,0.3797111111111111,0.6245366169826576,0.3797111111111111,baseline,turbine_1,2026-02-03 00:00:00+00:00,turbine_1: на 2026-02-03T00:00:00+00:00 проверяемого факта пока нет; overlap_wind_change=1.175m/s>=0.5.
2026-02-03 20:00:00+00:00,2026-02-02 18:00:00+00:00,26.0,7.24,2.0,0.5857388888888889,0.5264494647990879,0.5857388888888889,baseline,turbine_1,2026-02-03 00:00:00+00:00,turbine_1: на 2026-02-03T00:00:00+00:00 проверяемого факта пока нет; overlap_wind_change=1.175m/s>=0.5.
2026-02-03 21:00:00+00:00,2026-02-02 18:00:00+00:00,27.0,6.48,2.5,0.41792222222222225,0.5151128952886032,0.41792222222222225,baseline,turbine_1,2026-02-03 00:00:00+00:00,turbine_1: на 2026-02-03T00:00:00+00:00 проверяемого факта пока нет; overlap_wind_change=1.175m/s>=0.5.
2026-02-03 22:00:00+00:00,2026-02-02 18:00:00+00:00,28.0,6.37,2.6,0.3958,0.5122576569430178,0.3958,baseline,turbine_1,2026-02-03 00:00:00+00:00,turbine_1: на 2026-02-03T00:00:00+00:00 проверяемого факта пока нет; overlap_wind_change=1.175m/s>=0.5.
2026-02-03 23:00:00+00:00,2026-02-02 18:00:00+00:00,29.0,6.16,2.5,0.3516666666666667,0.42033417340418466,0.3516666666666667,baseline,turbine_1,2026-02-03 00:00:00+00:00,turbine_1: на 2026-02-03T00:00:00+00:00 проверяемого факта пока нет; overlap_wind_change=1.175m/s>=0.5.
2026-02-04 00:00:00+00:00,2026-02-02 18:00:00+00:00,30.0,6.2,2.6,0.3605555555555556,0.3864864214632449,0.3605555555555556,baseline,turbine_1,2026-02-03 00:00:00+00:00,turbine_1: на 2026-02-03T00:00:00+00:00 проверяемого факта пока нет; overlap_wind_change=1.175m/s>=0.5.
2026-02-04 01:00:00+00:00,2026-02-02 18:00:00+00:00,31.0,6.34,2.5,0.3897666666666666,0.49665627041847576,0.3897666666666666,baseline,turbine_1,2026-02-03 00:00:00+00:00,turbine_1: на 2026-02-03T00:00:00+00:00 проверяемого факта пока нет; overlap_wind_change=1.175m/s>=0.5.
2026-02-04 02:00:00+00:00,2026-02-02 18:00:00+00:00,32.0,6.64,2.5,0.4500999999999999,0.5124461300430648,0.4500999999999999,baseline,turbine_1,2026-02-03 00:00:00+00:00,turbine_1: на 2026-02-03T00:00:00+00:00 проверяемого факта пока нет; overlap_wind_change=1.175m/s>=0.5.
2026-02-04 03:00:00+00:00,2026-02-02 18:00:00+00:00,33.0,6.17,2.7,0.35388888888888886,0.4328048220448532,0.35388888888888886,baseline,turbine_1,2026-02-03 00:00:00+00:00,turbine_1: на 2026-02-03T00:00:00+00:00 проверяемого факта пока нет; overlap_wind_change=1.175m/s>=0.5.
2026-02-04 04:00:00+00:00,2026-02-02 18:00:00+00:00,34.0,5.82,3.5,0.2761111111111112,0.4022581004388105,0.2761111111111112,baseline,turbine_1,2026-02-03 00:00:00+00:00,turbine_1: на 2026-02-03T00:00:00+00:00 проверяемого факта пока нет; overlap_wind_change=1.175m/s>=0.5.
2026-02-04 05:00:00+00:00,2026-02-02 18:00:00+00:00,35.0,5.05,4.7,0.19077777777777777,0.29269599970434834,0.19077777777777777,baseline,turbine_1,2026-02-03 00:00:00+00:00,turbine_1: на 2026-02-03T00:00:00+00:00 проверяемого факта пока нет; overlap_wind_change=1.175m/s>=0.5.
2026-02-04 06:00:00+00:00,2026-02-02 18:00:00+00:00,36.0,4.33,6.1,0.1280777777777778,0.22323801657990933,0.1280777777777778,baseline,turbine_1,2026-02-03 00:00:00+00:00,turbine_1: на 2026-02-03T00:00:00+00:00 проверяемого факта пока нет; overlap_wind_change=1.175m/s>=0.5.
2026-02-04 07:00:00+00:00,2026-02-02 18:00:00+00:00,37.0,4.99,7.1,0.18584444444444448,0.3241829382127648,0.18584444444444448,baseline,turbine_1,2026-02-03 00:00:00+00:00,turbine_1: на 2026-02-03T00:00:00+00:00 проверяемого факта пока нет; overlap_wind_change=1.175m/s>=0.5.
2026-02-04 08:00:00+00:00,2026-02-02 18:00:00+00:00,38.0,4.8,7.8,0.17022222222222222,0.2717241044985653,0.17022222222222222,baseline,turbine_1,2026-02-03 00:00:00+00:00,turbine_1: на 2026-02-03T00:00:00+00:00 проверяемого факта пока нет; overlap_wind_change=1.175m/s>=0.5.
2026-02-04 09:00:00+00:00,2026-02-02 18:00:00+00:00,39.0,4.4,8.1,0.1344166666666667,0.24650773391682407,0.1344166666666667,baseline,turbine_1,2026-02-03 00:00:00+00:00,turbine_1: на 2026-02-03T00:00:00+00:00 проверяемого факта пока нет; overlap_wind_change=1.175m/s>=0.5.
2026-02-04 10:00:00+00:00,2026-02-02 18:00:00+00:00,40.0,4.43,7.9,0.1371333333333333,0.2523322351366958,0.1371333333333333,baseline,turbine_1,2026-02-03 00:00:00+00:00,turbine_1: на 2026-02-03T00:00:00+00:00 проверяемого факта пока нет; overlap_wind_change=1.175m/s>=0.5.
2026-02-04 11:00:00+00:00,2026-02-02 18:00:00+00:00,41.0,4.1,6.7,0.10774999999999997,0.26061983566658514,0.10774999999999997,baseline,turbine_1,2026-02-03 00:00:00+00:00,turbine_1: на 2026-02-03T00:00:00+00:00 проверяемого факта пока нет; overlap_wind_change=1.175m/s>=0.5.
2026-02-04 12:00:00+00:00,2026-02-02 18:00:00+00:00,42.0,3.11,2.7,0.039544444444444445,0.1513238142302842,0.039544444444444445,baseline,turbine_1,2026-02-03 00:00:00+00:00,turbine_1: на 2026-02-03T00:00:00+00:00 проверяемого факта пока нет; overlap_wind_change=1.175m/s>=0.5.
2026-02-04 13:00:00+00:00,2026-02-02 18:00:00+00:00,43.0,1.57,0.5,0.015711111111111113,0.08874787801496088,0.015711111111111113,baseline,turbine_1,2026-02-03 00:00:00+00:00,turbine_1: на 2026-02-03T00:00:00+00:00 проверяемого факта пока нет; overlap_wind_change=1.175m/s>=0.5.
2026-02-04 14:00:00+00:00,2026-02-02 18:00:00+00:00,44.0,2.2,-0.4,0.022861111111111113,0.11167968198757106,0.022861111111111113,baseline,turbine_1,2026-02-03 00:00:00+00:00,turbine_1: на 2026-02-03T00:00:00+00:00 проверяемого факта пока нет; overlap_wind_change=1.175m/s>=0.5.
2026-02-04 15:00:00+00:00,2026-02-02 18:00:00+00:00,45.0,6.33,0.5,0.3877555555555555,0.7235830196551886,0.3877555555555555,baseline,turbine_1,2026-02-03 00:00:00+00:00,turbine_1: на 2026-02-03T00:00:00+00:00 проверяемого факта пока нет; overlap_wind_change=1.175m/s>=0.5.
2026-02-04 16:00:00+00:00,2026-02-02 18:00:00+00:00,46.0,6.2,0.2,0.3605555555555556,0.5570118921355448,0.3605555555555556,baseline,turbine_1,2026-02-03 00:00:00+00:00,turbine_1: на 2026-02-03T00:00:00+00:00 проверяемого факта пока нет; overlap_wind_change=1.175m/s>=0.5.
2026-02-04 17:00:00+00:00,2026-02-02 18:00:00+00:00,47.0,7.09,-0.5,0.5509888888888889,0.7592412293512844,0.5509888888888889,baseline,turbine_1,2026-02-03 00:00:00+00:00,turbine_1: на 2026-02-03T00:00:00+00:00 проверяемого факта пока нет; overlap_wind_change=1.175m/s>=0.5.
2026-02-04 18:00:00+00:00,2026-02-02 18:00:00+00:00,48.0,7.38,-0.9,0.6040166666666666,0.7612673553736539,0.6040166666666666,baseline,turbine_1,2026-02-03 00:00:00+00:00,turbine_1: на 2026-02-03T00:00:00+00:00 проверяемого факта пока нет; overlap_wind_change=1.175m/s>=0.5.
2026-02-04 19:00:00+00:00,2026-02-02 18:00:00+00:00,49.0,7.75,-0.9,0.6494444444444444,0.8051257177063379,0.6494444444444444,baseline,turbine_1,2026-02-03 00:00:00+00:00,turbine_1: на 2026-02-03T00:00:00+00:00 проверяемого факта пока нет; overlap_wind_change=1.175m/s>=0.5.
2026-02-04 20:00:00+00:00,2026-02-02 18:00:00+00:00,50.0,8.05,-0.9,0.7189444444444446,0.6967753761023555,0.7189444444444446,baseline,turbine_1,2026-02-03 00:00:00+00:00,turbine_1: на 2026-02-03T00:00:00+00:00 проверяемого факта пока нет; overlap_wind_change=1.175m/s>=0.5.
2026-02-04 21:00:00+00:00,2026-02-02 18:00:00+00:00,51.0,8.57,-0.4,0.8257222222222222,0.8098777269735754,0.8257222222222222,baseline,turbine_1,2026-02-03 00:00:00+00:00,turbine_1: на 2026-02-03T00:00:00+00:00 проверяемого факта пока нет; overlap_wind_change=1.175m/s>=0.5.
2026-02-04 22:00:00+00:00,2026-02-02 18:00:00+00:00,52.0,8.78,-0.4,0.8653722222222221,0.7978275819681979,0.8653722222222221,baseline,turbine_1,2026-02-03 00:00:00+00:00,turbine_1: на 2026-02-03T00:00:00+00:00 проверяемого факта пока нет; overlap_wind_change=1.175m/s>=0.5.
2026-02-04 23:00:00+00:00,2026-02-02 18:00:00+00:00,53.0,9.66,-0.4,0.9759833333333333,0.9266557846208565,0.9759833333333333,baseline,turbine_1,2026-02-03 00:00:00+00:00,turbine_1: на 2026-02-03T00:00:00+00:00 проверяемого факта пока нет; overlap_wind_change=1.175m/s>=0.5.
2026-02-05 00:00:00+00:00,2026-02-02 18:00:00+00:00,54.0,10.38,0.3,0.9827388888888888,0.9847447711348051,0.9827388888888888,baseline,turbine_1,2026-02-03 00:00:00+00:00,turbine_1: на 2026-02-03T00:00:00+00:00 проверяемого факта пока нет; overlap_wind_change=1.175m/s>=0.5.
2026-02-03 01:00:00+00:00,2026-02-02 18:00:00+00:00,7.0,6.98,-2.1,0.5215111111111111,0.36051575694256055,0.5215111111111111,baseline,turbine_2,2026-02-03 00:00:00+00:00,turbine_2: на 2026-02-03T00:00:00+00:00 проверяемого факта пока нет; overlap_wind_change=1.175m/s>=0.5.
2026-02-03 02:00:00+00:00,2026-02-02 18:00:00+00:00,8.0,6.36,-2.3,0.39072222222222225,0.3495808567963803,0.39072222222222225,baseline,turbine_2,2026-02-03 00:00:00+00:00,turbine_2: на 2026-02-03T00:00:00+00:00 проверяемого факта пока нет; overlap_wind_change=1.175m/s>=0.5.
2026-02-03 03:00:00+00:00,2026-02-02 18:00:00+00:00,9.0,5.23,-1.1,0.1893888888888889,0.19205279998932379,0.1893888888888889,baseline,turbine_2,2026-02-03 00:00:00+00:00,turbine_2: на 2026-02-03T00:00:00+00:00 проверяемого факта пока нет; overlap_wind_change=1.175m/s>=0.5.
2026-02-03 04:00:00+00:00,2026-02-02 18:00:00+00:00,10.0,2.77,2.3,0.02648888888888889,0.05129597731397962,0.02648888888888889,baseline,turbine_2,2026-02-03 00:00:00+00:00,turbine_2: на 2026-02-03T00:00:00+00:00 проверяемого факта пока нет; overlap_wind_change=1.175m/s>=0.5.
2026-02-03 05:00:00+00:00,2026-02-02 18:00:00+00:00,11.0,1.25,4.2,0.013888888888888888,0.05108755866226257,0.013888888888888888,baseline,turbine_2,2026-02-03 00:00:00+00:00,turbine_2: на 2026-02-03T00:00:00+00:00 проверяемого факта пока нет; overlap_wind_change=1.175m/s>=0.5.
2026-02-03 06:00:00+00:00,2026-02-02 18:00:00+00:00,12.0,2.48,6.3,0.02341111111111111,0.06198429819767462,0.02341111111111111,baseline,turbine_2,2026-02-03 00:00:00+00:00,turbine_2: на 2026-02-03T00:00:00+00:00 проверяемого факта пока нет; overlap_wind_change=1.175m/s>=0.5.
2026-02-03 07:00:00+00:00,2026-02-02 18:00:00+00:00,13.0,4.34,7.8,0.1136611111111111,0.19748701932621696,0.1136611111111111,baseline,turbine_2,2026-02-03 00:00:00+00:00,turbine_2: на 2026-02-03T00:00:00+00:00 проверяемого факта пока нет; overlap_wind_change=1.175m/s>=0.5.
2026-02-03 08:00:00+00:00,2026-02-02 18:00:00+00:00,14.0,4.97,8.4,0.16699999999999998,0.38290899484081536,0.16699999999999998,baseline,turbine_2,2026-02-03 00:00:00+00:00,turbine_2: на 2026-02-03T00:00:00+00:00 проверяемого факта пока нет; overlap_wind_change=1.175m/s>=0.5.
2026-02-03 09:00:00+00:00,2026-02-02 18:00:00+00:00,15.0,5.07,8.2,0.17561111111111113,0.3731463848719597,0.17561111111111113,baseline,turbine_2,2026-02-03 00:00:00+00:00,turbine_2: на 2026-02-03T00:00:00+00:00 проверяемого факта пока нет; overlap_wind_change=1.175m/s>=0.5.
2026-02-03 10:00:00+00:00,2026-02-02 18:00:00+00:00,16.0,4.04,7.3,0.09059444444444445,0.2674630824009171,0.09059444444444445,baseline,turbine_2,2026-02-03 00:00:00+00:00,turbine_2: на 2026-02-03T00:00:00+00:00 проверяемого факта пока нет; overlap_wind_change=1.175m/s>=0.5.
2026-02-03 11:00:00+00:00,2026-02-02 18:00:00+00:00,17.0,3.74,4.7,0.06849444444444446,0.17481169919777445,0.06849444444444446,baseline,turbine_2,2026-02-03 00:00:00+00:00,turbine_2: на 2026-02-03T00:00:00+00:00 проверяемого факта пока нет; overlap_wind_change=1.175m/s>=0.5.
2026-02-03 12:00:00+00:00,2026-02-02 18:00:00+00:00,18.0,4.29,2.1,0.10946666666666667,0.327673487745273,0.10946666666666667,baseline,turbine_2,2026-02-03 00:00:00+00:00,turbine_2: на 2026-02-03T00:00:00+00:00 проверяемого факта пока нет; overlap_wind_change=1.175m/s>=0.5.
2026-02-03 13:00:00+00:00,2026-02-02 18:00:00+00:00,19.0,5.38,1.9,0.20880555555555555,0.42302753761180323,0.20880555555555555,baseline,turbine_2,2026-02-03 00:00:00+00:00,turbine_2: на 2026-02-03T00:00:00+00:00 проверяемого факта пока нет; overlap_wind_change=1.175m/s>=0.5.
2026-02-03 14:00:00+00:00,2026-02-02 18:00:00+00:00,20.0,5.98,2.9,0.31040555555555566,0.4896904067667149,0.31040555555555566,baseline,turbine_2,2026-02-03 00:00:00+00:00,turbine_2: на 2026-02-03T00:00:00+00:00 проверяемого факта пока нет; overlap_wind_change=1.175m/s>=0.5.
2026-02-03 15:00:00+00:00,2026-02-02 18:00:00+00:00,21.0,6.82,2.2,0.4802666666666667,0.7246469891713663,0.4802666666666667,baseline,turbine_2,2026-02-03 00:00:00+00:00,turbine_2: на 2026-02-03T00:00:00+00:00 проверяемого факта пока нет; overlap_wind_change=1.175m/s>=0.5.
2026-02-03 16:00:00+00:00,2026-02-02 18:00:00+00:00,22.0,7.0,2.1,0.5266666666666666,0.7389593698198149,0.5266666666666666,baseline,turbine_2,2026-02-03 00:00:00+00:00,turbine_2: на 2026-02-03T00:00:00+00:00 проверяемого факта пока нет; overlap_wind_change=1.175m/s>=0.5.
2026-02-03 17:00:00+00:00,2026-02-02 18:00:00+00:00,23.0,7.57,2.4,0.6295111111111111,0.7137730338198499,0.6295111111111111,baseline,turbine_2,2026-02-03 00:00:00+00:00,turbine_2: на 2026-02-03T00:00:00+00:00 проверяемого факта пока нет; overlap_wind_change=1.175m/s>=0.5.
2026-02-03 18:00:00+00:00,2026-02-02 18:00:00+00:00,24.0,6.6,2.5,0.4347222222222221,0.6006941407997722,0.4347222222222221,baseline,turbine_2,2026-02-03 00:00:00+00:00,turbine_2: на 2026-02-03T00:00:00+00:00 проверяемого факта пока нет; overlap_wind_change=1.175m/s>=0.5.
2026-02-03 19:00:00+00:00,2026-02-02 18:00:00+00:00,25.0,6.29,1.7,0.3778888888888889,0.6506863303699173,0.3778888888888889,baseline,turbine_2,2026-02-03 00:00:00+00:00,turbine_2: на 2026-02-03T00:00:00+00:00 проверяемого факта пока нет; overlap_wind_change=1.175m/s>=0.5.
2026-02-03 20:00:00+00:00,2026-02-02 18:00:00+00:00,26.0,7.24,2.0,0.5885333333333334,0.5691847106420067,0.5885333333333334,baseline,turbine_2,2026-02-03 00:00:00+00:00,turbine_2: на 2026-02-03T00:00:00+00:00 проверяемого факта пока нет; overlap_wind_change=1.175m/s>=0.5.
2026-02-03 21:00:00+00:00,2026-02-02 18:00:00+00:00,27.0,6.48,2.5,0.41272222222222227,0.4607768091646278,0.41272222222222227,baseline,turbine_2,2026-02-03 00:00:00+00:00,turbine_2: на 2026-02-03T00:00:00+00:00 проверяемого факта пока нет; overlap_wind_change=1.175m/s>=0.5.
2026-02-03 22:00:00+00:00,2026-02-02 18:00:00+00:00,28.0,6.37,2.6,0.39255555555555555,0.47930404191205284,0.39255555555555555,baseline,turbine_2,2026-02-03 00:00:00+00:00,turbine_2: на 2026-02-03T00:00:00+00:00 проверяемого факта пока нет; overlap_wind_change=1.175m/s>=0.5.
2026-02-03 23:00:00+00:00,2026-02-02 18:00:00+00:00,29.0,6.16,2.5,0.35050555555555557,0.4224669558606373,0.35050555555555557,baseline,turbine_2,2026-02-03 00:00:00+00:00,turbine_2: на 2026-02-03T00:00:00+00:00 проверяемого факта пока нет; overlap_wind_change=1.175m/s>=0.5.
2026-02-04 00:00:00+00:00,2026-02-02 18:00:00+00:00,30.0,6.2,2.6,0.35941666666666666,0.40118041679227434,0.35941666666666666,baseline,turbine_2,2026-02-03 00:00:00+00:00,turbine_2: на 2026-02-03T00:00:00+00:00 проверяемого факта пока нет; overlap_wind_change=1.175m/s>=0.5.
2026-02-04 01:00:00+00:00,2026-02-02 18:00:00+00:00,31.0,6.34,2.5,0.3870555555555555,0.49621857357935295,0.3870555555555555,baseline,turbine_2,2026-02-03 00:00:00+00:00,turbine_2: на 2026-02-03T00:00:00+00:00 проверяемого факта пока нет; overlap_wind_change=1.175m/s>=0.5.
2026-02-04 02:00:00+00:00,2026-02-02 18:00:00+00:00,32.0,6.64,2.5,0.4420555555555554,0.4933438754233572,0.4420555555555554,baseline,turbine_2,2026-02-03 00:00:00+00:00,turbine_2: на 2026-02-03T00:00:00+00:00 проверяемого факта пока нет; overlap_wind_change=1.175m/s>=0.5.
2026-02-04 03:00:00+00:00,2026-02-02 18:00:00+00:00,33.0,6.17,2.7,0.3527333333333333,0.4677115903297525,0.3527333333333333,baseline,turbine_2,2026-02-03 00:00:00+00:00,turbine_2: на 2026-02-03T00:00:00+00:00 проверяемого факта пока нет; overlap_wind_change=1.175m/s>=0.5.
2026-02-04 04:00:00+00:00,2026-02-02 18:00:00+00:00,34.0,5.82,3.5,0.27476111111111123,0.42840843206940005,0.27476111111111123,baseline,turbine_2,2026-02-03 00:00:00+00:00,turbine_2: на 2026-02-03T00:00:00+00:00 проверяемого факта пока нет; overlap_wind_change=1.175m/s>=0.5.
2026-02-04 05:00:00+00:00,2026-02-02 18:00:00+00:00,35.0,5.05,4.7,0.17388888888888887,0.32715241879276546,0.17388888888888887,baseline,turbine_2,2026-02-03 00:00:00+00:00,turbine_2: на 2026-02-03T00:00:00+00:00 проверяемого факта пока нет; overlap_wind_change=1.175m/s>=0.5.
2026-02-04 06:00:00+00:00,2026-02-02 18:00:00+00:00,36.0,4.33,6.1,0.11282222222222224,0.28661028502945113,0.11282222222222224,baseline,turbine_2,2026-02-03 00:00:00+00:00,turbine_2: на 2026-02-03T00:00:00+00:00 проверяемого факта пока нет; overlap_wind_change=1.175m/s>=0.5.
2026-02-04 07:00:00+00:00,2026-02-02 18:00:00+00:00,37.0,4.99,7.1,0.16872222222222225,0.3850340948194528,0.16872222222222225,baseline,turbine_2,2026-02-03 00:00:00+00:00,turbine_2: на 2026-02-03T00:00:00+00:00 проверяемого факта пока нет; overlap_wind_change=1.175m/s>=0.5.
2026-02-04 08:00:00+00:00,2026-02-02 18:00:00+00:00,38.0,4.8,7.8,0.1523611111111111,0.31988805316753877,0.1523611111111111,baseline,turbine_2,2026-02-03 00:00:00+00:00,turbine_2: на 2026-02-03T00:00:00+00:00 проверяемого факта пока нет; overlap_wind_change=1.175m/s>=0.5.
2026-02-04 09:00:00+00:00,2026-02-02 18:00:00+00:00,39.0,4.4,8.1,0.11869444444444448,0.2893284280591815,0.11869444444444448,baseline,turbine_2,2026-02-03 00:00:00+00:00,turbine_2: на 2026-02-03T00:00:00+00:00 проверяемого факта пока нет; overlap_wind_change=1.175m/s>=0.5.
2026-02-04 10:00:00+00:00,2026-02-02 18:00:00+00:00,40.0,4.43,7.9,0.1212111111111111,0.30625570063526186,0.1212111111111111,baseline,turbine_2,2026-02-03 00:00:00+00:00,turbine_2: на 2026-02-03T00:00:00+00:00 проверяемого факта пока нет; overlap_wind_change=1.175m/s>=0.5.
2026-02-04 11:00:00+00:00,2026-02-02 18:00:00+00:00,41.0,4.1,6.7,0.09502777777777775,0.29631314259885966,0.09502777777777775,baseline,turbine_2,2026-02-03 00:00:00+00:00,turbine_2: на 2026-02-03T00:00:00+00:00 проверяемого факта пока нет; overlap_wind_change=1.175m/s>=0.5.
2026-02-04 12:00:00+00:00,2026-02-02 18:00:00+00:00,42.0,3.11,2.7,0.032911111111111106,0.14600558211300174,0.032911111111111106,baseline,turbine_2,2026-02-03 00:00:00+00:00,turbine_2: на 2026-02-03T00:00:00+00:00 проверяемого факта пока нет; overlap_wind_change=1.175m/s>=0.5.
2026-02-04 13:00:00+00:00,2026-02-02 18:00:00+00:00,43.0,1.57,0.5,0.014955555555555554,0.1332933279207058,0.014955555555555554,baseline,turbine_2,2026-02-03 00:00:00+00:00,turbine_2: на 2026-02-03T00:00:00+00:00 проверяемого факта пока нет; overlap_wind_change=1.175m/s>=0.5.
2026-02-04 14:00:00+00:00,2026-02-02 18:00:00+00:00,44.0,2.2,-0.4,0.02055555555555556,0.15077116750085917,0.02055555555555556,baseline,turbine_2,2026-02-03 00:00:00+00:00,turbine_2: на 2026-02-03T00:00:00+00:00 проверяемого факта пока нет; overlap_wind_change=1.175m/s>=0.5.
2026-02-04 15:00:00+00:00,2026-02-02 18:00:00+00:00,45.0,6.33,0.5,0.3852222222222222,0.7480383384515976,0.3852222222222222,baseline,turbine_2,2026-02-03 00:00:00+00:00,turbine_2: на 2026-02-03T00:00:00+00:00 проверяемого факта пока нет; overlap_wind_change=1.175m/s>=0.5.
2026-02-04 16:00:00+00:00,2026-02-02 18:00:00+00:00,46.0,6.2,0.2,0.35941666666666666,0.5592432154188323,0.35941666666666666,baseline,turbine_2,2026-02-03 00:00:00+00:00,turbine_2: на 2026-02-03T00:00:00+00:00 проверяемого факта пока нет; overlap_wind_change=1.175m/s>=0.5.
2026-02-04 17:00:00+00:00,2026-02-02 18:00:00+00:00,47.0,7.09,-0.5,0.5498666666666665,0.7025634969436518,0.5498666666666665,baseline,turbine_2,2026-02-03 00:00:00+00:00,turbine_2: на 2026-02-03T00:00:00+00:00 проверяемого факта пока нет; overlap_wind_change=1.175m/s>=0.5.
2026-02-04 18:00:00+00:00,2026-02-02 18:00:00+00:00,48.0,7.38,-0.9,0.606711111111111,0.7620130874691432,0.606711111111111,baseline,turbine_2,2026-02-03 00:00:00+00:00,turbine_2: на 2026-02-03T00:00:00+00:00 проверяемого факта пока нет; overlap_wind_change=1.175m/s>=0.5.
2026-02-04 19:00:00+00:00,2026-02-02 18:00:00+00:00,49.0,7.75,-0.9,0.6511111111111111,0.8179779968795547,0.6511111111111111,baseline,turbine_2,2026-02-03 00:00:00+00:00,turbine_2: на 2026-02-03T00:00:00+00:00 проверяемого факта пока нет; overlap_wind_change=1.175m/s>=0.5.
2026-02-04 20:00:00+00:00,2026-02-02 18:00:00+00:00,50.0,8.05,-0.9,0.7251111111111112,0.7198404267047859,0.7251111111111112,baseline,turbine_2,2026-02-03 00:00:00+00:00,turbine_2: на 2026-02-03T00:00:00+00:00 проверяемого факта пока нет; overlap_wind_change=1.175m/s>=0.5.
2026-02-04 21:00:00+00:00,2026-02-02 18:00:00+00:00,51.0,8.57,-0.4,0.8224444444444443,0.8225952181970029,0.8224444444444443,baseline,turbine_2,2026-02-03 00:00:00+00:00,turbine_2: на 2026-02-03T00:00:00+00:00 проверяемого факта пока нет; overlap_wind_change=1.175m/s>=0.5.
2026-02-04 22:00:00+00:00,2026-02-02 18:00:00+00:00,52.0,8.78,-0.4,0.8551611111111109,0.8138615603079121,0.8551611111111109,baseline,turbine_2,2026-02-03 00:00:00+00:00,turbine_2: на 2026-02-03T00:00:00+00:00 проверяемого факта пока нет; overlap_wind_change=1.175m/s>=0.5.
2026-02-04 23:00:00+00:00,2026-02-02 18:00:00+00:00,53.0,9.66,-0.4,0.9643111111111111,1.0,0.9643111111111111,baseline,turbine_2,2026-02-03 00:00:00+00:00,turbine_2: на 2026-02-03T00:00:00+00:00 проверяемого факта пока нет; overlap_wind_change=1.175m/s>=0.5.
2026-02-05 00:00:00+00:00,2026-02-02 18:00:00+00:00,54.0,10.38,0.3,0.9741888888888889,1.0,0.9741888888888889,baseline,turbine_2,2026-02-03 00:00:00+00:00,turbine_2: на 2026-02-03T00:00:00+00:00 проверяемого факта пока нет; overlap_wind_change=1.175m/s>=0.5.
2026-02-04 01:00:00+00:00,2026-02-03 18:00:00+00:00,7.0,6.77,2.7,0.47685555555555537,0.31451979017543036,0.47685555555555537,baseline,turbine_1,2026-02-04 00:00:00+00:00,turbine_1: на 2026-02-04T00:00:00+00:00 проверяемого факта пока нет; overlap_wind_change=0.886m/s>=0.5.
2026-02-04 02:00:00+00:00,2026-02-03 18:00:00+00:00,8.0,6.29,2.4,0.3797111111111111,0.35336532335842247,0.3797111111111111,baseline,turbine_1,2026-02-04 00:00:00+00:00,turbine_1: на 2026-02-04T00:00:00+00:00 проверяемого факта пока нет; overlap_wind_change=0.886m/s>=0.5.
2026-02-04 03:00:00+00:00,2026-02-03 18:00:00+00:00,9.0,6.49,2.1,0.4199333333333333,0.4190057148353074,0.4199333333333333,baseline,turbine_1,2026-02-04 00:00:00+00:00,turbine_1: на 2026-02-04T00:00:00+00:00 проверяемого факта пока нет; overlap_wind_change=0.886m/s>=0.5.
2026-02-04 04:00:00+00:00,2026-02-03 18:00:00+00:00,10.0,7.29,2.8,0.5929666666666666,0.40014920494275935,0.5929666666666666,baseline,turbine_1,2026-02-04 00:00:00+00:00,turbine_1: на 2026-02-04T00:00:00+00:00 проверяемого факта пока нет; overlap_wind_change=0.886m/s>=0.5.
2026-02-04 05:00:00+00:00,2026-02-03 18:00:00+00:00,11.0,7.67,3.5,0.6396222222222222,0.527420513922827,0.6396222222222222,baseline,turbine_1,2026-02-04 00:00:00+00:00,turbine_1: на 2026-02-04T00:00:00+00:00 проверяемого факта пока нет; overlap_wind_change=0.886m/s>=0.5.
2026-02-04 06:00:00+00:00,2026-02-03 18:00:00+00:00,12.0,6.59,4.2,0.44004444444444435,0.37928203200407007,0.44004444444444435,baseline,turbine_1,2026-02-04 00:00:00+00:00,turbine_1: на 2026-02-04T00:00:00+00:00 проверяемого факта пока нет; overlap_wind_change=0.886m/s>=0.5.
2026-02-04 07:00:00+00:00,2026-02-03 18:00:00+00:00,13.0,5.4,6.0,0.22322222222222227,0.21592792982153047,0.22322222222222227,baseline,turbine_1,2026-02-04 00:00:00+00:00,turbine_1: на 2026-02-04T00:00:00+00:00 проверяемого факта пока нет; overlap_wind_change=0.886m/s>=0.5.
2026-02-04 08:00:00+00:00,2026-02-03 18:00:00+00:00,14.0,4.39,7.5,0.13351111111111108,0.22052405237566275,0.13351111111111108,baseline,turbine_1,2026-02-04 00:00:00+00:00,turbine_1: на 2026-02-04T00:00:00+00:00 проверяемого факта пока нет; overlap_wind_change=0.886m/s>=0.5.
2026-02-04 09:00:00+00:00,2026-02-03 18:00:00+00:00,15.0,4.09,8.4,0.10687777777777777,0.23627729114072082,0.10687777777777777,baseline,turbine_1,2026-02-04 00:00:00+00:00,turbine_1: на 2026-02-04T00:00:00+00:00 проверяемого факта пока нет; overlap_wind_change=0.886m/s>=0.5.
2026-02-04 10:00:00+00:00,2026-02-03 18:00:00+00:00,16.0,3.59,8.2,0.0661111111111111,0.16055235178100108,0.0661111111111111,baseline,turbine_1,2026-02-04 00:00:00+00:00,turbine_1: на 2026-02-04T00:00:00+00:00 проверяемого факта пока нет; overlap_wind_change=0.886m/s>=0.5.
2026-02-04 11:00:00+00:00,2026-02-03 18:00:00+00:00,17.0,2.33,6.2,0.024944444444444446,0.08393842990536893,0.024944444444444446,baseline,turbine_1,2026-02-04 00:00:00+00:00,turbine_1: на 2026-02-04T00:00:00+00:00 проверяемого факта пока нет; overlap_wind_change=0.886m/s>=0.5.
2026-02-04 12:00:00+00:00,2026-02-03 18:00:00+00:00,18.0,2.14,3.3,0.021961111111111112,0.0954876930155445,0.021961111111111112,baseline,turbine_1,2026-02-04 00:00:00+00:00,turbine_1: на 2026-02-04T00:00:00+00:00 проверяемого факта пока нет; overlap_wind_change=0.886m/s>=0.5.
2026-02-04 13:00:00+00:00,2026-02-03 18:00:00+00:00,19.0,0.86,1.7,0.0111,0.025428809664744867,0.0111,baseline,turbine_1,2026-02-04 00:00:00+00:00,turbine_1: на 2026-02-04T00:00:00+00:00 проверяемого факта пока нет; overlap_wind_change=0.886m/s>=0.5.
2026-02-04 14:00:00+00:00,2026-02-03 18:00:00+00:00,20.0,4.14,1.3,0.11123888888888886,0.285135515679223,0.11123888888888886,baseline,turbine_1,2026-02-04 00:00:00+00:00,turbine_1: на 2026-02-04T00:00:00+00:00 проверяемого факта пока нет; overlap_wind_change=0.886m/s>=0.5.
2026-02-04 15:00:00+00:00,2026-02-03 18:00:00+00:00,21.0,5.93,0.9,0.3005555555555555,0.4975446621145911,0.3005555555555555,baseline,turbine_1,2026-02-04 00:00:00+00:00,turbine_1: на 2026-02-04T00:00:00+00:00 проверяемого факта пока нет; overlap_wind_change=0.886m/s>=0.5.
2026-02-04 16:00:00+00:00,2026-02-03 18:00:00+00:00,22.0,6.82,-0.1,0.4884388888888889,0.7555324282562029,0.4884388888888889,baseline,turbine_1,2026-02-04 00:00:00+00:00,turbine_1: на 2026-02-04T00:00:00+00:00 проверяемого факта пока нет; overlap_wind_change=0.886m/s>=0.5.
2026-02-04 17:00:00+00:00,2026-02-03 18:00:00+00:00,23.0,6.96,-1.0,0.5208722222222222,0.7360499740034215,0.5208722222222222,baseline,turbine_1,2026-02-04 00:00:00+00:00,turbine_1: на 2026-02-04T00:00:00+00:00 проверяемого факта пока нет; overlap_wind_change=0.886m/s>=0.5.
2026-02-04 18:00:00+00:00,2026-02-03 18:00:00+00:00,24.0,7.63,-1.3,0.634711111111111,0.7609818598431981,0.634711111111111,baseline,turbine_1,2026-02-04 00:00:00+00:00,turbine_1: на 2026-02-04T00:00:00+00:00 проверяемого факта пока нет; overlap_wind_change=0.886m/s>=0.5.
2026-02-04 19:00:00+00:00,2026-02-03 18:00:00+00:00,25.0,8.52,-1.3,0.8162777777777777,0.8957721765722031,0.8162777777777777,baseline,turbine_1,2026-02-04 00:00:00+00:00,turbine_1: на 2026-02-04T00:00:00+00:00 проверяемого факта пока нет; overlap_wind_change=0.886m/s>=0.5.
2026-02-04 20:00:00+00:00,2026-02-03 18:00:00+00:00,26.0,9.11,-0.9,0.9275222222222221,0.928004116050099,0.9275222222222221,baseline,turbine_1,2026-02-04 00:00:00+00:00,turbine_1: на 2026-02-04T00:00:00+00:00 проверяемого факта пока нет; overlap_wind_change=0.886m/s>=0.5.
2026-02-04 21:00:00+00:00,2026-02-03 18:00:00+00:00,27.0,9.71,-0.4,0.9786777777777779,0.9642751832352378,0.9786777777777779,baseline,turbine_1,2026-02-04 00:00:00+00:00,turbine_1: на 2026-02-04T00:00:00+00:00 проверяемого факта пока нет; overlap_wind_change=0.886m/s>=0.5.
2026-02-04 22:00:00+00:00,2026-02-03 18:00:00+00:00,28.0,10.07,-0.1,0.9815444444444444,0.9783834897499679,0.9815444444444444,baseline,turbine_1,2026-02-04 00:00:00+00:00,turbine_1: на 2026-02-04T00:00:00+00:00 проверяемого факта пока нет; overlap_wind_change=0.886m/s>=0.5.
2026-02-04 23:00:00+00:00,2026-02-03 18:00:00+00:00,29.0,10.41,0.2,0.9829222222222221,0.9043627830256203,0.9829222222222221,baseline,turbine_1,2026-02-04 00:00:00+00:00,turbine_1: на 2026-02-04T00:00:00+00:00 проверяемого факта пока нет; overlap_wind_change=0.886m/s>=0.5.
2026-02-05 00:00:00+00:00,2026-02-03 18:00:00+00:00,30.0,10.33,0.6,0.9824333333333333,0.9796463957024548,0.9824333333333333,baseline,turbine_1,2026-02-04 00:00:00+00:00,turbine_1: на 2026-02-04T00:00:00+00:00 проверяемого факта пока нет; overlap_wind_change=0.886m/s>=0.5.
2026-02-05 01:00:00+00:00,2026-02-03 18:00:00+00:00,31.0,10.93,1.0,0.9849999999999999,0.9147801719980617,0.9849999999999999,baseline,turbine_1,2026-02-04 00:00:00+00:00,turbine_1: на 2026-02-04T00:00:00+00:00 проверяемого факта пока нет; overlap_wind_change=0.886m/s>=0.5.
2026-02-05 02:00:00+00:00,2026-02-03 18:00:00+00:00,32.0,11.46,1.1,0.9870999999999999,0.9046232090567459,0.9870999999999999,baseline,turbine_1,2026-02-04 00:00:00+00:00,turbine_1: на 2026-02-04T00:00:00+00:00 проверяемого факта пока нет; overlap_wind_change=0.886m/s>=0.5.
2026-02-05 03:00:00+00:00,2026-02-03 18:00:00+00:00,33.0,10.9,1.6,0.9849999999999999,0.8936269785248981,0.9849999999999999,baseline,turbine_1,2026-02-04 00:00:00+00:00,turbine_1: на 2026-02-04T00:00:00+00:00 проверяемого факта пока нет; overlap_wind_change=0.886m/s>=0.5.
2026-02-05 04:00:00+00:00,2026-02-03 18:00:00+00:00,34.0,10.09,2.7,0.9815888888888888,0.9191509239403222,0.9815888888888888,baseline,turbine_1,2026-02-04 00:00:00+00:00,turbine_1: на 2026-02-04T00:00:00+00:00 проверяемого факта пока нет; overlap_wind_change=0.886m/s>=0.5.
2026-02-05 05:00:00+00:00,2026-02-03 18:00:00+00:00,35.0,10.37,4.6,0.9826777777777778,0.8747460103399223,0.9826777777777778,baseline,turbine_1,2026-02-04 00:00:00+00:00,turbine_1: на 2026-02-04T00:00:00+00:00 проверяемого факта пока нет; overlap_wind_change=0.886m/s>=0.5.
2026-02-05 06:00:00+00:00,2026-02-03 18:00:00+00:00,36.0,11.74,6.5,0.9898999999999999,0.8906237242656727,0.9898999999999999,baseline,turbine_1,2026-02-04 00:00:00+00:00,turbine_1: на 2026-02-04T00:00:00+00:00 проверяемого факта пока нет; overlap_wind_change=0.886m/s>=0.5.
2026-02-05 07:00:00+00:00,2026-02-03 18:00:00+00:00,37.0,12.23,7.7,0.9899999999999999,0.8305107617523659,0.9899999999999999,baseline,turbine_1,2026-02-04 00:00:00+00:00,turbine_1: на 2026-02-04T00:00:00+00:00 проверяемого факта пока нет; overlap_wind_change=0.886m/s>=0.5.
2026-02-05 08:00:00+00:00,2026-02-03 18:00:00+00:00,38.0,11.42,8.4,0.9866999999999999,0.8347973996506652,0.9866999999999999,baseline,turbine_1,2026-02-04 00:00:00+00:00,turbine_1: на 2026-02-04T00:00:00+00:00 проверяемого факта пока нет; overlap_wind_change=0.886m/s>=0.5.
2026-02-05 09:00:00+00:00,2026-02-03 18:00:00+00:00,39.0,10.48,8.2,0.98335,0.8957586875153144,0.98335,baseline,turbine_1,2026-02-04 00:00:00+00:00,turbine_1: на 2026-02-04T00:00:00+00:00 проверяемого факта пока нет; overlap_wind_change=0.886m/s>=0.5.
2026-02-05 10:00:00+00:00,2026-02-03 18:00:00+00:00,40.0,8.93,7.9,0.8936222222222221,0.8074792794381859,0.8936222222222221,baseline,turbine_1,2026-02-04 00:00:00+00:00,turbine_1: на 2026-02-04T00:00:00+00:00 проверяемого факта пока нет; overlap_wind_change=0.886m/s>=0.5.
2026-02-05 11:00:00+00:00,2026-02-03 18:00:00+00:00,41.0,8.89,6.3,0.8860888888888889,0.7849817005569637,0.8860888888888889,baseline,turbine_1,2026-02-04 00:00:00+00:00,turbine_1: на 2026-02-04T00:00:00+00:00 проверяемого факта пока нет; overlap_wind_change=0.886m/s>=0.5.
2026-02-05 12:00:00+00:00,2026-02-03 18:00:00+00:00,42.0,7.61,3.1,0.6322555555555556,0.6700234502915936,0.6322555555555556,baseline,turbine_1,2026-02-04 00:00:00+00:00,turbine_1: на 2026-02-04T00:00:00+00:00 проверяемого факта пока нет; overlap_wind_change=0.886m/s>=0.5.
2026-02-05 13:00:00+00:00,2026-02-03 18:00:00+00:00,43.0,6.82,0.7,0.4884388888888889,0.7124340450995321,0.4884388888888889,baseline,turbine_1,2026-02-04 00:00:00+00:00,turbine_1: на 2026-02-04T00:00:00+00:00 проверяемого факта пока нет; overlap_wind_change=0.886m/s>=0.5.
2026-02-05 14:00:00+00:00,2026-02-03 18:00:00+00:00,44.0,6.89,0.5,0.5046555555555554,0.7278511420910626,0.5046555555555554,baseline,turbine_1,2026-02-04 00:00:00+00:00,turbine_1: на 2026-02-04T00:00:00+00:00 проверяемого факта пока нет; overlap_wind_change=0.886m/s>=0.5.
2026-02-05 15:00:00+00:00,2026-02-03 18:00:00+00:00,45.0,6.99,-0.2,0.5278222222222222,0.7973782594062184,0.5278222222222222,baseline,turbine_1,2026-02-04 00:00:00+00:00,turbine_1: на 2026-02-04T00:00:00+00:00 проверяемого факта пока нет; overlap_wind_change=0.886m/s>=0.5.
2026-02-05 16:00:00+00:00,2026-02-03 18:00:00+00:00,46.0,6.55,-1.3,0.43199999999999994,0.8218721865175034,0.43199999999999994,baseline,turbine_1,2026-02-04 00:00:00+00:00,turbine_1: на 2026-02-04T00:00:00+00:00 проверяемого факта пока нет; overlap_wind_change=0.886m/s>=0.5.
2026-02-05 17:00:00+00:00,2026-02-03 18:00:00+00:00,47.0,6.22,-1.4,0.36499999999999994,0.6355528803381086,0.36499999999999994,baseline,turbine_1,2026-02-04 00:00:00+00:00,turbine_1: на 2026-02-04T00:00:00+00:00 проверяемого факта пока нет; overlap_wind_change=0.886m/s>=0.5.
2026-02-05 18:00:00+00:00,2026-02-03 18:00:00+00:00,48.0,6.34,-1.6,0.3897666666666666,0.7872864090759978,0.3897666666666666,baseline,turbine_1,2026-02-04 00:00:00+00:00,turbine_1: на 2026-02-04T00:00:00+00:00 проверяемого факта пока нет; overlap_wind_change=0.886m/s>=0.5.
2026-02-05 19:00:00+00:00,2026-02-03 18:00:00+00:00,49.0,6.06,-0.9,0.3294444444444444,0.46708602518870024,0.3294444444444444,baseline,turbine_1,2026-02-04 00:00:00+00:00,turbine_1: на 2026-02-04T00:00:00+00:00 проверяемого факта пока нет; overlap_wind_change=0.886m/s>=0.5.
2026-02-05 20:00:00+00:00,2026-02-03 18:00:00+00:00,50.0,5.68,-0.8,0.2530888888888889,0.3500514321786313,0.2530888888888889,baseline,turbine_1,2026-02-04 00:00:00+00:00,turbine_1: на 2026-02-04T00:00:00+00:00 проверяемого факта пока нет; overlap_wind_change=0.886m/s>=0.5.
2026-02-05 21:00:00+00:00,2026-02-03 18:00:00+00:00,51.0,5.39,-1.1,0.22215555555555552,0.32104910730158964,0.22215555555555552,baseline,turbine_1,2026-02-04 00:00:00+00:00,turbine_1: на 2026-02-04T00:00:00+00:00 проверяемого факта пока нет; overlap_wind_change=0.886m/s>=0.5.
2026-02-05 22:00:00+00:00,2026-02-03 18:00:00+00:00,52.0,5.03,-0.3,0.18913333333333335,0.3526641287593266,0.18913333333333335,baseline,turbine_1,2026-02-04 00:00:00+00:00,turbine_1: на 2026-02-04T00:00:00+00:00 проверяемого факта пока нет; overlap_wind_change=0.886m/s>=0.5.
2026-02-05 23:00:00+00:00,2026-02-03 18:00:00+00:00,53.0,3.06,0.5,0.03848888888888889,0.14459818714580386,0.03848888888888889,baseline,turbine_1,2026-02-04 00:00:00+00:00,turbine_1: на 2026-02-04T00:00:00+00:00 проверяемого факта пока нет; overlap_wind_change=0.886m/s>=0.5.
2026-02-06 00:00:00+00:00,2026-02-03 18:00:00+00:00,54.0,3.97,1.2,0.09641111111111113,0.17684598671086565,0.09641111111111113,baseline,turbine_1,2026-02-04 00:00:00+00:00,turbine_1: на 2026-02-04T00:00:00+00:00 проверяемого факта пока нет; overlap_wind_change=0.886m/s>=0.5.
2026-02-04 01:00:00+00:00,2026-02-03 18:00:00+00:00,7.0,6.77,2.7,0.4673777777777776,0.3239150984554452,0.4673777777777776,baseline,turbine_2,2026-02-04 00:00:00+00:00,turbine_2: на 2026-02-04T00:00:00+00:00 проверяемого факта пока нет; overlap_wind_change=0.886m/s>=0.5.
2026-02-04 02:00:00+00:00,2026-02-03 18:00:00+00:00,8.0,6.29,2.4,0.3778888888888889,0.33372719809530793,0.3778888888888889,baseline,turbine_2,2026-02-04 00:00:00+00:00,turbine_2: на 2026-02-04T00:00:00+00:00 проверяемого факта пока нет; overlap_wind_change=0.886m/s>=0.5.
2026-02-04 03:00:00+00:00,2026-02-03 18:00:00+00:00,9.0,6.49,2.1,0.41455555555555557,0.3808536759727753,0.41455555555555557,baseline,turbine_2,2026-02-04 00:00:00+00:00,turbine_2: на 2026-02-04T00:00:00+00:00 проверяемого факта пока нет; overlap_wind_change=0.886m/s>=0.5.
2026-02-04 04:00:00+00:00,2026-02-03 18:00:00+00:00,10.0,7.29,2.8,0.5959111111111111,0.36371907051458463,0.5959111111111111,baseline,turbine_2,2026-02-04 00:00:00+00:00,turbine_2: на 2026-02-04T00:00:00+00:00 проверяемого факта пока нет; overlap_wind_change=0.886m/s>=0.5.
2026-02-04 05:00:00+00:00,2026-02-03 18:00:00+00:00,11.0,7.67,3.5,0.641511111111111,0.5196505439229784,0.641511111111111,baseline,turbine_2,2026-02-04 00:00:00+00:00,turbine_2: на 2026-02-04T00:00:00+00:00 проверяемого факта пока нет; overlap_wind_change=0.886m/s>=0.5.
2026-02-04 06:00:00+00:00,2026-02-03 18:00:00+00:00,12.0,6.59,4.2,0.4328888888888888,0.36142636652528376,0.4328888888888888,baseline,turbine_2,2026-02-04 00:00:00+00:00,turbine_2: на 2026-02-04T00:00:00+00:00 проверяемого факта пока нет; overlap_wind_change=0.886m/s>=0.5.
2026-02-04 07:00:00+00:00,2026-02-03 18:00:00+00:00,13.0,5.4,6.0,0.21152777777777781,0.31646402225494713,0.21152777777777781,baseline,turbine_2,2026-02-04 00:00:00+00:00,turbine_2: на 2026-02-04T00:00:00+00:00 проверяемого факта пока нет; overlap_wind_change=0.886m/s>=0.5.
2026-02-04 08:00:00+00:00,2026-02-03 18:00:00+00:00,14.0,4.39,7.5,0.11785555555555553,0.2771950691050101,0.11785555555555553,baseline,turbine_2,2026-02-04 00:00:00+00:00,turbine_2: на 2026-02-04T00:00:00+00:00 проверяемого факта пока нет; overlap_wind_change=0.886m/s>=0.5.
2026-02-04 09:00:00+00:00,2026-02-03 18:00:00+00:00,15.0,4.09,8.4,0.09428888888888888,0.27662292923934756,0.09428888888888888,baseline,turbine_2,2026-02-04 00:00:00+00:00,turbine_2: на 2026-02-04T00:00:00+00:00 проверяемого факта пока нет; overlap_wind_change=0.886m/s>=0.5.
2026-02-04 10:00:00+00:00,2026-02-03 18:00:00+00:00,16.0,3.59,8.2,0.0584111111111111,0.2318166637255938,0.0584111111111111,baseline,turbine_2,2026-02-04 00:00:00+00:00,turbine_2: на 2026-02-04T00:00:00+00:00 проверяемого факта пока нет; overlap_wind_change=0.886m/s>=0.5.
2026-02-04 11:00:00+00:00,2026-02-03 18:00:00+00:00,17.0,2.33,6.2,0.021911111111111114,0.13116825469897103,0.021911111111111114,baseline,turbine_2,2026-02-04 00:00:00+00:00,turbine_2: на 2026-02-04T00:00:00+00:00 проверяемого факта пока нет; overlap_wind_change=0.886m/s>=0.5.
2026-02-04 12:00:00+00:00,2026-02-03 18:00:00+00:00,18.0,2.14,3.3,0.01988888888888889,0.1289147578299111,0.01988888888888889,baseline,turbine_2,2026-02-04 00:00:00+00:00,turbine_2: на 2026-02-04T00:00:00+00:00 проверяемого факта пока нет; overlap_wind_change=0.886m/s>=0.5.
2026-02-04 13:00:00+00:00,2026-02-03 18:00:00+00:00,19.0,0.86,1.7,0.010855555555555556,0.09978824977370979,0.010855555555555556,baseline,turbine_2,2026-02-04 00:00:00+00:00,turbine_2: на 2026-02-04T00:00:00+00:00 проверяемого факта пока нет; overlap_wind_change=0.886m/s>=0.5.
2026-02-04 14:00:00+00:00,2026-02-03 18:00:00+00:00,20.0,4.14,1.3,0.09798333333333331,0.32801320572143056,0.09798333333333331,baseline,turbine_2,2026-02-04 00:00:00+00:00,turbine_2: на 2026-02-04T00:00:00+00:00 проверяемого факта пока нет; overlap_wind_change=0.886m/s>=0.5.
2026-02-04 15:00:00+00:00,2026-02-03 18:00:00+00:00,21.0,5.93,0.9,0.2992666666666666,0.4942750116114344,0.2992666666666666,baseline,turbine_2,2026-02-04 00:00:00+00:00,turbine_2: на 2026-02-04T00:00:00+00:00 проверяемого факта пока нет; overlap_wind_change=0.886m/s>=0.5.
2026-02-04 16:00:00+00:00,2026-02-03 18:00:00+00:00,22.0,6.82,-0.1,0.4802666666666667,0.7977931937545382,0.4802666666666667,baseline,turbine_2,2026-02-04 00:00:00+00:00,turbine_2: на 2026-02-04T00:00:00+00:00 проверяемого факта пока нет; overlap_wind_change=0.886m/s>=0.5.
2026-02-04 17:00:00+00:00,2026-02-03 18:00:00+00:00,23.0,6.96,-1.0,0.5163555555555555,0.7138177432848714,0.5163555555555555,baseline,turbine_2,2026-02-04 00:00:00+00:00,turbine_2: на 2026-02-04T00:00:00+00:00 проверяемого факта пока нет; overlap_wind_change=0.886m/s>=0.5.
2026-02-04 18:00:00+00:00,2026-02-03 18:00:00+00:00,24.0,7.63,-1.3,0.636711111111111,0.773105896971347,0.636711111111111,baseline,turbine_2,2026-02-04 00:00:00+00:00,turbine_2: на 2026-02-04T00:00:00+00:00 проверяемого факта пока нет; overlap_wind_change=0.886m/s>=0.5.
2026-02-04 19:00:00+00:00,2026-02-03 18:00:00+00:00,25.0,8.52,-1.3,0.8149444444444442,0.950615856973138,0.8149444444444442,baseline,turbine_2,2026-02-04 00:00:00+00:00,turbine_2: на 2026-02-04T00:00:00+00:00 проверяемого факта пока нет; overlap_wind_change=0.886m/s>=0.5.
2026-02-04 20:00:00+00:00,2026-02-03 18:00:00+00:00,26.0,9.11,-0.9,0.9180444444444442,0.895081104603618,0.9180444444444442,baseline,turbine_2,2026-02-04 00:00:00+00:00,turbine_2: на 2026-02-04T00:00:00+00:00 проверяемого факта пока нет; overlap_wind_change=0.886m/s>=0.5.
2026-02-04 21:00:00+00:00,2026-02-03 18:00:00+00:00,27.0,9.71,-0.4,0.9667,0.9678499445860966,0.9667,baseline,turbine_2,2026-02-04 00:00:00+00:00,turbine_2: на 2026-02-04T00:00:00+00:00 проверяемого факта пока нет; overlap_wind_change=0.886m/s>=0.5.
2026-02-04 22:00:00+00:00,2026-02-03 18:00:00+00:00,28.0,10.07,-0.1,0.9718111111111111,0.9601499886060443,0.9718111111111111,baseline,turbine_2,2026-02-04 00:00:00+00:00,turbine_2: на 2026-02-04T00:00:00+00:00 проверяемого факта пока нет; overlap_wind_change=0.886m/s>=0.5.
2026-02-04 23:00:00+00:00,2026-02-03 18:00:00+00:00,29.0,10.41,0.2,0.9743222222222222,1.0,0.9743222222222222,baseline,turbine_2,2026-02-04 00:00:00+00:00,turbine_2: на 2026-02-04T00:00:00+00:00 проверяемого факта пока нет; overlap_wind_change=0.886m/s>=0.5.
2026-02-05 00:00:00+00:00,2026-02-03 18:00:00+00:00,30.0,10.33,0.6,0.9739666666666666,1.0,0.9739666666666666,baseline,turbine_2,2026-02-04 00:00:00+00:00,turbine_2: на 2026-02-04T00:00:00+00:00 проверяемого факта пока нет; overlap_wind_change=0.886m/s>=0.5.
2026-02-05 01:00:00+00:00,2026-02-03 18:00:00+00:00,31.0,10.93,1.0,0.9763333333333333,0.9623108953066227,0.9763333333333333,baseline,turbine_2,2026-02-04 00:00:00+00:00,turbine_2: на 2026-02-04T00:00:00+00:00 проверяемого факта пока нет; overlap_wind_change=0.886m/s>=0.5.
2026-02-05 02:00:00+00:00,2026-02-03 18:00:00+00:00,32.0,11.46,1.1,0.9767555555555555,0.9450892824678784,0.9767555555555555,baseline,turbine_2,2026-02-04 00:00:00+00:00,turbine_2: на 2026-02-04T00:00:00+00:00 проверяемого факта пока нет; overlap_wind_change=0.886m/s>=0.5.
2026-02-05 03:00:00+00:00,2026-02-03 18:00:00+00:00,33.0,10.9,1.6,0.97625,0.944918299362022,0.97625,baseline,turbine_2,2026-02-04 00:00:00+00:00,turbine_2: на 2026-02-04T00:00:00+00:00 проверяемого факта пока нет; overlap_wind_change=0.886m/s>=0.5.
2026-02-05 04:00:00+00:00,2026-02-03 18:00:00+00:00,34.0,10.09,2.7,0.972011111111111,0.9836700139587856,0.972011111111111,baseline,turbine_2,2026-02-04 00:00:00+00:00,turbine_2: на 2026-02-04T00:00:00+00:00 проверяемого факта пока нет; overlap_wind_change=0.886m/s>=0.5.
2026-02-05 05:00:00+00:00,2026-02-03 18:00:00+00:00,35.0,10.37,4.6,0.9741444444444444,0.8897352532153757,0.9741444444444444,baseline,turbine_2,2026-02-04 00:00:00+00:00,turbine_2: на 2026-02-04T00:00:00+00:00 проверяемого факта пока нет; overlap_wind_change=0.886m/s>=0.5.
2026-02-05 06:00:00+00:00,2026-02-03 18:00:00+00:00,36.0,11.74,6.5,0.9761333333333333,0.9138123001505735,0.9761333333333333,baseline,turbine_2,2026-02-04 00:00:00+00:00,turbine_2: на 2026-02-04T00:00:00+00:00 проверяемого факта пока нет; overlap_wind_change=0.886m/s>=0.5.
2026-02-05 07:00:00+00:00,2026-02-03 18:00:00+00:00,37.0,12.23,7.7,0.9753111111111111,0.8441155976488426,0.9753111111111111,baseline,turbine_2,2026-02-04 00:00:00+00:00,turbine_2: на 2026-02-04T00:00:00+00:00 проверяемого факта пока нет; overlap_wind_change=0.886m/s>=0.5.
2026-02-05 08:00:00+00:00,2026-02-03 18:00:00+00:00,38.0,11.42,8.4,0.9768444444444444,0.8611719721644573,0.9768444444444444,baseline,turbine_2,2026-02-04 00:00:00+00:00,turbine_2: на 2026-02-04T00:00:00+00:00 проверяемого факта пока нет; overlap_wind_change=0.886m/s>=0.5.
2026-02-05 09:00:00+00:00,2026-02-03 18:00:00+00:00,39.0,10.48,8.2,0.9746333333333332,0.9039146240564823,0.9746333333333332,baseline,turbine_2,2026-02-04 00:00:00+00:00,turbine_2: на 2026-02-04T00:00:00+00:00 проверяемого факта пока нет; overlap_wind_change=0.886m/s>=0.5.
2026-02-05 10:00:00+00:00,2026-02-03 18:00:00+00:00,40.0,8.93,7.9,0.8837444444444443,0.8428674301455839,0.8837444444444443,baseline,turbine_2,2026-02-04 00:00:00+00:00,turbine_2: на 2026-02-04T00:00:00+00:00 проверяемого факта пока нет; overlap_wind_change=0.886m/s>=0.5.
2026-02-05 11:00:00+00:00,2026-02-03 18:00:00+00:00,41.0,8.89,6.3,0.8761222222222222,0.8741945594913351,0.8761222222222222,baseline,turbine_2,2026-02-04 00:00:00+00:00,turbine_2: на 2026-02-04T00:00:00+00:00 проверяемого факта пока нет; overlap_wind_change=0.886m/s>=0.5.
2026-02-05 12:00:00+00:00,2026-02-03 18:00:00+00:00,42.0,7.61,3.1,0.6343111111111112,0.8074426212038135,0.6343111111111112,baseline,turbine_2,2026-02-04 00:00:00+00:00,turbine_2: на 2026-02-04T00:00:00+00:00 проверяемого факта пока нет; overlap_wind_change=0.886m/s>=0.5.
2026-02-05 13:00:00+00:00,2026-02-03 18:00:00+00:00,43.0,6.82,0.7,0.4802666666666667,0.7409842428793412,0.4802666666666667,baseline,turbine_2,2026-02-04 00:00:00+00:00,turbine_2: на 2026-02-04T00:00:00+00:00 проверяемого факта пока нет; overlap_wind_change=0.886m/s>=0.5.
2026-02-05 14:00:00+00:00,2026-02-03 18:00:00+00:00,44.0,6.89,0.5,0.4983111111111109,0.747283564289279,0.4983111111111109,baseline,turbine_2,2026-02-04 00:00:00+00:00,turbine_2: на 2026-02-04T00:00:00+00:00 проверяемого факта пока нет; overlap_wind_change=0.886m/s>=0.5.
2026-02-05 15:00:00+00:00,2026-02-03 18:00:00+00:00,45.0,6.99,-0.2,0.5240888888888888,0.82778433841137,0.5240888888888888,baseline,turbine_2,2026-02-04 00:00:00+00:00,turbine_2: на 2026-02-04T00:00:00+00:00 проверяемого факта пока нет; overlap_wind_change=0.886m/s>=0.5.
2026-02-05 16:00:00+00:00,2026-02-03 18:00:00+00:00,46.0,6.55,-1.3,0.42555555555555546,0.8350043707651018,0.42555555555555546,baseline,turbine_2,2026-02-04 00:00:00+00:00,turbine_2: на 2026-02-04T00:00:00+00:00 проверяемого факта пока нет; overlap_wind_change=0.886m/s>=0.5.
2026-02-05 17:00:00+00:00,2026-02-03 18:00:00+00:00,47.0,6.22,-1.4,0.36387222222222215,0.625747475806063,0.36387222222222215,baseline,turbine_2,2026-02-04 00:00:00+00:00,turbine_2: на 2026-02-04T00:00:00+00:00 проверяемого факта пока нет; overlap_wind_change=0.886m/s>=0.5.
2026-02-05 18:00:00+00:00,2026-02-03 18:00:00+00:00,48.0,6.34,-1.6,0.3870555555555555,0.8113576247726888,0.3870555555555555,baseline,turbine_2,2026-02-04 00:00:00+00:00,turbine_2: на 2026-02-04T00:00:00+00:00 проверяемого факта пока нет; overlap_wind_change=0.886m/s>=0.5.
2026-02-05 19:00:00+00:00,2026-02-03 18:00:00+00:00,49.0,6.06,-0.9,0.3282277777777777,0.4379742738111343,0.3282277777777777,baseline,turbine_2,2026-02-04 00:00:00+00:00,turbine_2: на 2026-02-04T00:00:00+00:00 проверяемого факта пока нет; overlap_wind_change=0.886m/s>=0.5.
2026-02-05 20:00:00+00:00,2026-02-03 18:00:00+00:00,50.0,5.68,-0.8,0.24963888888888888,0.343943123055125,0.24963888888888888,baseline,turbine_2,2026-02-04 00:00:00+00:00,turbine_2: на 2026-02-04T00:00:00+00:00 проверяемого факта пока нет; overlap_wind_change=0.886m/s>=0.5.
2026-02-05 21:00:00+00:00,2026-02-03 18:00:00+00:00,51.0,5.39,-1.1,0.2101666666666666,0.2864172197766507,0.2101666666666666,baseline,turbine_2,2026-02-04 00:00:00+00:00,turbine_2: на 2026-02-04T00:00:00+00:00 проверяемого факта пока нет; overlap_wind_change=0.886m/s>=0.5.
2026-02-05 22:00:00+00:00,2026-02-03 18:00:00+00:00,52.0,5.03,-0.3,0.1721666666666667,0.3510881782452996,0.1721666666666667,baseline,turbine_2,2026-02-04 00:00:00+00:00,turbine_2: на 2026-02-04T00:00:00+00:00 проверяемого факта пока нет; overlap_wind_change=0.886m/s>=0.5.
2026-02-05 23:00:00+00:00,2026-02-03 18:00:00+00:00,53.0,3.06,0.5,0.03196666666666667,0.17704532996547215,0.03196666666666667,baseline,turbine_2,2026-02-04 00:00:00+00:00,turbine_2: на 2026-02-04T00:00:00+00:00 проверяемого факта пока нет; overlap_wind_change=0.886m/s>=0.5.
2026-02-06 00:00:00+00:00,2026-02-03 18:00:00+00:00,54.0,3.97,1.2,0.08542222222222223,0.17043450451094477,0.08542222222222223,baseline,turbine_2,2026-02-04 00:00:00+00:00,turbine_2: на 2026-02-04T00:00:00+00:00 проверяемого факта пока нет; overlap_wind_change=0.886m/s>=0.5.
2026-02-05 01:00:00+00:00,2026-02-04 18:00:00+00:00,7.0,12.01,1.3,0.9899999999999999,0.8687054763688747,0.9899999999999999,baseline,turbine_1,2026-02-05 00:00:00+00:00,turbine_1: на 2026-02-05T00:00:00+00:00 проверяемого факта пока нет; overlap_wind_change=0.650m/s>=0.5.
2026-02-05 02:00:00+00:00,2026-02-04 18:00:00+00:00,8.0,12.34,1.3,0.9899999999999999,0.8552602979948807,0.9899999999999999,baseline,turbine_1,2026-02-05 00:00:00+00:00,turbine_1: на 2026-02-05T00:00:00+00:00 проверяемого факта пока нет; overlap_wind_change=0.650m/s>=0.5.
2026-02-05 03:00:00+00:00,2026-02-04 18:00:00+00:00,9.0,11.91,1.8,0.9899999999999999,0.8398903445506,0.9899999999999999,baseline,turbine_1,2026-02-05 00:00:00+00:00,turbine_1: на 2026-02-05T00:00:00+00:00 проверяемого факта пока нет; overlap_wind_change=0.650m/s>=0.5.
2026-02-05 04:00:00+00:00,2026-02-04 18:00:00+00:00,10.0,11.24,3.1,0.9849999999999999,0.8593318655872635,0.9849999999999999,baseline,turbine_1,2026-02-05 00:00:00+00:00,turbine_1: на 2026-02-05T00:00:00+00:00 проверяемого факта пока нет; overlap_wind_change=0.650m/s>=0.5.
2026-02-05 05:00:00+00:00,2026-02-04 18:00:00+00:00,11.0,11.15,4.6,0.9849999999999999,0.8396522714709382,0.9849999999999999,baseline,turbine_1,2026-02-05 00:00:00+00:00,turbine_1: на 2026-02-05T00:00:00+00:00 проверяемого факта пока нет; overlap_wind_change=0.650m/s>=0.5.
2026-02-05 06:00:00+00:00,2026-02-04 18:00:00+00:00,12.0,11.23,6.3,0.9849999999999999,0.8845852098188866,0.9849999999999999,baseline,turbine_1,2026-02-05 00:00:00+00:00,turbine_1: на 2026-02-05T00:00:00+00:00 проверяемого факта пока нет; overlap_wind_change=0.650m/s>=0.5.
2026-02-05 07:00:00+00:00,2026-02-04 18:00:00+00:00,13.0,11.17,7.5,0.9849999999999999,0.8323156797457633,0.9849999999999999,baseline,turbine_1,2026-02-05 00:00:00+00:00,turbine_1: на 2026-02-05T00:00:00+00:00 проверяемого факта пока нет; overlap_wind_change=0.650m/s>=0.5.
2026-02-05 08:00:00+00:00,2026-02-04 18:00:00+00:00,14.0,10.17,8.3,0.9817666666666667,0.8623825411980075,0.9817666666666667,baseline,turbine_1,2026-02-05 00:00:00+00:00,turbine_1: на 2026-02-05T00:00:00+00:00 проверяемого факта пока нет; overlap_wind_change=0.650m/s>=0.5.
2026-02-05 09:00:00+00:00,2026-02-04 18:00:00+00:00,15.0,9.19,8.5,0.9425888888888888,0.8829284114945581,0.9425888888888888,baseline,turbine_1,2026-02-05 00:00:00+00:00,turbine_1: на 2026-02-05T00:00:00+00:00 проверяемого факта пока нет; overlap_wind_change=0.650m/s>=0.5.
2026-02-05 10:00:00+00:00,2026-02-04 18:00:00+00:00,16.0,7.79,8.1,0.658711111111111,0.68836002757269,0.658711111111111,baseline,turbine_1,2026-02-05 00:00:00+00:00,turbine_1: на 2026-02-05T00:00:00+00:00 проверяемого факта пока нет; overlap_wind_change=0.650m/s>=0.5.
2026-02-05 11:00:00+00:00,2026-02-04 18:00:00+00:00,17.0,7.82,6.6,0.6656611111111111,0.6497560277055171,0.6656611111111111,baseline,turbine_1,2026-02-05 00:00:00+00:00,turbine_1: на 2026-02-05T00:00:00+00:00 проверяемого факта пока нет; overlap_wind_change=0.650m/s>=0.5.
2026-02-05 12:00:00+00:00,2026-02-04 18:00:00+00:00,18.0,6.96,3.4,0.5208722222222222,0.6447257121690262,0.5208722222222222,baseline,turbine_1,2026-02-05 00:00:00+00:00,turbine_1: на 2026-02-05T00:00:00+00:00 проверяемого факта пока нет; overlap_wind_change=0.650m/s>=0.5.
2026-02-05 13:00:00+00:00,2026-02-04 18:00:00+00:00,19.0,6.61,0.6,0.44406666666666667,0.7146916534409419,0.44406666666666667,baseline,turbine_1,2026-02-05 00:00:00+00:00,turbine_1: на 2026-02-05T00:00:00+00:00 проверяемого факта пока нет; overlap_wind_change=0.650m/s>=0.5.
2026-02-05 14:00:00+00:00,2026-02-04 18:00:00+00:00,20.0,7.07,-0.4,0.5463555555555556,0.7658203003153061,0.5463555555555556,baseline,turbine_1,2026-02-05 00:00:00+00:00,turbine_1: на 2026-02-05T00:00:00+00:00 проверяемого факта пока нет; overlap_wind_change=0.650m/s>=0.5.
2026-02-05 15:00:00+00:00,2026-02-04 18:00:00+00:00,21.0,6.93,-0.9,0.5139222222222221,0.7822619764862849,0.5139222222222221,baseline,turbine_1,2026-02-05 00:00:00+00:00,turbine_1: на 2026-02-05T00:00:00+00:00 проверяемого факта пока нет; overlap_wind_change=0.650m/s>=0.5.
2026-02-05 16:00:00+00:00,2026-02-04 18:00:00+00:00,22.0,6.76,-1.5,0.4745388888888888,0.820884850621456,0.4745388888888888,baseline,turbine_1,2026-02-05 00:00:00+00:00,turbine_1: на 2026-02-05T00:00:00+00:00 проверяемого факта пока нет; overlap_wind_change=0.650m/s>=0.5.
2026-02-05 17:00:00+00:00,2026-02-04 18:00:00+00:00,23.0,6.83,-1.1,0.4907555555555555,0.813297639610003,0.4907555555555555,baseline,turbine_1,2026-02-05 00:00:00+00:00,turbine_1: на 2026-02-05T00:00:00+00:00 проверяемого факта пока нет; overlap_wind_change=0.650m/s>=0.5.
2026-02-05 18:00:00+00:00,2026-02-04 18:00:00+00:00,24.0,6.57,-1.4,0.43602222222222226,0.8111025204112802,0.43602222222222226,baseline,turbine_1,2026-02-05 00:00:00+00:00,turbine_1: на 2026-02-05T00:00:00+00:00 проверяемого факта пока нет; overlap_wind_change=0.650m/s>=0.5.
2026-02-05 19:00:00+00:00,2026-02-04 18:00:00+00:00,25.0,6.18,-1.6,0.35611111111111104,0.46421343250786085,0.35611111111111104,baseline,turbine_1,2026-02-05 00:00:00+00:00,turbine_1: на 2026-02-05T00:00:00+00:00 проверяемого факта пока нет; overlap_wind_change=0.650m/s>=0.5.
2026-02-05 20:00:00+00:00,2026-02-04 18:00:00+00:00,26.0,5.49,-1.9,0.23282222222222226,0.34593162525191906,0.23282222222222226,baseline,turbine_1,2026-02-05 00:00:00+00:00,turbine_1: на 2026-02-05T00:00:00+00:00 проверяемого факта пока нет; overlap_wind_change=0.650m/s>=0.5.
2026-02-05 21:00:00+00:00,2026-02-04 18:00:00+00:00,27.0,5.12,-2.0,0.19653333333333334,0.3171788517667772,0.19653333333333334,baseline,turbine_1,2026-02-05 00:00:00+00:00,turbine_1: на 2026-02-05T00:00:00+00:00 проверяемого факта пока нет; overlap_wind_change=0.650m/s>=0.5.
2026-02-05 22:00:00+00:00,2026-02-04 18:00:00+00:00,28.0,4.73,-1.8,0.16430000000000006,0.2618746954481437,0.16430000000000006,baseline,turbine_1,2026-02-05 00:00:00+00:00,turbine_1: на 2026-02-05T00:00:00+00:00 проверяемого факта пока нет; overlap_wind_change=0.650m/s>=0.5.
2026-02-05 23:00:00+00:00,2026-02-04 18:00:00+00:00,29.0,3.01,-1.4,0.03743333333333333,0.1359373304352224,0.03743333333333333,baseline,turbine_1,2026-02-05 00:00:00+00:00,turbine_1: на 2026-02-05T00:00:00+00:00 проверяемого факта пока нет; overlap_wind_change=0.650m/s>=0.5.
2026-02-06 00:00:00+00:00,2026-02-04 18:00:00+00:00,30.0,2.66,-0.3,0.03044444444444445,0.0977380683384334,0.03044444444444445,baseline,turbine_1,2026-02-05 00:00:00+00:00,turbine_1: на 2026-02-05T00:00:00+00:00 проверяемого факта пока нет; overlap_wind_change=0.650m/s>=0.5.
2026-02-06 01:00:00+00:00,2026-02-04 18:00:00+00:00,31.0,5.38,0.4,0.2210888888888889,0.32044590151193886,0.2210888888888889,baseline,turbine_1,2026-02-05 00:00:00+00:00,turbine_1: на 2026-02-05T00:00:00+00:00 проверяемого факта пока нет; overlap_wind_change=0.650m/s>=0.5.
2026-02-06 02:00:00+00:00,2026-02-04 18:00:00+00:00,32.0,6.55,0.1,0.43199999999999994,0.6466319277371815,0.43199999999999994,baseline,turbine_1,2026-02-05 00:00:00+00:00,turbine_1: на 2026-02-05T00:00:00+00:00 проверяемого факта пока нет; overlap_wind_change=0.650m/s>=0.5.
2026-02-06 03:00:00+00:00,2026-02-04 18:00:00+00:00,33.0,5.61,1.8,0.2456222222222223,0.37961195812421933,0.2456222222222223,baseline,turbine_1,2026-02-05 00:00:00+00:00,turbine_1: на 2026-02-05T00:00:00+00:00 проверяемого факта пока нет; overlap_wind_change=0.650m/s>=0.5.
2026-02-06 04:00:00+00:00,2026-02-04 18:00:00+00:00,34.0,3.74,3.3,0.07652777777777779,0.14517261929110764,0.07652777777777779,baseline,turbine_1,2026-02-05 00:00:00+00:00,turbine_1: на 2026-02-05T00:00:00+00:00 проверяемого факта пока нет; overlap_wind_change=0.650m/s>=0.5.
2026-02-06 05:00:00+00:00,2026-02-04 18:00:00+00:00,35.0,3.54,3.8,0.0626388888888889,0.16449292931692505,0.0626388888888889,baseline,turbine_1,2026-02-05 00:00:00+00:00,turbine_1: на 2026-02-05T00:00:00+00:00 проверяемого факта пока нет; overlap_wind_change=0.650m/s>=0.5.
2026-02-06 06:00:00+00:00,2026-02-04 18:00:00+00:00,36.0,5.32,5.9,0.21468888888888893,0.2768369578502164,0.21468888888888893,baseline,turbine_1,2026-02-05 00:00:00+00:00,turbine_1: на 2026-02-05T00:00:00+00:00 проверяемого факта пока нет; overlap_wind_change=0.650m/s>=0.5.
2026-02-06 07:00:00+00:00,2026-02-04 18:00:00+00:00,37.0,11.02,8.0,0.9849999999999999,0.8884358897991024,0.9849999999999999,baseline,turbine_1,2026-02-05 00:00:00+00:00,turbine_1: на 2026-02-05T00:00:00+00:00 проверяемого факта пока нет; overlap_wind_change=0.650m/s>=0.5.
2026-02-06 08:00:00+00:00,2026-02-04 18:00:00+00:00,38.0,11.5,7.5,0.9874999999999998,0.942624416915135,0.9874999999999998,baseline,turbine_1,2026-02-05 00:00:00+00:00,turbine_1: на 2026-02-05T00:00:00+00:00 проверяемого факта пока нет; overlap_wind_change=0.650m/s>=0.5.
2026-02-06 09:00:00+00:00,2026-02-04 18:00:00+00:00,39.0,10.38,6.9,0.9827388888888888,0.9007323636027496,0.9827388888888888,baseline,turbine_1,2026-02-05 00:00:00+00:00,turbine_1: на 2026-02-05T00:00:00+00:00 проверяемого факта пока нет; overlap_wind_change=0.650m/s>=0.5.
2026-02-06 10:00:00+00:00,2026-02-04 18:00:00+00:00,40.0,10.67,6.7,0.984511111111111,0.8882923057503709,0.984511111111111,baseline,turbine_1,2026-02-05 00:00:00+00:00,turbine_1: на 2026-02-05T00:00:00+00:00 проверяемого факта пока нет; overlap_wind_change=0.650m/s>=0.5.
2026-02-06 11:00:00+00:00,2026-02-04 18:00:00+00:00,41.0,12.16,5.9,0.9899999999999999,0.7974920473120476,0.9899999999999999,baseline,turbine_1,2026-02-05 00:00:00+00:00,turbine_1: на 2026-02-05T00:00:00+00:00 проверяемого факта пока нет; overlap_wind_change=0.650m/s>=0.5.
2026-02-06 12:00:00+00:00,2026-02-04 18:00:00+00:00,42.0,13.54,5.0,0.9803999999999999,0.7702747142506282,0.9803999999999999,baseline,turbine_1,2026-02-05 00:00:00+00:00,turbine_1: на 2026-02-05T00:00:00+00:00 проверяемого факта пока нет; overlap_wind_change=0.650m/s>=0.5.
2026-02-06 13:00:00+00:00,2026-02-04 18:00:00+00:00,43.0,14.71,4.1,0.9636888888888889,0.756923905822801,0.9636888888888889,baseline,turbine_1,2026-02-05 00:00:00+00:00,turbine_1: на 2026-02-05T00:00:00+00:00 проверяемого факта пока нет; overlap_wind_change=0.650m/s>=0.5.
2026-02-06 14:00:00+00:00,2026-02-04 18:00:00+00:00,44.0,14.85,2.9,0.9633333333333334,0.8039868735846766,0.9633333333333334,baseline,turbine_1,2026-02-05 00:00:00+00:00,turbine_1: на 2026-02-05T00:00:00+00:00 проверяемого факта пока нет; overlap_wind_change=0.650m/s>=0.5.
2026-02-06 15:00:00+00:00,2026-02-04 18:00:00+00:00,45.0,14.96,2.3,0.9633333333333334,0.8594968866953282,0.9633333333333334,baseline,turbine_1,2026-02-05 00:00:00+00:00,turbine_1: на 2026-02-05T00:00:00+00:00 проверяемого факта пока нет; overlap_wind_change=0.650m/s>=0.5.
2026-02-06 16:00:00+00:00,2026-02-04 18:00:00+00:00,46.0,15.63,2.2,0.9633333333333334,0.872151913752363,0.9633333333333334,baseline,turbine_1,2026-02-05 00:00:00+00:00,turbine_1: на 2026-02-05T00:00:00+00:00 проверяемого факта пока нет; overlap_wind_change=0.650m/s>=0.5.
2026-02-06 17:00:00+00:00,2026-02-04 18:00:00+00:00,47.0,13.21,1.5,0.985911111111111,0.9096422124802223,0.985911111111111,baseline,turbine_1,2026-02-05 00:00:00+00:00,turbine_1: на 2026-02-05T00:00:00+00:00 проверяемого факта пока нет; overlap_wind_change=0.650m/s>=0.5.
2026-02-06 18:00:00+00:00,2026-02-04 18:00:00+00:00,48.0,11.95,1.4,0.9899999999999999,0.8838422421166765,0.9899999999999999,baseline,turbine_1,2026-02-05 00:00:00+00:00,turbine_1: на 2026-02-05T00:00:00+00:00 проверяемого факта пока нет; overlap_wind_change=0.650m/s>=0.5.
2026-02-06 19:00:00+00:00,2026-02-04 18:00:00+00:00,49.0,10.69,1.4,0.9846333333333332,0.9183010116475074,0.9846333333333332,baseline,turbine_1,2026-02-05 00:00:00+00:00,turbine_1: на 2026-02-05T00:00:00+00:00 проверяемого факта пока нет; overlap_wind_change=0.650m/s>=0.5.
2026-02-06 20:00:00+00:00,2026-02-04 18:00:00+00:00,50.0,10.34,1.3,0.9824944444444443,0.918489820071709,0.9824944444444443,baseline,turbine_1,2026-02-05 00:00:00+00:00,turbine_1: на 2026-02-05T00:00:00+00:00 проверяемого факта пока нет; overlap_wind_change=0.650m/s>=0.5.
2026-02-06 21:00:00+00:00,2026-02-04 18:00:00+00:00,51.0,9.46,1.2,0.9652055555555556,0.8442871644270031,0.9652055555555556,baseline,turbine_1,2026-02-05 00:00:00+00:00,turbine_1: на 2026-02-05T00:00:00+00:00 проверяемого факта пока нет; overlap_wind_change=0.650m/s>=0.5.
2026-02-06 22:00:00+00:00,2026-02-04 18:00:00+00:00,52.0,8.13,0.7,0.737477777777778,0.6320433443869028,0.737477777777778,baseline,turbine_1,2026-02-05 00:00:00+00:00,turbine_1: на 2026-02-05T00:00:00+00:00 проверяемого факта пока нет; overlap_wind_change=0.650m/s>=0.5.
2026-02-06 23:00:00+00:00,2026-02-04 18:00:00+00:00,53.0,7.49,-0.1,0.6175222222222222,0.6466459092073082,0.6175222222222222,baseline,turbine_1,2026-02-05 00:00:00+00:00,turbine_1: на 2026-02-05T00:00:00+00:00 проверяемого факта пока нет; overlap_wind_change=0.650m/s>=0.5.
2026-02-07 00:00:00+00:00,2026-02-04 18:00:00+00:00,54.0,7.08,-0.7,0.5486722222222222,0.6020428528727864,0.5486722222222222,baseline,turbine_1,2026-02-05 00:00:00+00:00,turbine_1: на 2026-02-05T00:00:00+00:00 проверяемого факта пока нет; overlap_wind_change=0.650m/s>=0.5.
2026-02-05 01:00:00+00:00,2026-02-04 18:00:00+00:00,7.0,12.01,1.3,0.9756777777777778,0.8891964880675445,0.9756777777777778,baseline,turbine_2,2026-02-05 00:00:00+00:00,turbine_2: на 2026-02-05T00:00:00+00:00 проверяемого факта пока нет; overlap_wind_change=0.650m/s>=0.5.
2026-02-05 02:00:00+00:00,2026-02-04 18:00:00+00:00,8.0,12.34,1.3,0.9751277777777778,0.8769270204689702,0.9751277777777778,baseline,turbine_2,2026-02-05 00:00:00+00:00,turbine_2: на 2026-02-05T00:00:00+00:00 проверяемого факта пока нет; overlap_wind_change=0.650m/s>=0.5.
2026-02-05 03:00:00+00:00,2026-02-04 18:00:00+00:00,9.0,11.91,1.8,0.9758444444444444,0.8696301538217265,0.9758444444444444,baseline,turbine_2,2026-02-05 00:00:00+00:00,turbine_2: на 2026-02-05T00:00:00+00:00 проверяемого факта пока нет; overlap_wind_change=0.650m/s>=0.5.
2026-02-05 04:00:00+00:00,2026-02-04 18:00:00+00:00,10.0,11.24,3.1,0.9771944444444445,0.8690812527494894,0.9771944444444445,baseline,turbine_2,2026-02-05 00:00:00+00:00,turbine_2: на 2026-02-05T00:00:00+00:00 проверяемого факта пока нет; overlap_wind_change=0.650m/s>=0.5.
2026-02-05 05:00:00+00:00,2026-02-04 18:00:00+00:00,11.0,11.15,4.6,0.9769444444444444,0.8061883164180859,0.9769444444444444,baseline,turbine_2,2026-02-05 00:00:00+00:00,turbine_2: на 2026-02-05T00:00:00+00:00 проверяемого факта пока нет; overlap_wind_change=0.650m/s>=0.5.
2026-02-05 06:00:00+00:00,2026-02-04 18:00:00+00:00,12.0,11.23,6.3,0.9771666666666666,0.8823442653167969,0.9771666666666666,baseline,turbine_2,2026-02-05 00:00:00+00:00,turbine_2: на 2026-02-05T00:00:00+00:00 проверяемого факта пока нет; overlap_wind_change=0.650m/s>=0.5.
2026-02-05 07:00:00+00:00,2026-02-04 18:00:00+00:00,13.0,11.17,7.5,0.977,0.8418076622481644,0.977,baseline,turbine_2,2026-02-05 00:00:00+00:00,turbine_2: на 2026-02-05T00:00:00+00:00 проверяемого факта пока нет; overlap_wind_change=0.650m/s>=0.5.
2026-02-05 08:00:00+00:00,2026-02-04 18:00:00+00:00,14.0,10.17,8.3,0.9728111111111111,0.9069051058228529,0.9728111111111111,baseline,turbine_2,2026-02-05 00:00:00+00:00,turbine_2: на 2026-02-05T00:00:00+00:00 проверяемого факта пока нет; overlap_wind_change=0.650m/s>=0.5.
2026-02-05 09:00:00+00:00,2026-02-04 18:00:00+00:00,15.0,9.19,8.5,0.9332888888888887,0.8493861145551872,0.9332888888888887,baseline,turbine_2,2026-02-05 00:00:00+00:00,turbine_2: на 2026-02-05T00:00:00+00:00 проверяемого факта пока нет; overlap_wind_change=0.650m/s>=0.5.
2026-02-05 10:00:00+00:00,2026-02-04 18:00:00+00:00,16.0,7.79,8.1,0.6609777777777778,0.690614737884666,0.6609777777777778,baseline,turbine_2,2026-02-05 00:00:00+00:00,turbine_2: на 2026-02-05T00:00:00+00:00 проверяемого факта пока нет; overlap_wind_change=0.650m/s>=0.5.
2026-02-05 11:00:00+00:00,2026-02-04 18:00:00+00:00,17.0,7.82,6.6,0.6683777777777778,0.7327673072784864,0.6683777777777778,baseline,turbine_2,2026-02-05 00:00:00+00:00,turbine_2: на 2026-02-05T00:00:00+00:00 проверяемого факта пока нет; overlap_wind_change=0.650m/s>=0.5.
2026-02-05 12:00:00+00:00,2026-02-04 18:00:00+00:00,18.0,6.96,3.4,0.5163555555555555,0.7718613531471162,0.5163555555555555,baseline,turbine_2,2026-02-05 00:00:00+00:00,turbine_2: на 2026-02-05T00:00:00+00:00 проверяемого факта пока нет; overlap_wind_change=0.650m/s>=0.5.
2026-02-05 13:00:00+00:00,2026-02-04 18:00:00+00:00,19.0,6.61,0.6,0.43655555555555553,0.7475818004114192,0.43655555555555553,baseline,turbine_2,2026-02-05 00:00:00+00:00,turbine_2: на 2026-02-05T00:00:00+00:00 проверяемого факта пока нет; overlap_wind_change=0.650m/s>=0.5.
2026-02-05 14:00:00+00:00,2026-02-04 18:00:00+00:00,20.0,7.07,-0.4,0.5447111111111111,0.7368671112113662,0.5447111111111111,baseline,turbine_2,2026-02-05 00:00:00+00:00,turbine_2: на 2026-02-05T00:00:00+00:00 проверяемого факта пока нет; overlap_wind_change=0.650m/s>=0.5.
2026-02-05 15:00:00+00:00,2026-02-04 18:00:00+00:00,21.0,6.93,-0.9,0.5086222222222221,0.8355014938544122,0.5086222222222221,baseline,turbine_2,2026-02-05 00:00:00+00:00,turbine_2: на 2026-02-05T00:00:00+00:00 проверяемого факта пока нет; overlap_wind_change=0.650m/s>=0.5.
2026-02-05 16:00:00+00:00,2026-02-04 18:00:00+00:00,22.0,6.76,-1.5,0.4647999999999999,0.8355014938544122,0.4647999999999999,baseline,turbine_2,2026-02-05 00:00:00+00:00,turbine_2: на 2026-02-05T00:00:00+00:00 проверяемого факта пока нет; overlap_wind_change=0.650m/s>=0.5.
2026-02-05 17:00:00+00:00,2026-02-04 18:00:00+00:00,23.0,6.83,-1.1,0.4828444444444444,0.7917041264800924,0.4828444444444444,baseline,turbine_2,2026-02-05 00:00:00+00:00,turbine_2: на 2026-02-05T00:00:00+00:00 проверяемого факта пока нет; overlap_wind_change=0.650m/s>=0.5.
2026-02-05 18:00:00+00:00,2026-02-04 18:00:00+00:00,24.0,6.57,-1.4,0.4292222222222222,0.8104035719679482,0.4292222222222222,baseline,turbine_2,2026-02-05 00:00:00+00:00,turbine_2: на 2026-02-05T00:00:00+00:00 проверяемого факта пока нет; overlap_wind_change=0.650m/s>=0.5.
2026-02-05 19:00:00+00:00,2026-02-04 18:00:00+00:00,25.0,6.18,-1.6,0.354961111111111,0.4402259682047447,0.354961111111111,baseline,turbine_2,2026-02-05 00:00:00+00:00,turbine_2: на 2026-02-05T00:00:00+00:00 проверяемого факта пока нет; overlap_wind_change=0.650m/s>=0.5.
2026-02-05 20:00:00+00:00,2026-02-04 18:00:00+00:00,26.0,5.49,-1.9,0.22377777777777783,0.3355793776184999,0.22377777777777783,baseline,turbine_2,2026-02-05 00:00:00+00:00,turbine_2: на 2026-02-05T00:00:00+00:00 проверяемого факта пока нет; overlap_wind_change=0.650m/s>=0.5.
2026-02-05 21:00:00+00:00,2026-02-04 18:00:00+00:00,27.0,5.12,-2.0,0.17991666666666667,0.27800455057119616,0.17991666666666667,baseline,turbine_2,2026-02-05 00:00:00+00:00,turbine_2: на 2026-02-05T00:00:00+00:00 проверяемого факта пока нет; overlap_wind_change=0.650m/s>=0.5.
2026-02-05 22:00:00+00:00,2026-02-04 18:00:00+00:00,28.0,4.73,-1.8,0.14637777777777783,0.27707309490281185,0.14637777777777783,baseline,turbine_2,2026-02-05 00:00:00+00:00,turbine_2: на 2026-02-05T00:00:00+00:00 проверяемого факта пока нет; overlap_wind_change=0.650m/s>=0.5.
2026-02-05 23:00:00+00:00,2026-02-04 18:00:00+00:00,29.0,3.01,-1.4,0.03102222222222222,0.16769689737102875,0.03102222222222222,baseline,turbine_2,2026-02-05 00:00:00+00:00,turbine_2: на 2026-02-05T00:00:00+00:00 проверяемого факта пока нет; overlap_wind_change=0.650m/s>=0.5.
2026-02-06 00:00:00+00:00,2026-02-04 18:00:00+00:00,30.0,2.66,-0.3,0.025211111111111115,0.08127812848254032,0.025211111111111115,baseline,turbine_2,2026-02-05 00:00:00+00:00,turbine_2: на 2026-02-05T00:00:00+00:00 проверяемого факта пока нет; overlap_wind_change=0.650m/s>=0.5.
2026-02-06 01:00:00+00:00,2026-02-04 18:00:00+00:00,31.0,5.38,0.4,0.20880555555555555,0.28764242363340914,0.20880555555555555,baseline,turbine_2,2026-02-05 00:00:00+00:00,turbine_2: на 2026-02-05T00:00:00+00:00 проверяемого факта пока нет; overlap_wind_change=0.650m/s>=0.5.
2026-02-06 02:00:00+00:00,2026-02-04 18:00:00+00:00,32.0,6.55,0.1,0.42555555555555546,0.6308741452475101,0.42555555555555546,baseline,turbine_2,2026-02-05 00:00:00+00:00,turbine_2: на 2026-02-05T00:00:00+00:00 проверяемого факта пока нет; overlap_wind_change=0.650m/s>=0.5.
2026-02-06 03:00:00+00:00,2026-02-04 18:00:00+00:00,33.0,5.61,1.8,0.2401111111111112,0.3653302289775719,0.2401111111111112,baseline,turbine_2,2026-02-05 00:00:00+00:00,turbine_2: на 2026-02-05T00:00:00+00:00 проверяемого факта пока нет; overlap_wind_change=0.650m/s>=0.5.
2026-02-06 04:00:00+00:00,2026-02-04 18:00:00+00:00,34.0,3.74,3.3,0.06849444444444446,0.14038397839643166,0.06849444444444446,baseline,turbine_2,2026-02-05 00:00:00+00:00,turbine_2: на 2026-02-05T00:00:00+00:00 проверяемого факта пока нет; overlap_wind_change=0.650m/s>=0.5.
2026-02-06 05:00:00+00:00,2026-02-04 18:00:00+00:00,35.0,3.54,3.8,0.05505,0.21327124191225488,0.05505,baseline,turbine_2,2026-02-05 00:00:00+00:00,turbine_2: на 2026-02-05T00:00:00+00:00 проверяемого факта пока нет; overlap_wind_change=0.650m/s>=0.5.
2026-02-06 06:00:00+00:00,2026-02-04 18:00:00+00:00,36.0,5.32,5.9,0.20063888888888892,0.3323037221444552,0.20063888888888892,baseline,turbine_2,2026-02-05 00:00:00+00:00,turbine_2: на 2026-02-05T00:00:00+00:00 проверяемого факта пока нет; overlap_wind_change=0.650m/s>=0.5.
2026-02-06 07:00:00+00:00,2026-02-04 18:00:00+00:00,37.0,11.02,8.0,0.9765833333333332,0.9179086138314853,0.9765833333333332,baseline,turbine_2,2026-02-05 00:00:00+00:00,turbine_2: на 2026-02-05T00:00:00+00:00 проверяемого факта пока нет; overlap_wind_change=0.650m/s>=0.5.
2026-02-06 08:00:00+00:00,2026-02-04 18:00:00+00:00,38.0,11.5,7.5,0.9766666666666666,0.9254457599277427,0.9766666666666666,baseline,turbine_2,2026-02-05 00:00:00+00:00,turbine_2: на 2026-02-05T00:00:00+00:00 проверяемого факта пока нет; overlap_wind_change=0.650m/s>=0.5.
2026-02-06 09:00:00+00:00,2026-02-04 18:00:00+00:00,39.0,10.38,6.9,0.9741888888888889,0.9500182833709122,0.9741888888888889,baseline,turbine_2,2026-02-05 00:00:00+00:00,turbine_2: на 2026-02-05T00:00:00+00:00 проверяемого факта пока нет; overlap_wind_change=0.650m/s>=0.5.
2026-02-06 10:00:00+00:00,2026-02-04 18:00:00+00:00,40.0,10.67,6.7,0.9754777777777777,0.8961316999494953,0.9754777777777777,baseline,turbine_2,2026-02-05 00:00:00+00:00,turbine_2: на 2026-02-05T00:00:00+00:00 проверяемого факта пока нет; overlap_wind_change=0.650m/s>=0.5.
2026-02-06 11:00:00+00:00,2026-02-04 18:00:00+00:00,41.0,12.16,5.9,0.9754277777777778,0.8875903432042312,0.9754277777777778,baseline,turbine_2,2026-02-05 00:00:00+00:00,turbine_2: на 2026-02-05T00:00:00+00:00 проверяемого факта пока нет; overlap_wind_change=0.650m/s>=0.5.
2026-02-06 12:00:00+00:00,2026-02-04 18:00:00+00:00,42.0,13.54,5.0,0.9675666666666666,0.8285376204629981,0.9675666666666666,baseline,turbine_2,2026-02-05 00:00:00+00:00,turbine_2: на 2026-02-05T00:00:00+00:00 проверяемого факта пока нет; overlap_wind_change=0.650m/s>=0.5.
2026-02-06 13:00:00+00:00,2026-02-04 18:00:00+00:00,43.0,14.71,4.1,0.9552666666666667,0.8264610150785846,0.9552666666666667,baseline,turbine_2,2026-02-05 00:00:00+00:00,turbine_2: на 2026-02-05T00:00:00+00:00 проверяемого факта пока нет; overlap_wind_change=0.650m/s>=0.5.
2026-02-06 14:00:00+00:00,2026-02-04 18:00:00+00:00,44.0,14.85,2.9,0.9550000000000001,0.9042780475759903,0.9550000000000001,baseline,turbine_2,2026-02-05 00:00:00+00:00,turbine_2: на 2026-02-05T00:00:00+00:00 проверяемого факта пока нет; overlap_wind_change=0.650m/s>=0.5.
2026-02-06 15:00:00+00:00,2026-02-04 18:00:00+00:00,45.0,14.96,2.3,0.9550000000000001,0.9026477385080404,0.9550000000000001,baseline,turbine_2,2026-02-05 00:00:00+00:00,turbine_2: на 2026-02-05T00:00:00+00:00 проверяемого факта пока нет; overlap_wind_change=0.650m/s>=0.5.
2026-02-06 16:00:00+00:00,2026-02-04 18:00:00+00:00,46.0,15.63,2.2,0.9550000000000001,0.9004368734666867,0.9550000000000001,baseline,turbine_2,2026-02-05 00:00:00+00:00,turbine_2: на 2026-02-05T00:00:00+00:00 проверяемого факта пока нет; overlap_wind_change=0.650m/s>=0.5.
2026-02-06 17:00:00+00:00,2026-02-04 18:00:00+00:00,47.0,13.21,1.5,0.9713777777777777,0.9095984627096607,0.9713777777777777,baseline,turbine_2,2026-02-05 00:00:00+00:00,turbine_2: на 2026-02-05T00:00:00+00:00 проверяемого факта пока нет; overlap_wind_change=0.650m/s>=0.5.
2026-02-06 18:00:00+00:00,2026-02-04 18:00:00+00:00,48.0,11.95,1.4,0.9757777777777777,0.9548890453370732,0.9757777777777777,baseline,turbine_2,2026-02-05 00:00:00+00:00,turbine_2: на 2026-02-05T00:00:00+00:00 проверяемого факта пока нет; overlap_wind_change=0.650m/s>=0.5.
2026-02-06 19:00:00+00:00,2026-02-04 18:00:00+00:00,49.0,10.69,1.4,0.9755666666666666,0.935656821231802,0.9755666666666666,baseline,turbine_2,2026-02-05 00:00:00+00:00,turbine_2: на 2026-02-05T00:00:00+00:00 проверяемого факта пока нет; overlap_wind_change=0.650m/s>=0.5.
2026-02-06 20:00:00+00:00,2026-02-04 18:00:00+00:00,50.0,10.34,1.3,0.974011111111111,1.0,0.974011111111111,baseline,turbine_2,2026-02-05 00:00:00+00:00,turbine_2: на 2026-02-05T00:00:00+00:00 проверяемого факта пока нет; overlap_wind_change=0.650m/s>=0.5.
2026-02-06 21:00:00+00:00,2026-02-04 18:00:00+00:00,51.0,9.46,1.2,0.9547555555555556,0.9553606793713912,0.9547555555555556,baseline,turbine_2,2026-02-05 00:00:00+00:00,turbine_2: на 2026-02-05T00:00:00+00:00 проверяемого факта пока нет; overlap_wind_change=0.650m/s>=0.5.
2026-02-06 22:00:00+00:00,2026-02-04 18:00:00+00:00,52.0,8.13,0.7,0.7448444444444445,0.6981612716003112,0.7448444444444445,baseline,turbine_2,2026-02-05 00:00:00+00:00,turbine_2: на 2026-02-05T00:00:00+00:00 проверяемого факта пока нет; overlap_wind_change=0.650m/s>=0.5.
2026-02-06 23:00:00+00:00,2026-02-04 18:00:00+00:00,53.0,7.49,-0.1,0.6199111111111111,0.6565142012062561,0.6199111111111111,baseline,turbine_2,2026-02-05 00:00:00+00:00,turbine_2: на 2026-02-05T00:00:00+00:00 проверяемого факта пока нет; overlap_wind_change=0.650m/s>=0.5.
2026-02-07 00:00:00+00:00,2026-02-04 18:00:00+00:00,54.0,7.08,-0.7,0.5472888888888888,0.5940547201120131,0.5472888888888888,baseline,turbine_2,2026-02-05 00:00:00+00:00,turbine_2: на 2026-02-05T00:00:00+00:00 проверяемого факта пока нет; overlap_wind_change=0.650m/s>=0.5.
2026-02-06 01:00:00+00:00,2026-02-05 18:00:00+00:00,7.0,2.9,-0.8,0.035111111111111114,0.0,0.035111111111111114,baseline,turbine_1,2026-02-06 00:00:00+00:00,turbine_1: на 2026-02-06T00:00:00+00:00 проверяемого факта пока нет; overlap_wind_change=2.569m/s>=0.5.
2026-02-06 02:00:00+00:00,2026-02-05 18:00:00+00:00,8.0,3.18,0.2,0.04102222222222223,0.0,0.04102222222222223,baseline,turbine_1,2026-02-06 00:00:00+00:00,turbine_1: на 2026-02-06T00:00:00+00:00 проверяемого факта пока нет; overlap_wind_change=2.569m/s>=0.5.
2026-02-06 03:00:00+00:00,2026-02-05 18:00:00+00:00,9.0,6.95,2.0,0.5185555555555555,0.48471325359743167,0.5185555555555555,baseline,turbine_1,2026-02-06 00:00:00+00:00,turbine_1: на 2026-02-06T00:00:00+00:00 проверяемого факта пока нет; overlap_wind_change=2.569m/s>=0.5.
2026-02-06 04:00:00+00:00,2026-02-05 18:00:00+00:00,10.0,6.32,3.1,0.3857444444444445,0.393647479834745,0.3857444444444445,baseline,turbine_1,2026-02-06 00:00:00+00:00,turbine_1: на 2026-02-06T00:00:00+00:00 проверяемого факта пока нет; overlap_wind_change=2.569m/s>=0.5.
2026-02-06 05:00:00+00:00,2026-02-05 18:00:00+00:00,11.0,4.81,4.3,0.17104444444444442,0.12159947867942825,0.17104444444444442,baseline,turbine_1,2026-02-06 00:00:00+00:00,turbine_1: на 2026-02-06T00:00:00+00:00 проверяемого факта пока нет; overlap_wind_change=2.569m/s>=0.5.
2026-02-06 06:00:00+00:00,2026-02-05 18:00:00+00:00,12.0,3.4,5.4,0.05291666666666666,0.020748247335300136,0.05291666666666666,baseline,turbine_1,2026-02-06 00:00:00+00:00,turbine_1: на 2026-02-06T00:00:00+00:00 проверяемого факта пока нет; overlap_wind_change=2.569m/s>=0.5.
2026-02-06 07:00:00+00:00,2026-02-05 18:00:00+00:00,13.0,4.36,6.1,0.1307944444444445,0.07663243574856103,0.1307944444444445,baseline,turbine_1,2026-02-06 00:00:00+00:00,turbine_1: на 2026-02-06T00:00:00+00:00 проверяемого факта пока нет; overlap_wind_change=2.569m/s>=0.5.
2026-02-06 08:00:00+00:00,2026-02-05 18:00:00+00:00,14.0,10.14,8.1,0.9817,0.9669429323412919,0.9817,baseline,turbine_1,2026-02-06 00:00:00+00:00,turbine_1: на 2026-02-06T00:00:00+00:00 проверяемого факта пока нет; overlap_wind_change=2.569m/s>=0.5.
2026-02-06 09:00:00+00:00,2026-02-05 18:00:00+00:00,15.0,12.77,7.0,0.9898222222222222,0.8894721041489733,0.9898222222222222,baseline,turbine_1,2026-02-06 00:00:00+00:00,turbine_1: на 2026-02-06T00:00:00+00:00 проверяемого факта пока нет; overlap_wind_change=2.569m/s>=0.5.
2026-02-06 10:00:00+00:00,2026-02-05 18:00:00+00:00,16.0,13.08,5.6,0.9870666666666665,0.8737191573441808,0.9870666666666665,baseline,turbine_1,2026-02-06 00:00:00+00:00,turbine_1: на 2026-02-06T00:00:00+00:00 проверяемого факта пока нет; overlap_wind_change=2.569m/s>=0.5.
2026-02-06 11:00:00+00:00,2026-02-05 18:00:00+00:00,17.0,14.16,4.1,0.9693777777777777,0.8122812867410946,0.9693777777777777,baseline,turbine_1,2026-02-06 00:00:00+00:00,turbine_1: на 2026-02-06T00:00:00+00:00 проверяемого факта пока нет; overlap_wind_change=2.569m/s>=0.5.
2026-02-06 12:00:00+00:00,2026-02-05 18:00:00+00:00,18.0,15.36,3.5,0.9633333333333334,0.822762383367749,0.9633333333333334,baseline,turbine_1,2026-02-06 00:00:00+00:00,turbine_1: на 2026-02-06T00:00:00+00:00 проверяемого факта пока нет; overlap_wind_change=2.569m/s>=0.5.
2026-02-06 13:00:00+00:00,2026-02-05 18:00:00+00:00,19.0,15.31,2.7,0.9633333333333334,0.8035305532244685,0.9633333333333334,baseline,turbine_1,2026-02-06 00:00:00+00:00,turbine_1: на 2026-02-06T00:00:00+00:00 проверяемого факта пока нет; overlap_wind_change=2.569m/s>=0.5.
2026-02-06 14:00:00+00:00,2026-02-05 18:00:00+00:00,20.0,14.11,1.7,0.9702666666666666,0.8759230215887949,0.9702666666666666,baseline,turbine_1,2026-02-06 00:00:00+00:00,turbine_1: на 2026-02-06T00:00:00+00:00 проверяемого факта пока нет; overlap_wind_change=2.569m/s>=0.5.
2026-02-06 15:00:00+00:00,2026-02-05 18:00:00+00:00,21.0,12.78,1.4,0.9897333333333332,0.8910973391587619,0.9897333333333332,baseline,turbine_1,2026-02-06 00:00:00+00:00,turbine_1: на 2026-02-06T00:00:00+00:00 проверяемого факта пока нет; overlap_wind_change=2.569m/s>=0.5.
2026-02-06 16:00:00+00:00,2026-02-05 18:00:00+00:00,22.0,11.75,1.4,0.9899999999999999,0.9037523662157967,0.9899999999999999,baseline,turbine_1,2026-02-06 00:00:00+00:00,turbine_1: на 2026-02-06T00:00:00+00:00 проверяемого факта пока нет; overlap_wind_change=2.569m/s>=0.5.
2026-02-06 17:00:00+00:00,2026-02-05 18:00:00+00:00,23.0,10.21,0.9,0.9818555555555555,0.9294988981729208,0.9818555555555555,baseline,turbine_1,2026-02-06 00:00:00+00:00,turbine_1: на 2026-02-06T00:00:00+00:00 проверяемого факта пока нет; overlap_wind_change=2.569m/s>=0.5.
2026-02-06 18:00:00+00:00,2026-02-05 18:00:00+00:00,24.0,7.78,0.4,0.6563944444444444,0.7184369504843631,0.6563944444444444,baseline,turbine_1,2026-02-06 00:00:00+00:00,turbine_1: на 2026-02-06T00:00:00+00:00 проверяемого факта пока нет; overlap_wind_change=2.569m/s>=0.5.
2026-02-06 19:00:00+00:00,2026-02-05 18:00:00+00:00,25.0,6.3,0.1,0.3817222222222222,0.6422196424086265,0.3817222222222222,baseline,turbine_1,2026-02-06 00:00:00+00:00,turbine_1: на 2026-02-06T00:00:00+00:00 проверяемого факта пока нет; overlap_wind_change=2.569m/s>=0.5.
2026-02-06 20:00:00+00:00,2026-02-05 18:00:00+00:00,26.0,5.77,-0.1,0.26499999999999996,0.41864023425035907,0.26499999999999996,baseline,turbine_1,2026-02-06 00:00:00+00:00,turbine_1: на 2026-02-06T00:00:00+00:00 проверяемого факта пока нет; overlap_wind_change=2.569m/s>=0.5.
2026-02-06 21:00:00+00:00,2026-02-05 18:00:00+00:00,27.0,6.22,-0.1,0.36499999999999994,0.5097441337273838,0.36499999999999994,baseline,turbine_1,2026-02-06 00:00:00+00:00,turbine_1: на 2026-02-06T00:00:00+00:00 проверяемого факта пока нет; overlap_wind_change=2.569m/s>=0.5.
2026-02-06 22:00:00+00:00,2026-02-05 18:00:00+00:00,28.0,6.06,-0.3,0.3294444444444444,0.47309922220099426,0.3294444444444444,baseline,turbine_1,2026-02-06 00:00:00+00:00,turbine_1: на 2026-02-06T00:00:00+00:00 проверяемого факта пока нет; overlap_wind_change=2.569m/s>=0.5.
2026-02-06 23:00:00+00:00,2026-02-05 18:00:00+00:00,29.0,5.87,-0.5,0.28722222222222227,0.4825934025326079,0.28722222222222227,baseline,turbine_1,2026-02-06 00:00:00+00:00,turbine_1: на 2026-02-06T00:00:00+00:00 проверяемого факта пока нет; overlap_wind_change=2.569m/s>=0.5.
2026-02-07 00:00:00+00:00,2026-02-05 18:00:00+00:00,30.0,5.48,-0.8,0.23175555555555563,0.34106733526816324,0.23175555555555563,baseline,turbine_1,2026-02-06 00:00:00+00:00,turbine_1: на 2026-02-06T00:00:00+00:00 проверяемого факта пока нет; overlap_wind_change=2.569m/s>=0.5.
2026-02-07 01:00:00+00:00,2026-02-05 18:00:00+00:00,31.0,3.9,-1.3,0.09030555555555554,0.1264947859950215,0.09030555555555554,baseline,turbine_1,2026-02-06 00:00:00+00:00,turbine_1: на 2026-02-06T00:00:00+00:00 проверяемого факта пока нет; overlap_wind_change=2.569m/s>=0.5.
2026-02-07 02:00:00+00:00,2026-02-05 18:00:00+00:00,32.0,1.63,-1.4,0.015844444444444446,0.10084762386665451,0.015844444444444446,baseline,turbine_1,2026-02-06 00:00:00+00:00,turbine_1: на 2026-02-06T00:00:00+00:00 проверяемого факта пока нет; overlap_wind_change=2.569m/s>=0.5.
2026-02-07 03:00:00+00:00,2026-02-05 18:00:00+00:00,33.0,0.79,-0.8,0.010400000000000001,0.05036284601245472,0.010400000000000001,baseline,turbine_1,2026-02-06 00:00:00+00:00,turbine_1: на 2026-02-06T00:00:00+00:00 проверяемого факта пока нет; overlap_wind_change=2.569m/s>=0.5.
2026-02-07 04:00:00+00:00,2026-02-05 18:00:00+00:00,34.0,1.48,0.1,0.015511111111111113,0.10823700789370762,0.015511111111111113,baseline,turbine_1,2026-02-06 00:00:00+00:00,turbine_1: на 2026-02-06T00:00:00+00:00 проверяемого факта пока нет; overlap_wind_change=2.569m/s>=0.5.
2026-02-07 05:00:00+00:00,2026-02-05 18:00:00+00:00,35.0,1.06,1.2,0.0131,0.04711731337313038,0.0131,baseline,turbine_1,2026-02-06 00:00:00+00:00,turbine_1: на 2026-02-06T00:00:00+00:00 проверяемого факта пока нет; overlap_wind_change=2.569m/s>=0.5.
2026-02-07 06:00:00+00:00,2026-02-05 18:00:00+00:00,36.0,2.41,2.9,0.026277777777777782,0.0763911019240569,0.026277777777777782,baseline,turbine_1,2026-02-06 00:00:00+00:00,turbine_1: на 2026-02-06T00:00:00+00:00 проверяемого факта пока нет; overlap_wind_change=2.569m/s>=0.5.
2026-02-07 07:00:00+00:00,2026-02-05 18:00:00+00:00,37.0,4.1,3.0,0.10774999999999997,0.19366579692119615,0.10774999999999997,baseline,turbine_1,2026-02-06 00:00:00+00:00,turbine_1: на 2026-02-06T00:00:00+00:00 проверяемого факта пока нет; overlap_wind_change=2.569m/s>=0.5.
2026-02-07 08:00:00+00:00,2026-02-05 18:00:00+00:00,38.0,4.44,3.4,0.13803888888888893,0.20392294981268672,0.13803888888888893,baseline,turbine_1,2026-02-06 00:00:00+00:00,turbine_1: на 2026-02-06T00:00:00+00:00 проверяемого факта пока нет; overlap_wind_change=2.569m/s>=0.5.
2026-02-07 09:00:00+00:00,2026-02-05 18:00:00+00:00,39.0,4.3,3.3,0.1253611111111111,0.19280367614549127,0.1253611111111111,baseline,turbine_1,2026-02-06 00:00:00+00:00,turbine_1: на 2026-02-06T00:00:00+00:00 проверяемого факта пока нет; overlap_wind_change=2.569m/s>=0.5.
2026-02-07 10:00:00+00:00,2026-02-05 18:00:00+00:00,40.0,4.09,2.5,0.10687777777777777,0.20040258372230405,0.10687777777777777,baseline,turbine_1,2026-02-06 00:00:00+00:00,turbine_1: на 2026-02-06T00:00:00+00:00 проверяемого факта пока нет; overlap_wind_change=2.569m/s>=0.5.
2026-02-07 11:00:00+00:00,2026-02-05 18:00:00+00:00,41.0,3.61,1.3,0.06749999999999999,0.14540265819329315,0.06749999999999999,baseline,turbine_1,2026-02-06 00:00:00+00:00,turbine_1: на 2026-02-06T00:00:00+00:00 проверяемого факта пока нет; overlap_wind_change=2.569m/s>=0.5.
2026-02-07 12:00:00+00:00,2026-02-05 18:00:00+00:00,42.0,1.5,-0.1,0.015555555555555557,0.06708467140012313,0.015555555555555557,baseline,turbine_1,2026-02-06 00:00:00+00:00,turbine_1: на 2026-02-06T00:00:00+00:00 проверяемого факта пока нет; overlap_wind_change=2.569m/s>=0.5.
2026-02-07 13:00:00+00:00,2026-02-05 18:00:00+00:00,43.0,5.14,0.1,0.19817777777777776,0.3422330238269324,0.19817777777777776,baseline,turbine_1,2026-02-06 00:00:00+00:00,turbine_1: на 2026-02-06T00:00:00+00:00 проверяемого факта пока нет; overlap_wind_change=2.569m/s>=0.5.
2026-02-07 14:00:00+00:00,2026-02-05 18:00:00+00:00,44.0,7.43,-0.1,0.6101555555555555,0.8199362664033685,0.6101555555555555,baseline,turbine_1,2026-02-06 00:00:00+00:00,turbine_1: на 2026-02-06T00:00:00+00:00 проверяемого факта пока нет; overlap_wind_change=2.569m/s>=0.5.
2026-02-07 15:00:00+00:00,2026-02-05 18:00:00+00:00,45.0,7.95,-0.3,0.6957777777777778,0.7813081013656766,0.6957777777777778,baseline,turbine_1,2026-02-06 00:00:00+00:00,turbine_1: на 2026-02-06T00:00:00+00:00 проверяемого факта пока нет; overlap_wind_change=2.569m/s>=0.5.
2026-02-07 16:00:00+00:00,2026-02-05 18:00:00+00:00,46.0,8.01,-0.8,0.7096777777777777,0.7835568214537691,0.7096777777777777,baseline,turbine_1,2026-02-06 00:00:00+00:00,turbine_1: на 2026-02-06T00:00:00+00:00 проверяемого факта пока нет; overlap_wind_change=2.569m/s>=0.5.
2026-02-07 17:00:00+00:00,2026-02-05 18:00:00+00:00,47.0,9.02,-1.2,0.9105722222222221,0.9966154425261684,0.9105722222222221,baseline,turbine_1,2026-02-06 00:00:00+00:00,turbine_1: на 2026-02-06T00:00:00+00:00 проверяемого факта пока нет; overlap_wind_change=2.569m/s>=0.5.
2026-02-07 18:00:00+00:00,2026-02-05 18:00:00+00:00,48.0,9.49,-1.4,0.9668222222222222,0.9573900391750362,0.9668222222222222,baseline,turbine_1,2026-02-06 00:00:00+00:00,turbine_1: на 2026-02-06T00:00:00+00:00 проверяемого факта пока нет; overlap_wind_change=2.569m/s>=0.5.
2026-02-07 19:00:00+00:00,2026-02-05 18:00:00+00:00,49.0,10.32,-1.7,0.9823722222222222,0.976792338312367,0.9823722222222222,baseline,turbine_1,2026-02-06 00:00:00+00:00,turbine_1: на 2026-02-06T00:00:00+00:00 проверяемого факта пока нет; overlap_wind_change=2.569m/s>=0.5.
2026-02-07 20:00:00+00:00,2026-02-05 18:00:00+00:00,50.0,9.3,-2.2,0.9565833333333333,0.9240553739230696,0.9565833333333333,baseline,turbine_1,2026-02-06 00:00:00+00:00,turbine_1: на 2026-02-06T00:00:00+00:00 проверяемого факта пока нет; overlap_wind_change=2.569m/s>=0.5.
2026-02-07 21:00:00+00:00,2026-02-05 18:00:00+00:00,51.0,9.67,-2.7,0.9765222222222222,0.9664473391035004,0.9765222222222222,baseline,turbine_1,2026-02-06 00:00:00+00:00,turbine_1: на 2026-02-06T00:00:00+00:00 проверяемого факта пока нет; overlap_wind_change=2.569m/s>=0.5.
2026-02-07 22:00:00+00:00,2026-02-05 18:00:00+00:00,52.0,9.73,-2.7,0.9797555555555556,0.9672129911508022,0.9797555555555556,baseline,turbine_1,2026-02-06 00:00:00+00:00,turbine_1: на 2026-02-06T00:00:00+00:00 проверяемого факта пока нет; overlap_wind_change=2.569m/s>=0.5.
2026-02-07 23:00:00+00:00,2026-02-05 18:00:00+00:00,53.0,9.04,-2.2,0.9143388888888887,0.8367327759906971,0.9143388888888887,baseline,turbine_1,2026-02-06 00:00:00+00:00,turbine_1: на 2026-02-06T00:00:00+00:00 проверяемого факта пока нет; overlap_wind_change=2.569m/s>=0.5.
2026-02-08 00:00:00+00:00,2026-02-05 18:00:00+00:00,54.0,8.39,-1.8,0.7917222222222223,0.6474816882000232,0.7917222222222223,baseline,turbine_1,2026-02-06 00:00:00+00:00,turbine_1: на 2026-02-06T00:00:00+00:00 проверяемого факта пока нет; overlap_wind_change=2.569m/s>=0.5.
2026-02-06 01:00:00+00:00,2026-02-05 18:00:00+00:00,7.0,2.9,-0.8,0.028944444444444443,0.0,0.028944444444444443,baseline,turbine_2,2026-02-06 00:00:00+00:00,turbine_2: на 2026-02-06T00:00:00+00:00 проверяемого факта пока нет; overlap_wind_change=2.569m/s>=0.5.
2026-02-06 02:00:00+00:00,2026-02-05 18:00:00+00:00,8.0,3.18,0.2,0.03423333333333334,0.03257968788728118,0.03423333333333334,baseline,turbine_2,2026-02-06 00:00:00+00:00,turbine_2: на 2026-02-06T00:00:00+00:00 проверяемого факта пока нет; overlap_wind_change=2.569m/s>=0.5.
2026-02-06 03:00:00+00:00,2026-02-05 18:00:00+00:00,9.0,6.95,2.0,0.5137777777777778,0.40287918584915966,0.5137777777777778,baseline,turbine_2,2026-02-06 00:00:00+00:00,turbine_2: на 2026-02-06T00:00:00+00:00 проверяемого факта пока нет; overlap_wind_change=2.569m/s>=0.5.
2026-02-06 04:00:00+00:00,2026-02-05 18:00:00+00:00,10.0,6.32,3.1,0.3833888888888889,0.3536929989136004,0.3833888888888889,baseline,turbine_2,2026-02-06 00:00:00+00:00,turbine_2: на 2026-02-06T00:00:00+00:00 проверяемого факта пока нет; overlap_wind_change=2.569m/s>=0.5.
2026-02-06 05:00:00+00:00,2026-02-05 18:00:00+00:00,11.0,4.81,4.3,0.1532222222222222,0.13508710615552524,0.1532222222222222,baseline,turbine_2,2026-02-06 00:00:00+00:00,turbine_2: на 2026-02-06T00:00:00+00:00 проверяемого факта пока нет; overlap_wind_change=2.569m/s>=0.5.
2026-02-06 06:00:00+00:00,2026-02-05 18:00:00+00:00,12.0,3.4,5.4,0.04563888888888888,0.061047773979643234,0.04563888888888888,baseline,turbine_2,2026-02-06 00:00:00+00:00,turbine_2: на 2026-02-06T00:00:00+00:00 проверяемого факта пока нет; overlap_wind_change=2.569m/s>=0.5.
2026-02-06 07:00:00+00:00,2026-02-05 18:00:00+00:00,13.0,4.36,6.1,0.11533888888888892,0.15202043994160422,0.11533888888888892,baseline,turbine_2,2026-02-06 00:00:00+00:00,turbine_2: на 2026-02-06T00:00:00+00:00 проверяемого факта пока нет; overlap_wind_change=2.569m/s>=0.5.
2026-02-06 08:00:00+00:00,2026-02-05 18:00:00+00:00,14.0,10.14,8.1,0.9725111111111111,0.9641067931425469,0.9725111111111111,baseline,turbine_2,2026-02-06 00:00:00+00:00,turbine_2: на 2026-02-06T00:00:00+00:00 проверяемого факта пока нет; overlap_wind_change=2.569m/s>=0.5.
2026-02-06 09:00:00+00:00,2026-02-05 18:00:00+00:00,15.0,12.77,7.0,0.9743111111111111,0.8943649668459781,0.9743111111111111,baseline,turbine_2,2026-02-06 00:00:00+00:00,turbine_2: на 2026-02-06T00:00:00+00:00 проверяемого факта пока нет; overlap_wind_change=2.569m/s>=0.5.
2026-02-06 10:00:00+00:00,2026-02-05 18:00:00+00:00,16.0,13.08,5.6,0.9722444444444444,0.8832969430112824,0.9722444444444444,baseline,turbine_2,2026-02-06 00:00:00+00:00,turbine_2: на 2026-02-06T00:00:00+00:00 проверяемого факта пока нет; overlap_wind_change=2.569m/s>=0.5.
2026-02-06 11:00:00+00:00,2026-02-05 18:00:00+00:00,17.0,14.16,4.1,0.9595333333333333,0.8718584639393558,0.9595333333333333,baseline,turbine_2,2026-02-06 00:00:00+00:00,turbine_2: на 2026-02-06T00:00:00+00:00 проверяемого факта пока нет; overlap_wind_change=2.569m/s>=0.5.
2026-02-06 12:00:00+00:00,2026-02-05 18:00:00+00:00,18.0,15.36,3.5,0.9550000000000001,0.9366720174749323,0.9550000000000001,baseline,turbine_2,2026-02-06 00:00:00+00:00,turbine_2: на 2026-02-06T00:00:00+00:00 проверяемого факта пока нет; overlap_wind_change=2.569m/s>=0.5.
2026-02-06 13:00:00+00:00,2026-02-05 18:00:00+00:00,19.0,15.31,2.7,0.9550000000000001,0.8968012134552472,0.9550000000000001,baseline,turbine_2,2026-02-06 00:00:00+00:00,turbine_2: на 2026-02-06T00:00:00+00:00 проверяемого факта пока нет; overlap_wind_change=2.569m/s>=0.5.
2026-02-06 14:00:00+00:00,2026-02-05 18:00:00+00:00,20.0,14.11,1.7,0.9602,0.9420489751242502,0.9602,baseline,turbine_2,2026-02-06 00:00:00+00:00,turbine_2: на 2026-02-06T00:00:00+00:00 проверяемого факта пока нет; overlap_wind_change=2.569m/s>=0.5.
2026-02-06 15:00:00+00:00,2026-02-05 18:00:00+00:00,21.0,12.78,1.4,0.9742444444444445,0.9378065972184533,0.9742444444444445,baseline,turbine_2,2026-02-06 00:00:00+00:00,turbine_2: на 2026-02-06T00:00:00+00:00 проверяемого факта пока нет; overlap_wind_change=2.569m/s>=0.5.
2026-02-06 16:00:00+00:00,2026-02-05 18:00:00+00:00,22.0,11.75,1.4,0.976111111111111,0.9355957321770996,0.976111111111111,baseline,turbine_2,2026-02-06 00:00:00+00:00,turbine_2: на 2026-02-06T00:00:00+00:00 проверяемого факта пока нет; overlap_wind_change=2.569m/s>=0.5.
2026-02-06 17:00:00+00:00,2026-02-05 18:00:00+00:00,23.0,10.21,0.9,0.9732111111111111,0.9733243267703707,0.9732111111111111,baseline,turbine_2,2026-02-06 00:00:00+00:00,turbine_2: на 2026-02-06T00:00:00+00:00 проверяемого факта пока нет; overlap_wind_change=2.569m/s>=0.5.
2026-02-06 18:00:00+00:00,2026-02-05 18:00:00+00:00,24.0,7.78,0.4,0.6585111111111112,0.840095778643246,0.6585111111111112,baseline,turbine_2,2026-02-06 00:00:00+00:00,turbine_2: на 2026-02-06T00:00:00+00:00 проверяемого факта пока нет; overlap_wind_change=2.569m/s>=0.5.
2026-02-06 19:00:00+00:00,2026-02-05 18:00:00+00:00,25.0,6.3,0.1,0.3797222222222222,0.7082656020441394,0.3797222222222222,baseline,turbine_2,2026-02-06 00:00:00+00:00,turbine_2: на 2026-02-06T00:00:00+00:00 проверяемого факта пока нет; overlap_wind_change=2.569m/s>=0.5.
2026-02-06 20:00:00+00:00,2026-02-05 18:00:00+00:00,26.0,5.77,-0.1,0.26362222222222215,0.4602323724931386,0.26362222222222215,baseline,turbine_2,2026-02-06 00:00:00+00:00,turbine_2: на 2026-02-06T00:00:00+00:00 проверяемого факта пока нет; overlap_wind_change=2.569m/s>=0.5.
2026-02-06 21:00:00+00:00,2026-02-05 18:00:00+00:00,27.0,6.22,-0.1,0.36387222222222215,0.48513728181573135,0.36387222222222215,baseline,turbine_2,2026-02-06 00:00:00+00:00,turbine_2: на 2026-02-06T00:00:00+00:00 проверяемого факта пока нет; overlap_wind_change=2.569m/s>=0.5.
2026-02-06 22:00:00+00:00,2026-02-05 18:00:00+00:00,28.0,6.06,-0.3,0.3282277777777777,0.46804650708234324,0.3282277777777777,baseline,turbine_2,2026-02-06 00:00:00+00:00,turbine_2: на 2026-02-06T00:00:00+00:00 проверяемого факта пока нет; overlap_wind_change=2.569m/s>=0.5.
2026-02-06 23:00:00+00:00,2026-02-05 18:00:00+00:00,29.0,5.87,-0.5,0.28590000000000004,0.47208131775916834,0.28590000000000004,baseline,turbine_2,2026-02-06 00:00:00+00:00,turbine_2: на 2026-02-06T00:00:00+00:00 проверяемого факта пока нет; overlap_wind_change=2.569m/s>=0.5.
2026-02-07 00:00:00+00:00,2026-02-05 18:00:00+00:00,30.0,5.48,-0.8,0.22241666666666673,0.3219503303500684,0.22241666666666673,baseline,turbine_2,2026-02-06 00:00:00+00:00,turbine_2: на 2026-02-06T00:00:00+00:00 проверяемого факта пока нет; overlap_wind_change=2.569m/s>=0.5.
2026-02-07 01:00:00+00:00,2026-02-05 18:00:00+00:00,31.0,3.9,-1.3,0.08025,0.16201606777079178,0.08025,baseline,turbine_2,2026-02-06 00:00:00+00:00,turbine_2: на 2026-02-06T00:00:00+00:00 проверяемого факта пока нет; overlap_wind_change=2.569m/s>=0.5.
2026-02-07 02:00:00+00:00,2026-02-05 18:00:00+00:00,32.0,1.63,-1.4,0.015155555555555554,0.13520808210419355,0.015155555555555554,baseline,turbine_2,2026-02-06 00:00:00+00:00,turbine_2: на 2026-02-06T00:00:00+00:00 проверяемого факта пока нет; overlap_wind_change=2.569m/s>=0.5.
2026-02-07 03:00:00+00:00,2026-02-05 18:00:00+00:00,33.0,0.79,-0.8,0.010311111111111111,0.1029070808312124,0.010311111111111111,baseline,turbine_2,2026-02-06 00:00:00+00:00,turbine_2: на 2026-02-06T00:00:00+00:00 проверяемого факта пока нет; overlap_wind_change=2.569m/s>=0.5.
2026-02-07 04:00:00+00:00,2026-02-05 18:00:00+00:00,34.0,1.48,0.1,0.014655555555555554,0.112320696300457,0.014655555555555554,baseline,turbine_2,2026-02-06 00:00:00+00:00,turbine_2: на 2026-02-06T00:00:00+00:00 проверяемого факта пока нет; overlap_wind_change=2.569m/s>=0.5.
2026-02-07 05:00:00+00:00,2026-02-05 18:00:00+00:00,35.0,1.06,1.2,0.01241111111111111,0.08543813388776875,0.01241111111111111,baseline,turbine_2,2026-02-06 00:00:00+00:00,turbine_2: на 2026-02-06T00:00:00+00:00 проверяемого факта пока нет; overlap_wind_change=2.569m/s>=0.5.
2026-02-07 06:00:00+00:00,2026-02-05 18:00:00+00:00,36.0,2.41,2.9,0.022711111111111112,0.12396150630665739,0.022711111111111112,baseline,turbine_2,2026-02-06 00:00:00+00:00,turbine_2: на 2026-02-06T00:00:00+00:00 проверяемого факта пока нет; overlap_wind_change=2.569m/s>=0.5.
2026-02-07 07:00:00+00:00,2026-02-05 18:00:00+00:00,37.0,4.1,3.0,0.09502777777777775,0.23473681733690044,0.09502777777777775,baseline,turbine_2,2026-02-06 00:00:00+00:00,turbine_2: на 2026-02-06T00:00:00+00:00 проверяемого факта пока нет; overlap_wind_change=2.569m/s>=0.5.
2026-02-07 08:00:00+00:00,2026-02-05 18:00:00+00:00,38.0,4.44,3.4,0.12205000000000005,0.2532539644600508,0.12205000000000005,baseline,turbine_2,2026-02-06 00:00:00+00:00,turbine_2: на 2026-02-06T00:00:00+00:00 проверяемого факта пока нет; overlap_wind_change=2.569m/s>=0.5.
2026-02-07 09:00:00+00:00,2026-02-05 18:00:00+00:00,39.0,4.3,3.3,0.11030555555555555,0.21343003699260346,0.11030555555555555,baseline,turbine_2,2026-02-06 00:00:00+00:00,turbine_2: на 2026-02-06T00:00:00+00:00 проверяемого факта пока нет; overlap_wind_change=2.569m/s>=0.5.
2026-02-07 10:00:00+00:00,2026-02-05 18:00:00+00:00,40.0,4.09,2.5,0.09428888888888888,0.22285824746046515,0.09428888888888888,baseline,turbine_2,2026-02-06 00:00:00+00:00,turbine_2: на 2026-02-06T00:00:00+00:00 проверяемого факта пока нет; overlap_wind_change=2.569m/s>=0.5.
2026-02-07 11:00:00+00:00,2026-02-05 18:00:00+00:00,41.0,3.61,1.3,0.05975555555555555,0.16646556620360822,0.05975555555555555,baseline,turbine_2,2026-02-06 00:00:00+00:00,turbine_2: на 2026-02-06T00:00:00+00:00 проверяемого факта пока нет; overlap_wind_change=2.569m/s>=0.5.
2026-02-07 12:00:00+00:00,2026-02-05 18:00:00+00:00,42.0,1.5,-0.1,0.01472222222222222,0.08763986663596907,0.01472222222222222,baseline,turbine_2,2026-02-06 00:00:00+00:00,turbine_2: на 2026-02-06T00:00:00+00:00 проверяемого факта пока нет; overlap_wind_change=2.569m/s>=0.5.
2026-02-07 13:00:00+00:00,2026-02-05 18:00:00+00:00,43.0,5.14,0.1,0.18163888888888885,0.3506144000715933,0.18163888888888885,baseline,turbine_2,2026-02-06 00:00:00+00:00,turbine_2: на 2026-02-06T00:00:00+00:00 проверяемого факта пока нет; overlap_wind_change=2.569m/s>=0.5.
2026-02-07 14:00:00+00:00,2026-02-05 18:00:00+00:00,44.0,7.43,-0.1,0.612711111111111,0.7835726799466766,0.612711111111111,baseline,turbine_2,2026-02-06 00:00:00+00:00,turbine_2: на 2026-02-06T00:00:00+00:00 проверяемого факта пока нет; overlap_wind_change=2.569m/s>=0.5.
2026-02-07 15:00:00+00:00,2026-02-05 18:00:00+00:00,45.0,7.95,-0.3,0.7004444444444444,0.8353927587729747,0.7004444444444444,baseline,turbine_2,2026-02-06 00:00:00+00:00,turbine_2: на 2026-02-06T00:00:00+00:00 проверяемого факта пока нет; overlap_wind_change=2.569m/s>=0.5.
2026-02-07 16:00:00+00:00,2026-02-05 18:00:00+00:00,46.0,8.01,-0.8,0.7152444444444442,0.8240436955546259,0.7152444444444442,baseline,turbine_2,2026-02-06 00:00:00+00:00,turbine_2: на 2026-02-06T00:00:00+00:00 проверяемого факта пока нет; overlap_wind_change=2.569m/s>=0.5.
2026-02-07 17:00:00+00:00,2026-02-05 18:00:00+00:00,47.0,9.02,-1.2,0.9008944444444442,0.9936570331918116,0.9008944444444442,baseline,turbine_2,2026-02-06 00:00:00+00:00,turbine_2: на 2026-02-06T00:00:00+00:00 проверяемого факта пока нет; overlap_wind_change=2.569m/s>=0.5.
2026-02-07 18:00:00+00:00,2026-02-05 18:00:00+00:00,48.0,9.49,-1.4,0.9561888888888889,0.9920367462296577,0.9561888888888889,baseline,turbine_2,2026-02-06 00:00:00+00:00,turbine_2: на 2026-02-06T00:00:00+00:00 проверяемого факта пока нет; overlap_wind_change=2.569m/s>=0.5.
2026-02-07 19:00:00+00:00,2026-02-05 18:00:00+00:00,49.0,10.32,-1.7,0.9739222222222222,1.0,0.9739222222222222,baseline,turbine_2,2026-02-06 00:00:00+00:00,turbine_2: на 2026-02-06T00:00:00+00:00 проверяемого факта пока нет; overlap_wind_change=2.569m/s>=0.5.
2026-02-07 20:00:00+00:00,2026-02-05 18:00:00+00:00,50.0,9.3,-2.2,0.947111111111111,0.9882017549072668,0.947111111111111,baseline,turbine_2,2026-02-06 00:00:00+00:00,turbine_2: на 2026-02-06T00:00:00+00:00 проверяемого факта пока нет; overlap_wind_change=2.569m/s>=0.5.
2026-02-07 21:00:00+00:00,2026-02-05 18:00:00+00:00,51.0,9.67,-2.7,0.9647888888888888,0.9755899476704704,0.9647888888888888,baseline,turbine_2,2026-02-06 00:00:00+00:00,turbine_2: на 2026-02-06T00:00:00+00:00 проверяемого факта пока нет; overlap_wind_change=2.569m/s>=0.5.
2026-02-07 22:00:00+00:00,2026-02-05 18:00:00+00:00,52.0,9.73,-2.7,0.9676555555555556,0.9874344896840275,0.9676555555555556,baseline,turbine_2,2026-02-06 00:00:00+00:00,turbine_2: на 2026-02-06T00:00:00+00:00 проверяемого факта пока нет; overlap_wind_change=2.569m/s>=0.5.
2026-02-07 23:00:00+00:00,2026-02-05 18:00:00+00:00,53.0,9.04,-2.2,0.9047055555555553,0.83952359105652,0.9047055555555553,baseline,turbine_2,2026-02-06 00:00:00+00:00,turbine_2: на 2026-02-06T00:00:00+00:00 проверяемого факта пока нет; overlap_wind_change=2.569m/s>=0.5.
2026-02-08 00:00:00+00:00,2026-02-05 18:00:00+00:00,54.0,8.39,-1.8,0.7954444444444444,0.6803865691889245,0.7954444444444444,baseline,turbine_2,2026-02-06 00:00:00+00:00,turbine_2: на 2026-02-06T00:00:00+00:00 проверяемого факта пока нет; overlap_wind_change=2.569m/s>=0.5.
2026-02-07 01:00:00+00:00,2026-02-06 18:00:00+00:00,7.0,2.33,-1.5,0.024944444444444446,0.0,0.024944444444444446,baseline,turbine_1,2026-02-07 00:00:00+00:00,turbine_1: на 2026-02-07T00:00:00+00:00 проверяемого факта пока нет; overlap_wind_change=0.892m/s>=0.5.
2026-02-07 02:00:00+00:00,2026-02-06 18:00:00+00:00,8.0,1.7,-2.0,0.016000000000000004,0.0,0.016000000000000004,baseline,turbine_1,2026-02-07 00:00:00+00:00,turbine_1: на 2026-02-07T00:00:00+00:00 проверяемого факта пока нет; overlap_wind_change=0.892m/s>=0.5.
2026-02-07 03:00:00+00:00,2026-02-06 18:00:00+00:00,9.0,0.64,-1.0,0.01,0.0,0.01,baseline,turbine_1,2026-02-07 00:00:00+00:00,turbine_1: на 2026-02-07T00:00:00+00:00 проверяемого факта пока нет; overlap_wind_change=0.892m/s>=0.5.
2026-02-07 04:00:00+00:00,2026-02-06 18:00:00+00:00,10.0,0.99,0.6,0.0124,0.01726771639175967,0.0124,baseline,turbine_1,2026-02-07 00:00:00+00:00,turbine_1: на 2026-02-07T00:00:00+00:00 проверяемого факта пока нет; overlap_wind_change=0.892m/s>=0.5.
2026-02-07 05:00:00+00:00,2026-02-06 18:00:00+00:00,11.0,2.16,2.3,0.022261111111111113,0.0,0.022261111111111113,baseline,turbine_1,2026-02-07 00:00:00+00:00,turbine_1: на 2026-02-07T00:00:00+00:00 проверяемого факта пока нет; overlap_wind_change=0.892m/s>=0.5.
2026-02-07 06:00:00+00:00,2026-02-06 18:00:00+00:00,12.0,5.36,2.4,0.2189555555555556,0.17935971304876244,0.2189555555555556,baseline,turbine_1,2026-02-07 00:00:00+00:00,turbine_1: на 2026-02-07T00:00:00+00:00 проверяемого факта пока нет; overlap_wind_change=0.892m/s>=0.5.
2026-02-07 07:00:00+00:00,2026-02-06 18:00:00+00:00,13.0,5.85,2.7,0.28277777777777774,0.3295918832577132,0.28277777777777774,baseline,turbine_1,2026-02-07 00:00:00+00:00,turbine_1: на 2026-02-07T00:00:00+00:00 проверяемого факта пока нет; overlap_wind_change=0.892m/s>=0.5.
2026-02-07 08:00:00+00:00,2026-02-06 18:00:00+00:00,14.0,5.45,2.8,0.2285555555555556,0.28963529405501265,0.2285555555555556,baseline,turbine_1,2026-02-07 00:00:00+00:00,turbine_1: на 2026-02-07T00:00:00+00:00 проверяемого факта пока нет; overlap_wind_change=0.892m/s>=0.5.
2026-02-07 09:00:00+00:00,2026-02-06 18:00:00+00:00,15.0,4.64,2.6,0.15614999999999998,0.22802731777103666,0.15614999999999998,baseline,turbine_1,2026-02-07 00:00:00+00:00,turbine_1: на 2026-02-07T00:00:00+00:00 проверяемого факта пока нет; overlap_wind_change=0.892m/s>=0.5.
2026-02-07 10:00:00+00:00,2026-02-06 18:00:00+00:00,16.0,3.82,2.5,0.08332777777777776,0.13370092079171858,0.08332777777777776,baseline,turbine_1,2026-02-07 00:00:00+00:00,turbine_1: на 2026-02-07T00:00:00+00:00 проверяемого факта пока нет; overlap_wind_change=0.892m/s>=0.5.
2026-02-07 11:00:00+00:00,2026-02-06 18:00:00+00:00,17.0,2.79,1.4,0.032788888888888895,0.08663863007475228,0.032788888888888895,baseline,turbine_1,2026-02-07 00:00:00+00:00,turbine_1: на 2026-02-07T00:00:00+00:00 проверяемого факта пока нет; overlap_wind_change=0.892m/s>=0.5.
2026-02-07 12:00:00+00:00,2026-02-06 18:00:00+00:00,18.0,0.49,-0.1,0.01,0.007876647099633125,0.01,baseline,turbine_1,2026-02-07 00:00:00+00:00,turbine_1: на 2026-02-07T00:00:00+00:00 проверяемого факта пока нет; overlap_wind_change=0.892m/s>=0.5.
2026-02-07 13:00:00+00:00,2026-02-06 18:00:00+00:00,19.0,5.0,0.0,0.18666666666666668,0.3403330645155491,0.18666666666666668,baseline,turbine_1,2026-02-07 00:00:00+00:00,turbine_1: на 2026-02-07T00:00:00+00:00 проверяемого факта пока нет; overlap_wind_change=0.892m/s>=0.5.
2026-02-07 14:00:00+00:00,2026-02-06 18:00:00+00:00,20.0,7.14,-0.1,0.5625722222222221,0.7732134920203859,0.5625722222222221,baseline,turbine_1,2026-02-07 00:00:00+00:00,turbine_1: на 2026-02-07T00:00:00+00:00 проверяемого факта пока нет; overlap_wind_change=0.892m/s>=0.5.
2026-02-07 15:00:00+00:00,2026-02-06 18:00:00+00:00,21.0,8.44,-0.2,0.8011666666666666,0.8535219177148492,0.8011666666666666,baseline,turbine_1,2026-02-07 00:00:00+00:00,turbine_1: на 2026-02-07T00:00:00+00:00 проверяемого факта пока нет; overlap_wind_change=0.892m/s>=0.5.
2026-02-07 16:00:00+00:00,2026-02-06 18:00:00+00:00,22.0,8.82,-0.3,0.8729055555555556,0.9529057598874295,0.8729055555555556,baseline,turbine_1,2026-02-07 00:00:00+00:00,turbine_1: на 2026-02-07T00:00:00+00:00 проверяемого факта пока нет; overlap_wind_change=0.892m/s>=0.5.
2026-02-07 17:00:00+00:00,2026-02-06 18:00:00+00:00,23.0,10.39,-0.8,0.9827999999999999,1.0,0.9827999999999999,baseline,turbine_1,2026-02-07 00:00:00+00:00,turbine_1: на 2026-02-07T00:00:00+00:00 проверяемого факта пока нет; overlap_wind_change=0.892m/s>=0.5.
2026-02-07 18:00:00+00:00,2026-02-06 18:00:00+00:00,24.0,11.06,-1.3,0.9849999999999999,0.9442511334156274,0.9849999999999999,baseline,turbine_1,2026-02-07 00:00:00+00:00,turbine_1: на 2026-02-07T00:00:00+00:00 проверяемого факта пока нет; overlap_wind_change=0.892m/s>=0.5.
2026-02-07 19:00:00+00:00,2026-02-06 18:00:00+00:00,25.0,11.59,-1.6,0.9883999999999998,0.9528723175891844,0.9883999999999998,baseline,turbine_1,2026-02-07 00:00:00+00:00,turbine_1: на 2026-02-07T00:00:00+00:00 проверяемого факта пока нет; overlap_wind_change=0.892m/s>=0.5.
2026-02-07 20:00:00+00:00,2026-02-06 18:00:00+00:00,26.0,11.43,-1.8,0.9867999999999999,0.9509609476574807,0.9867999999999999,baseline,turbine_1,2026-02-07 00:00:00+00:00,turbine_1: на 2026-02-07T00:00:00+00:00 проверяемого факта пока нет; overlap_wind_change=0.892m/s>=0.5.
2026-02-07 21:00:00+00:00,2026-02-06 18:00:00+00:00,27.0,10.59,-1.8,0.9840222222222221,0.9667625331075086,0.9840222222222221,baseline,turbine_1,2026-02-07 00:00:00+00:00,turbine_1: на 2026-02-07T00:00:00+00:00 проверяемого факта пока нет; overlap_wind_change=0.892m/s>=0.5.
2026-02-07 22:00:00+00:00,2026-02-06 18:00:00+00:00,28.0,9.55,-2.0,0.9700555555555556,0.9388237751533484,0.9700555555555556,baseline,turbine_1,2026-02-07 00:00:00+00:00,turbine_1: на 2026-02-07T00:00:00+00:00 проверяемого факта пока нет; overlap_wind_change=0.892m/s>=0.5.
2026-02-07 23:00:00+00:00,2026-02-06 18:00:00+00:00,29.0,8.39,-1.8,0.7917222222222223,0.6571459235666259,0.7917222222222223,baseline,turbine_1,2026-02-07 00:00:00+00:00,turbine_1: на 2026-02-07T00:00:00+00:00 проверяемого факта пока нет; overlap_wind_change=0.892m/s>=0.5.
2026-02-08 00:00:00+00:00,2026-02-06 18:00:00+00:00,30.0,8.46,-1.2,0.8049444444444446,0.730297451160805,0.8049444444444446,baseline,turbine_1,2026-02-07 00:00:00+00:00,turbine_1: на 2026-02-07T00:00:00+00:00 проверяемого факта пока нет; overlap_wind_change=0.892m/s>=0.5.
2026-02-08 01:00:00+00:00,2026-02-06 18:00:00+00:00,31.0,8.24,-1.0,0.7629611111111112,0.6384961893344577,0.7629611111111112,baseline,turbine_1,2026-02-07 00:00:00+00:00,turbine_1: на 2026-02-07T00:00:00+00:00 проверяемого факта пока нет; overlap_wind_change=0.892m/s>=0.5.
2026-02-08 02:00:00+00:00,2026-02-06 18:00:00+00:00,32.0,7.61,-1.0,0.6322555555555556,0.6116968514059933,0.6322555555555556,baseline,turbine_1,2026-02-07 00:00:00+00:00,turbine_1: на 2026-02-07T00:00:00+00:00 проверяемого факта пока нет; overlap_wind_change=0.892m/s>=0.5.
2026-02-08 03:00:00+00:00,2026-02-06 18:00:00+00:00,33.0,6.44,-0.7,0.40987777777777784,0.6255884321352391,0.40987777777777784,baseline,turbine_1,2026-02-07 00:00:00+00:00,turbine_1: на 2026-02-07T00:00:00+00:00 проверяемого факта пока нет; overlap_wind_change=0.892m/s>=0.5.
2026-02-08 04:00:00+00:00,2026-02-06 18:00:00+00:00,34.0,4.81,0.8,0.17104444444444442,0.22099463250951465,0.17104444444444442,baseline,turbine_1,2026-02-07 00:00:00+00:00,turbine_1: на 2026-02-07T00:00:00+00:00 проверяемого факта пока нет; overlap_wind_change=0.892m/s>=0.5.
2026-02-08 05:00:00+00:00,2026-02-06 18:00:00+00:00,35.0,3.13,2.0,0.03996666666666667,0.10748532025524003,0.03996666666666667,baseline,turbine_1,2026-02-07 00:00:00+00:00,turbine_1: на 2026-02-07T00:00:00+00:00 проверяемого факта пока нет; overlap_wind_change=0.892m/s>=0.5.
2026-02-08 06:00:00+00:00,2026-02-06 18:00:00+00:00,36.0,1.91,2.7,0.01851111111111111,0.08372332009101326,0.01851111111111111,baseline,turbine_1,2026-02-07 00:00:00+00:00,turbine_1: на 2026-02-07T00:00:00+00:00 проверяемого факта пока нет; overlap_wind_change=0.892m/s>=0.5.
2026-02-08 07:00:00+00:00,2026-02-06 18:00:00+00:00,37.0,1.03,3.3,0.0128,0.07850085224577004,0.0128,baseline,turbine_1,2026-02-07 00:00:00+00:00,turbine_1: на 2026-02-07T00:00:00+00:00 проверяемого факта пока нет; overlap_wind_change=0.892m/s>=0.5.
2026-02-08 08:00:00+00:00,2026-02-06 18:00:00+00:00,38.0,1.92,3.8,0.01866111111111111,0.13418941918060887,0.01866111111111111,baseline,turbine_1,2026-02-07 00:00:00+00:00,turbine_1: на 2026-02-07T00:00:00+00:00 проверяемого факта пока нет; overlap_wind_change=0.892m/s>=0.5.
2026-02-08 09:00:00+00:00,2026-02-06 18:00:00+00:00,39.0,4.62,4.1,0.15433888888888891,0.29594189441885393,0.15433888888888891,baseline,turbine_1,2026-02-07 00:00:00+00:00,turbine_1: на 2026-02-07T00:00:00+00:00 проверяемого факта пока нет; overlap_wind_change=0.892m/s>=0.5.
2026-02-08 10:00:00+00:00,2026-02-06 18:00:00+00:00,40.0,7.27,3.4,0.5905111111111111,0.6614918396450068,0.5905111111111111,baseline,turbine_1,2026-02-07 00:00:00+00:00,turbine_1: на 2026-02-07T00:00:00+00:00 проверяемого факта пока нет; overlap_wind_change=0.892m/s>=0.5.
2026-02-08 11:00:00+00:00,2026-02-06 18:00:00+00:00,41.0,9.35,2.5,0.9592777777777778,0.8057932377828549,0.9592777777777778,baseline,turbine_1,2026-02-07 00:00:00+00:00,turbine_1: на 2026-02-07T00:00:00+00:00 проверяемого факта пока нет; overlap_wind_change=0.892m/s>=0.5.
2026-02-08 12:00:00+00:00,2026-02-06 18:00:00+00:00,42.0,10.68,0.3,0.9845722222222221,0.9443622202877937,0.9845722222222221,baseline,turbine_1,2026-02-07 00:00:00+00:00,turbine_1: на 2026-02-07T00:00:00+00:00 проверяемого факта пока нет; overlap_wind_change=0.892m/s>=0.5.
2026-02-08 13:00:00+00:00,2026-02-06 18:00:00+00:00,43.0,11.35,-1.3,0.9859999999999999,0.9407950681822556,0.9859999999999999,baseline,turbine_1,2026-02-07 00:00:00+00:00,turbine_1: на 2026-02-07T00:00:00+00:00 проверяемого факта пока нет; overlap_wind_change=0.892m/s>=0.5.
2026-02-08 14:00:00+00:00,2026-02-06 18:00:00+00:00,44.0,11.68,-2.2,0.9892999999999998,0.9369297654921377,0.9892999999999998,baseline,turbine_1,2026-02-07 00:00:00+00:00,turbine_1: на 2026-02-07T00:00:00+00:00 проверяемого факта пока нет; overlap_wind_change=0.892m/s>=0.5.
2026-02-08 15:00:00+00:00,2026-02-06 18:00:00+00:00,45.0,11.7,-2.0,0.9894999999999998,0.9466311392324307,0.9894999999999998,baseline,turbine_1,2026-02-07 00:00:00+00:00,turbine_1: на 2026-02-07T00:00:00+00:00 проверяемого факта пока нет; overlap_wind_change=0.892m/s>=0.5.
2026-02-08 16:00:00+00:00,2026-02-06 18:00:00+00:00,46.0,11.55,-1.6,0.9879999999999999,0.9466311392324307,0.9879999999999999,baseline,turbine_1,2026-02-07 00:00:00+00:00,turbine_1: на 2026-02-07T00:00:00+00:00 проверяемого факта пока нет; overlap_wind_change=0.892m/s>=0.5.
2026-02-08 17:00:00+00:00,2026-02-06 18:00:00+00:00,47.0,12.06,-1.6,0.9899999999999999,0.9568802552439111,0.9899999999999999,baseline,turbine_1,2026-02-07 00:00:00+00:00,turbine_1: на 2026-02-07T00:00:00+00:00 проверяемого факта пока нет; overlap_wind_change=0.892m/s>=0.5.
2026-02-08 18:00:00+00:00,2026-02-06 18:00:00+00:00,48.0,12.43,-1.7,0.9899999999999999,0.9568802552439111,0.9899999999999999,baseline,turbine_1,2026-02-07 00:00:00+00:00,turbine_1: на 2026-02-07T00:00:00+00:00 проверяемого факта пока нет; overlap_wind_change=0.892m/s>=0.5.
2026-02-08 19:00:00+00:00,2026-02-06 18:00:00+00:00,49.0,12.16,-1.7,0.9899999999999999,0.9545733634197285,0.9899999999999999,baseline,turbine_1,2026-02-07 00:00:00+00:00,turbine_1: на 2026-02-07T00:00:00+00:00 проверяемого факта пока нет; overlap_wind_change=0.892m/s>=0.5.
2026-02-08 20:00:00+00:00,2026-02-06 18:00:00+00:00,50.0,12.07,-1.7,0.9899999999999999,0.9526619934880248,0.9899999999999999,baseline,turbine_1,2026-02-07 00:00:00+00:00,turbine_1: на 2026-02-07T00:00:00+00:00 проверяемого факта пока нет; overlap_wind_change=0.892m/s>=0.5.
2026-02-08 21:00:00+00:00,2026-02-06 18:00:00+00:00,51.0,12.1,-1.7,0.9899999999999999,0.9463327851633847,0.9899999999999999,baseline,turbine_1,2026-02-07 00:00:00+00:00,turbine_1: на 2026-02-07T00:00:00+00:00 проверяемого факта пока нет; overlap_wind_change=0.892m/s>=0.5.
2026-02-08 22:00:00+00:00,2026-02-06 18:00:00+00:00,52.0,11.74,-1.7,0.9898999999999999,0.941669625698385,0.9898999999999999,baseline,turbine_1,2026-02-07 00:00:00+00:00,turbine_1: на 2026-02-07T00:00:00+00:00 проверяемого факта пока нет; overlap_wind_change=0.892m/s>=0.5.
2026-02-08 23:00:00+00:00,2026-02-06 18:00:00+00:00,53.0,12.02,-2.0,0.9899999999999999,0.9152577186576414,0.9899999999999999,baseline,turbine_1,2026-02-07 00:00:00+00:00,turbine_1: на 2026-02-07T00:00:00+00:00 проверяемого факта пока нет; overlap_wind_change=0.892m/s>=0.5.
2026-02-09 00:00:00+00:00,2026-02-06 18:00:00+00:00,54.0,11.09,-2.3,0.9849999999999999,0.9188344895512077,0.9849999999999999,baseline,turbine_1,2026-02-07 00:00:00+00:00,turbine_1: на 2026-02-07T00:00:00+00:00 проверяемого факта пока нет; overlap_wind_change=0.892m/s>=0.5.
2026-02-07 01:00:00+00:00,2026-02-06 18:00:00+00:00,7.0,2.33,-1.5,0.021911111111111114,0.016879127586773183,0.021911111111111114,baseline,turbine_2,2026-02-07 00:00:00+00:00,turbine_2: на 2026-02-07T00:00:00+00:00 проверяемого факта пока нет; overlap_wind_change=0.892m/s>=0.5.
2026-02-07 02:00:00+00:00,2026-02-06 18:00:00+00:00,8.0,1.7,-2.0,0.015388888888888886,0.03301337015383919,0.015388888888888886,baseline,turbine_2,2026-02-07 00:00:00+00:00,turbine_2: на 2026-02-07T00:00:00+00:00 проверяемого факта пока нет; overlap_wind_change=0.892m/s>=0.5.
2026-02-07 03:00:00+00:00,2026-02-06 18:00:00+00:00,9.0,0.64,-1.0,0.01,0.01182942034970629,0.01,baseline,turbine_2,2026-02-07 00:00:00+00:00,turbine_2: на 2026-02-07T00:00:00+00:00 проверяемого факта пока нет; overlap_wind_change=0.892m/s>=0.5.
2026-02-07 04:00:00+00:00,2026-02-06 18:00:00+00:00,10.0,0.99,0.6,0.011866666666666666,0.01212718616209955,0.011866666666666666,baseline,turbine_2,2026-02-07 00:00:00+00:00,turbine_2: на 2026-02-07T00:00:00+00:00 проверяемого факта пока нет; overlap_wind_change=0.892m/s>=0.5.
2026-02-07 05:00:00+00:00,2026-02-06 18:00:00+00:00,11.0,2.16,2.3,0.020111111111111114,0.0004356804158121377,0.020111111111111114,baseline,turbine_2,2026-02-07 00:00:00+00:00,turbine_2: на 2026-02-07T00:00:00+00:00 проверяемого факта пока нет; overlap_wind_change=0.892m/s>=0.5.
2026-02-07 06:00:00+00:00,2026-02-06 18:00:00+00:00,12.0,5.36,2.4,0.20608333333333337,0.21339535367392465,0.20608333333333337,baseline,turbine_2,2026-02-07 00:00:00+00:00,turbine_2: на 2026-02-07T00:00:00+00:00 проверяемого факта пока нет; overlap_wind_change=0.892m/s>=0.5.
2026-02-07 07:00:00+00:00,2026-02-06 18:00:00+00:00,13.0,5.85,2.7,0.2814444444444444,0.43216325026162394,0.2814444444444444,baseline,turbine_2,2026-02-07 00:00:00+00:00,turbine_2: на 2026-02-07T00:00:00+00:00 проверяемого факта пока нет; overlap_wind_change=0.892m/s>=0.5.
2026-02-07 08:00:00+00:00,2026-02-06 18:00:00+00:00,14.0,5.45,2.8,0.21833333333333335,0.36089412512618246,0.21833333333333335,baseline,turbine_2,2026-02-07 00:00:00+00:00,turbine_2: на 2026-02-07T00:00:00+00:00 проверяемого факта пока нет; overlap_wind_change=0.892m/s>=0.5.
2026-02-07 09:00:00+00:00,2026-02-06 18:00:00+00:00,15.0,4.64,2.6,0.13882777777777777,0.2336209175712217,0.13882777777777777,baseline,turbine_2,2026-02-07 00:00:00+00:00,turbine_2: на 2026-02-07T00:00:00+00:00 проверяемого факта пока нет; overlap_wind_change=0.892m/s>=0.5.
2026-02-07 10:00:00+00:00,2026-02-06 18:00:00+00:00,16.0,3.82,2.5,0.07433888888888888,0.16007085740582533,0.07433888888888888,baseline,turbine_2,2026-02-07 00:00:00+00:00,turbine_2: на 2026-02-07T00:00:00+00:00 проверяемого факта пока нет; overlap_wind_change=0.892m/s>=0.5.
2026-02-07 11:00:00+00:00,2026-02-06 18:00:00+00:00,17.0,2.79,1.4,0.026866666666666667,0.11495850521011014,0.026866666666666667,baseline,turbine_2,2026-02-07 00:00:00+00:00,turbine_2: на 2026-02-07T00:00:00+00:00 проверяемого факта пока нет; overlap_wind_change=0.892m/s>=0.5.
2026-02-07 12:00:00+00:00,2026-02-06 18:00:00+00:00,18.0,0.49,-0.1,0.01,0.045402392869924604,0.01,baseline,turbine_2,2026-02-07 00:00:00+00:00,turbine_2: на 2026-02-07T00:00:00+00:00 проверяемого факта пока нет; overlap_wind_change=0.892m/s>=0.5.
2026-02-07 13:00:00+00:00,2026-02-06 18:00:00+00:00,19.0,5.0,0.0,0.16958333333333334,0.3493572386752119,0.16958333333333334,baseline,turbine_2,2026-02-07 00:00:00+00:00,turbine_2: на 2026-02-07T00:00:00+00:00 проверяемого факта пока нет; overlap_wind_change=0.892m/s>=0.5.
2026-02-07 14:00:00+00:00,2026-02-06 18:00:00+00:00,20.0,7.14,-0.1,0.5627555555555553,0.7368671112113662,0.5627555555555553,baseline,turbine_2,2026-02-07 00:00:00+00:00,turbine_2: на 2026-02-07T00:00:00+00:00 проверяемого факта пока нет; overlap_wind_change=0.892m/s>=0.5.
2026-02-07 15:00:00+00:00,2026-02-06 18:00:00+00:00,21.0,8.44,-0.2,0.8029444444444442,0.8705538965304515,0.8029444444444442,baseline,turbine_2,2026-02-07 00:00:00+00:00,turbine_2: на 2026-02-07T00:00:00+00:00 проверяемого факта пока нет; overlap_wind_change=0.892m/s>=0.5.
2026-02-07 16:00:00+00:00,2026-02-06 18:00:00+00:00,22.0,8.82,-0.3,0.8627833333333332,0.9867302469896565,0.8627833333333332,baseline,turbine_2,2026-02-07 00:00:00+00:00,turbine_2: на 2026-02-07T00:00:00+00:00 проверяемого факта пока нет; overlap_wind_change=0.892m/s>=0.5.
2026-02-07 17:00:00+00:00,2026-02-06 18:00:00+00:00,23.0,10.39,-0.8,0.9742333333333333,1.0,0.9742333333333333,baseline,turbine_2,2026-02-07 00:00:00+00:00,turbine_2: на 2026-02-07T00:00:00+00:00 проверяемого факта пока нет; overlap_wind_change=0.892m/s>=0.5.
2026-02-07 18:00:00+00:00,2026-02-06 18:00:00+00:00,24.0,11.06,-1.3,0.9766944444444444,0.9519100105467311,0.9766944444444444,baseline,turbine_2,2026-02-07 00:00:00+00:00,turbine_2: на 2026-02-07T00:00:00+00:00 проверяемого факта пока нет; overlap_wind_change=0.892m/s>=0.5.
2026-02-07 19:00:00+00:00,2026-02-06 18:00:00+00:00,25.0,11.59,-1.6,0.9764666666666666,0.9745980400982136,0.9764666666666666,baseline,turbine_2,2026-02-07 00:00:00+00:00,turbine_2: на 2026-02-07T00:00:00+00:00 проверяемого факта пока нет; overlap_wind_change=0.892m/s>=0.5.
2026-02-07 20:00:00+00:00,2026-02-06 18:00:00+00:00,26.0,11.43,-1.8,0.9768222222222221,0.9649336665753545,0.9768222222222221,baseline,turbine_2,2026-02-07 00:00:00+00:00,turbine_2: на 2026-02-07T00:00:00+00:00 проверяемого факта пока нет; overlap_wind_change=0.892m/s>=0.5.
2026-02-07 21:00:00+00:00,2026-02-06 18:00:00+00:00,27.0,10.59,-1.8,0.9751222222222221,1.0,0.9751222222222221,baseline,turbine_2,2026-02-07 00:00:00+00:00,turbine_2: на 2026-02-07T00:00:00+00:00 проверяемого факта пока нет; overlap_wind_change=0.892m/s>=0.5.
2026-02-07 22:00:00+00:00,2026-02-06 18:00:00+00:00,28.0,9.55,-2.0,0.9590555555555556,1.0,0.9590555555555556,baseline,turbine_2,2026-02-07 00:00:00+00:00,turbine_2: на 2026-02-07T00:00:00+00:00 проверяемого факта пока нет; overlap_wind_change=0.892m/s>=0.5.
2026-02-07 23:00:00+00:00,2026-02-06 18:00:00+00:00,29.0,8.39,-1.8,0.7954444444444444,0.6853009164629156,0.7954444444444444,baseline,turbine_2,2026-02-07 00:00:00+00:00,turbine_2: на 2026-02-07T00:00:00+00:00 проверяемого факта пока нет; overlap_wind_change=0.892m/s>=0.5.
2026-02-08 00:00:00+00:00,2026-02-06 18:00:00+00:00,30.0,8.46,-1.2,0.8059444444444445,0.7031757249430609,0.8059444444444445,baseline,turbine_2,2026-02-07 00:00:00+00:00,turbine_2: на 2026-02-07T00:00:00+00:00 проверяемого факта пока нет; overlap_wind_change=0.892m/s>=0.5.
2026-02-08 01:00:00+00:00,2026-02-06 18:00:00+00:00,31.0,8.24,-1.0,0.7719777777777777,0.6714002185668594,0.7719777777777777,baseline,turbine_2,2026-02-07 00:00:00+00:00,turbine_2: на 2026-02-07T00:00:00+00:00 проверяемого факта пока нет; overlap_wind_change=0.892m/s>=0.5.
2026-02-08 02:00:00+00:00,2026-02-06 18:00:00+00:00,32.0,7.61,-1.0,0.6343111111111112,0.6344369462077609,0.6343111111111112,baseline,turbine_2,2026-02-07 00:00:00+00:00,turbine_2: на 2026-02-07T00:00:00+00:00 проверяемого факта пока нет; overlap_wind_change=0.892m/s>=0.5.
2026-02-08 03:00:00+00:00,2026-02-06 18:00:00+00:00,33.0,6.44,-0.7,0.4053888888888889,0.6144553709899225,0.4053888888888889,baseline,turbine_2,2026-02-07 00:00:00+00:00,turbine_2: на 2026-02-07T00:00:00+00:00 проверяемого факта пока нет; overlap_wind_change=0.892m/s>=0.5.
2026-02-08 04:00:00+00:00,2026-02-06 18:00:00+00:00,34.0,4.81,0.8,0.1532222222222222,0.2431741635173974,0.1532222222222222,baseline,turbine_2,2026-02-07 00:00:00+00:00,turbine_2: на 2026-02-07T00:00:00+00:00 проверяемого факта пока нет; overlap_wind_change=0.892m/s>=0.5.
2026-02-08 05:00:00+00:00,2026-02-06 18:00:00+00:00,35.0,3.13,2.0,0.03328888888888889,0.14762882333202867,0.03328888888888889,baseline,turbine_2,2026-02-07 00:00:00+00:00,turbine_2: на 2026-02-07T00:00:00+00:00 проверяемого факта пока нет; overlap_wind_change=0.892m/s>=0.5.
2026-02-08 06:00:00+00:00,2026-02-06 18:00:00+00:00,36.0,1.91,2.7,0.017333333333333333,0.11534841510863882,0.017333333333333333,baseline,turbine_2,2026-02-07 00:00:00+00:00,turbine_2: на 2026-02-07T00:00:00+00:00 проверяемого факта пока нет; overlap_wind_change=0.892m/s>=0.5.
2026-02-08 07:00:00+00:00,2026-02-06 18:00:00+00:00,37.0,1.03,3.3,0.012177777777777777,0.09269205473316558,0.012177777777777777,baseline,turbine_2,2026-02-07 00:00:00+00:00,turbine_2: на 2026-02-07T00:00:00+00:00 проверяемого факта пока нет; overlap_wind_change=0.892m/s>=0.5.
2026-02-08 08:00:00+00:00,2026-02-06 18:00:00+00:00,38.0,1.92,3.8,0.017444444444444443,0.1686941474084866,0.017444444444444443,baseline,turbine_2,2026-02-07 00:00:00+00:00,turbine_2: на 2026-02-07T00:00:00+00:00 проверяемого факта пока нет; overlap_wind_change=0.892m/s>=0.5.
2026-02-08 09:00:00+00:00,2026-02-06 18:00:00+00:00,39.0,4.62,4.1,0.13715000000000002,0.33067222046278366,0.13715000000000002,baseline,turbine_2,2026-02-07 00:00:00+00:00,turbine_2: на 2026-02-07T00:00:00+00:00 проверяемого факта пока нет; overlap_wind_change=0.892m/s>=0.5.
2026-02-08 10:00:00+00:00,2026-02-06 18:00:00+00:00,40.0,7.27,3.4,0.593511111111111,0.711780007842834,0.593511111111111,baseline,turbine_2,2026-02-07 00:00:00+00:00,turbine_2: на 2026-02-07T00:00:00+00:00 проверяемого факта пока нет; overlap_wind_change=0.892m/s>=0.5.
2026-02-08 11:00:00+00:00,2026-02-06 18:00:00+00:00,41.0,9.35,2.5,0.9494999999999999,0.9670957896511726,0.9494999999999999,baseline,turbine_2,2026-02-07 00:00:00+00:00,turbine_2: на 2026-02-07T00:00:00+00:00 проверяемого факта пока нет; overlap_wind_change=0.892m/s>=0.5.
2026-02-08 12:00:00+00:00,2026-02-06 18:00:00+00:00,42.0,10.68,0.3,0.9755222222222221,0.9814426310502865,0.9755222222222221,baseline,turbine_2,2026-02-07 00:00:00+00:00,turbine_2: на 2026-02-07T00:00:00+00:00 проверяемого факта пока нет; overlap_wind_change=0.892m/s>=0.5.
2026-02-08 13:00:00+00:00,2026-02-06 18:00:00+00:00,43.0,11.35,-1.3,0.977,0.9789952041967431,0.977,baseline,turbine_2,2026-02-07 00:00:00+00:00,turbine_2: на 2026-02-07T00:00:00+00:00 проверяемого факта пока нет; overlap_wind_change=0.892m/s>=0.5.
2026-02-08 14:00:00+00:00,2026-02-06 18:00:00+00:00,44.0,11.68,-2.2,0.9762666666666666,0.9775851094059664,0.9762666666666666,baseline,turbine_2,2026-02-07 00:00:00+00:00,turbine_2: на 2026-02-07T00:00:00+00:00 проверяемого факта пока нет; overlap_wind_change=0.892m/s>=0.5.
2026-02-08 15:00:00+00:00,2026-02-06 18:00:00+00:00,45.0,11.7,-2.0,0.9762222222222222,0.9845667837499935,0.9762222222222222,baseline,turbine_2,2026-02-07 00:00:00+00:00,turbine_2: на 2026-02-07T00:00:00+00:00 проверяемого факта пока нет; overlap_wind_change=0.892m/s>=0.5.
2026-02-08 16:00:00+00:00,2026-02-06 18:00:00+00:00,46.0,11.55,-1.6,0.9765555555555555,0.9845667837499935,0.9765555555555555,baseline,turbine_2,2026-02-07 00:00:00+00:00,turbine_2: на 2026-02-07T00:00:00+00:00 проверяемого факта пока нет; overlap_wind_change=0.892m/s>=0.5.
2026-02-08 17:00:00+00:00,2026-02-06 18:00:00+00:00,47.0,12.06,-1.6,0.9755944444444444,0.9727780811811975,0.9755944444444444,baseline,turbine_2,2026-02-07 00:00:00+00:00,turbine_2: на 2026-02-07T00:00:00+00:00 проверяемого факта пока нет; overlap_wind_change=0.892m/s>=0.5.
2026-02-08 18:00:00+00:00,2026-02-06 18:00:00+00:00,48.0,12.43,-1.7,0.9749777777777778,0.9755520929029542,0.9749777777777778,baseline,turbine_2,2026-02-07 00:00:00+00:00,turbine_2: на 2026-02-07T00:00:00+00:00 проверяемого факта пока нет; overlap_wind_change=0.892m/s>=0.5.
2026-02-08 19:00:00+00:00,2026-02-06 18:00:00+00:00,49.0,12.16,-1.7,0.9754277777777778,0.9755520929029542,0.9754277777777778,baseline,turbine_2,2026-02-07 00:00:00+00:00,turbine_2: на 2026-02-07T00:00:00+00:00 проверяемого факта пока нет; overlap_wind_change=0.892m/s>=0.5.
2026-02-08 20:00:00+00:00,2026-02-06 18:00:00+00:00,50.0,12.07,-1.7,0.9755777777777778,0.9658877193800951,0.9755777777777778,baseline,turbine_2,2026-02-07 00:00:00+00:00,turbine_2: на 2026-02-07T00:00:00+00:00 проверяемого факта пока нет; overlap_wind_change=0.892m/s>=0.5.
2026-02-08 21:00:00+00:00,2026-02-06 18:00:00+00:00,51.0,12.1,-1.7,0.9755277777777778,0.9519399707789475,0.9755277777777778,baseline,turbine_2,2026-02-07 00:00:00+00:00,turbine_2: на 2026-02-07T00:00:00+00:00 проверяемого факта пока нет; overlap_wind_change=0.892m/s>=0.5.
2026-02-08 22:00:00+00:00,2026-02-06 18:00:00+00:00,52.0,11.74,-1.7,0.9761333333333333,0.9582303251298846,0.9761333333333333,baseline,turbine_2,2026-02-07 00:00:00+00:00,turbine_2: на 2026-02-07T00:00:00+00:00 проверяемого факта пока нет; overlap_wind_change=0.892m/s>=0.5.
2026-02-08 23:00:00+00:00,2026-02-06 18:00:00+00:00,53.0,12.02,-2.0,0.9756611111111111,0.9582303251298846,0.9756611111111111,baseline,turbine_2,2026-02-07 00:00:00+00:00,turbine_2: на 2026-02-07T00:00:00+00:00 проверяемого факта пока нет; overlap_wind_change=0.892m/s>=0.5.
2026-02-09 00:00:00+00:00,2026-02-06 18:00:00+00:00,54.0,11.09,-2.3,0.9767777777777777,0.9557400120492331,0.9767777777777777,baseline,turbine_2,2026-02-07 00:00:00+00:00,turbine_2: на 2026-02-07T00:00:00+00:00 проверяемого факта пока нет; overlap_wind_change=0.892m/s>=0.5.
2026-02-08 01:00:00+00:00,2026-02-07 18:00:00+00:00,7.0,7.59,-1.1,0.6297999999999999,0.4075571351040012,0.6297999999999999,baseline,turbine_1,2026-02-08 00:00:00+00:00,turbine_1: на 2026-02-08T00:00:00+00:00 проверяемого факта пока нет; weather_change_below_threshold_or_no_overlap.
2026-02-08 02:00:00+00:00,2026-02-07 18:00:00+00:00,8.0,6.35,-0.9,0.39177777777777767,0.362047417395111,0.39177777777777767,baseline,turbine_1,2026-02-08 00:00:00+00:00,turbine_1: на 2026-02-08T00:00:00+00:00 проверяемого факта пока нет; weather_change_below_threshold_or_no_overlap.
2026-02-08 03:00:00+00:00,2026-02-07 18:00:00+00:00,9.0,5.19,-0.6,0.20228888888888893,0.16909887254954845,0.20228888888888893,baseline,turbine_1,2026-02-08 00:00:00+00:00,turbine_1: на 2026-02-08T00:00:00+00:00 проверяемого факта пока нет; weather_change_below_threshold_or_no_overlap.
2026-02-08 04:00:00+00:00,2026-02-07 18:00:00+00:00,10.0,3.05,0.5,0.03827777777777778,0.0,0.03827777777777778,baseline,turbine_1,2026-02-08 00:00:00+00:00,turbine_1: на 2026-02-08T00:00:00+00:00 проверяемого факта пока нет; weather_change_below_threshold_or_no_overlap.
2026-02-08 05:00:00+00:00,2026-02-07 18:00:00+00:00,11.0,1.84,0.9,0.017461111111111115,0.0,0.017461111111111115,baseline,turbine_1,2026-02-08 00:00:00+00:00,turbine_1: на 2026-02-08T00:00:00+00:00 проверяемого факта пока нет; weather_change_below_threshold_or_no_overlap.
2026-02-08 06:00:00+00:00,2026-02-07 18:00:00+00:00,12.0,1.2,2.8,0.014499999999999999,0.0,0.014499999999999999,baseline,turbine_1,2026-02-08 00:00:00+00:00,turbine_1: на 2026-02-08T00:00:00+00:00 проверяемого факта пока нет; weather_change_below_threshold_or_no_overlap.
2026-02-08 07:00:00+00:00,2026-02-07 18:00:00+00:00,13.0,0.96,3.5,0.0121,0.0011303621181472515,0.0121,baseline,turbine_1,2026-02-08 00:00:00+00:00,turbine_1: на 2026-02-08T00:00:00+00:00 проверяемого факта пока нет; weather_change_below_threshold_or_no_overlap.
2026-02-08 08:00:00+00:00,2026-02-07 18:00:00+00:00,14.0,2.36,4.1,0.025444444444444443,0.1305097024241585,0.025444444444444443,baseline,turbine_1,2026-02-08 00:00:00+00:00,turbine_1: на 2026-02-08T00:00:00+00:00 проверяемого факта пока нет; weather_change_below_threshold_or_no_overlap.
2026-02-08 09:00:00+00:00,2026-02-07 18:00:00+00:00,15.0,5.19,4.4,0.20228888888888893,0.26454048078762527,0.20228888888888893,baseline,turbine_1,2026-02-08 00:00:00+00:00,turbine_1: на 2026-02-08T00:00:00+00:00 проверяемого факта пока нет; weather_change_below_threshold_or_no_overlap.
2026-02-08 10:00:00+00:00,2026-02-07 18:00:00+00:00,16.0,7.67,3.9,0.6396222222222222,0.6357129639215038,0.6396222222222222,baseline,turbine_1,2026-02-08 00:00:00+00:00,turbine_1: на 2026-02-08T00:00:00+00:00 проверяемого факта пока нет; weather_change_below_threshold_or_no_overlap.
2026-02-08 11:00:00+00:00,2026-02-07 18:00:00+00:00,17.0,9.46,2.8,0.9652055555555556,0.816965266449615,0.9652055555555556,baseline,turbine_1,2026-02-08 00:00:00+00:00,turbine_1: на 2026-02-08T00:00:00+00:00 проверяемого факта пока нет; weather_change_below_threshold_or_no_overlap.
2026-02-08 12:00:00+00:00,2026-02-07 18:00:00+00:00,18.0,10.42,0.8,0.9829833333333332,0.9172728166295298,0.9829833333333332,baseline,turbine_1,2026-02-08 00:00:00+00:00,turbine_1: на 2026-02-08T00:00:00+00:00 проверяемого факта пока нет; weather_change_below_threshold_or_no_overlap.
2026-02-08 13:00:00+00:00,2026-02-07 18:00:00+00:00,19.0,10.82,-0.8,0.9849999999999999,0.9471597666764893,0.9849999999999999,baseline,turbine_1,2026-02-08 00:00:00+00:00,turbine_1: на 2026-02-08T00:00:00+00:00 проверяемого факта пока нет; weather_change_below_threshold_or_no_overlap.
2026-02-08 14:00:00+00:00,2026-02-07 18:00:00+00:00,20.0,11.48,-1.5,0.9872999999999998,0.9435041938279988,0.9872999999999998,baseline,turbine_1,2026-02-08 00:00:00+00:00,turbine_1: на 2026-02-08T00:00:00+00:00 проверяемого факта пока нет; weather_change_below_threshold_or_no_overlap.
2026-02-08 15:00:00+00:00,2026-02-07 18:00:00+00:00,21.0,11.74,-1.1,0.9898999999999999,0.9469167039028432,0.9898999999999999,baseline,turbine_1,2026-02-08 00:00:00+00:00,turbine_1: на 2026-02-08T00:00:00+00:00 проверяемого факта пока нет; weather_change_below_threshold_or_no_overlap.
2026-02-08 16:00:00+00:00,2026-02-07 18:00:00+00:00,22.0,12.03,-1.1,0.9899999999999999,0.9469167039028432,0.9899999999999999,baseline,turbine_1,2026-02-08 00:00:00+00:00,turbine_1: на 2026-02-08T00:00:00+00:00 проверяемого факта пока нет; weather_change_below_threshold_or_no_overlap.
2026-02-08 17:00:00+00:00,2026-02-07 18:00:00+00:00,23.0,12.05,-1.3,0.9899999999999999,0.9547570561147942,0.9899999999999999,baseline,turbine_1,2026-02-08 00:00:00+00:00,turbine_1: на 2026-02-08T00:00:00+00:00 проверяемого факта пока нет; weather_change_below_threshold_or_no_overlap.
2026-02-08 18:00:00+00:00,2026-02-07 18:00:00+00:00,24.0,12.27,-1.4,0.9899999999999999,0.9547570561147942,0.9899999999999999,baseline,turbine_1,2026-02-08 00:00:00+00:00,turbine_1: на 2026-02-08T00:00:00+00:00 проверяемого факта пока нет; weather_change_below_threshold_or_no_overlap.
2026-02-08 19:00:00+00:00,2026-02-07 18:00:00+00:00,25.0,11.87,-1.3,0.9899999999999999,0.9528723175891844,0.9899999999999999,baseline,turbine_1,2026-02-08 00:00:00+00:00,turbine_1: на 2026-02-08T00:00:00+00:00 проверяемого факта пока нет; weather_change_below_threshold_or_no_overlap.
2026-02-08 20:00:00+00:00,2026-02-07 18:00:00+00:00,26.0,12.09,-1.3,0.9899999999999999,0.9509609476574807,0.9899999999999999,baseline,turbine_1,2026-02-08 00:00:00+00:00,turbine_1: на 2026-02-08T00:00:00+00:00 проверяемого факта пока нет; weather_change_below_threshold_or_no_overlap.
2026-02-08 21:00:00+00:00,2026-02-07 18:00:00+00:00,27.0,11.92,-1.5,0.9899999999999999,0.9463327851633847,0.9899999999999999,baseline,turbine_1,2026-02-08 00:00:00+00:00,turbine_1: на 2026-02-08T00:00:00+00:00 проверяемого факта пока нет; weather_change_below_threshold_or_no_overlap.
2026-02-08 22:00:00+00:00,2026-02-07 18:00:00+00:00,28.0,12.22,-1.4,0.9899999999999999,0.941669625698385,0.9899999999999999,baseline,turbine_1,2026-02-08 00:00:00+00:00,turbine_1: на 2026-02-08T00:00:00+00:00 проверяемого факта пока нет; weather_change_below_threshold_or_no_overlap.
2026-02-08 23:00:00+00:00,2026-02-07 18:00:00+00:00,29.0,11.63,-1.5,0.9887999999999999,0.9152577186576414,0.9887999999999999,baseline,turbine_1,2026-02-08 00:00:00+00:00,turbine_1: на 2026-02-08T00:00:00+00:00 проверяемого факта пока нет; weather_change_below_threshold_or_no_overlap.
2026-02-09 00:00:00+00:00,2026-02-07 18:00:00+00:00,30.0,10.82,-2.2,0.9849999999999999,0.9188344895512077,0.9849999999999999,baseline,turbine_1,2026-02-08 00:00:00+00:00,turbine_1: на 2026-02-08T00:00:00+00:00 проверяемого факта пока нет; weather_change_below_threshold_or_no_overlap.
2026-02-09 01:00:00+00:00,2026-02-07 18:00:00+00:00,31.0,10.17,-2.9,0.9817666666666667,0.9380507262676179,0.9817666666666667,baseline,turbine_1,2026-02-08 00:00:00+00:00,turbine_1: на 2026-02-08T00:00:00+00:00 проверяемого факта пока нет; weather_change_below_threshold_or_no_overlap.
2026-02-09 02:00:00+00:00,2026-02-07 18:00:00+00:00,32.0,9.93,-3.4,0.9812333333333333,0.9483201723640153,0.9812333333333333,baseline,turbine_1,2026-02-08 00:00:00+00:00,turbine_1: на 2026-02-08T00:00:00+00:00 проверяемого факта пока нет; weather_change_below_threshold_or_no_overlap.
2026-02-09 03:00:00+00:00,2026-02-07 18:00:00+00:00,33.0,9.82,-2.3,0.9809888888888889,0.9358764092884964,0.9809888888888889,baseline,turbine_1,2026-02-08 00:00:00+00:00,turbine_1: на 2026-02-08T00:00:00+00:00 проверяемого факта пока нет; weather_change_below_threshold_or_no_overlap.
2026-02-09 04:00:00+00:00,2026-02-07 18:00:00+00:00,34.0,9.51,0.1,0.9679,0.9160515503203854,0.9679,baseline,turbine_1,2026-02-08 00:00:00+00:00,turbine_1: на 2026-02-08T00:00:00+00:00 проверяемого факта пока нет; weather_change_below_threshold_or_no_overlap.
2026-02-09 05:00:00+00:00,2026-02-07 18:00:00+00:00,35.0,9.4,2.6,0.9619722222222222,0.8755193815055862,0.9619722222222222,baseline,turbine_1,2026-02-08 00:00:00+00:00,turbine_1: на 2026-02-08T00:00:00+00:00 проверяемого факта пока нет; weather_change_below_threshold_or_no_overlap.
2026-02-09 06:00:00+00:00,2026-02-07 18:00:00+00:00,36.0,9.82,4.6,0.9809888888888889,0.8343392752182806,0.9809888888888889,baseline,turbine_1,2026-02-08 00:00:00+00:00,turbine_1: на 2026-02-08T00:00:00+00:00 проверяемого факта пока нет; weather_change_below_threshold_or_no_overlap.
2026-02-09 07:00:00+00:00,2026-02-07 18:00:00+00:00,37.0,10.0,6.0,0.9813888888888889,0.8489108714111575,0.9813888888888889,baseline,turbine_1,2026-02-08 00:00:00+00:00,turbine_1: на 2026-02-08T00:00:00+00:00 проверяемого факта пока нет; weather_change_below_threshold_or_no_overlap.
2026-02-09 08:00:00+00:00,2026-02-07 18:00:00+00:00,38.0,9.59,6.7,0.9722111111111111,0.8492924520045776,0.9722111111111111,baseline,turbine_1,2026-02-08 00:00:00+00:00,turbine_1: на 2026-02-08T00:00:00+00:00 проверяемого факта пока нет; weather_change_below_threshold_or_no_overlap.
2026-02-09 09:00:00+00:00,2026-02-07 18:00:00+00:00,39.0,10.12,8.1,0.9816555555555555,0.8507808407364339,0.9816555555555555,baseline,turbine_1,2026-02-08 00:00:00+00:00,turbine_1: на 2026-02-08T00:00:00+00:00 проверяемого факта пока нет; weather_change_below_threshold_or_no_overlap.
2026-02-09 10:00:00+00:00,2026-02-07 18:00:00+00:00,40.0,10.09,7.4,0.9815888888888888,0.8322628826929102,0.9815888888888888,baseline,turbine_1,2026-02-08 00:00:00+00:00,turbine_1: на 2026-02-08T00:00:00+00:00 проверяемого факта пока нет; weather_change_below_threshold_or_no_overlap.
2026-02-09 11:00:00+00:00,2026-02-07 18:00:00+00:00,41.0,10.21,6.1,0.9818555555555555,0.7641074707670663,0.9818555555555555,baseline,turbine_1,2026-02-08 00:00:00+00:00,turbine_1: на 2026-02-08T00:00:00+00:00 проверяемого факта пока нет; weather_change_below_threshold_or_no_overlap.
2026-02-09 12:00:00+00:00,2026-02-07 18:00:00+00:00,42.0,9.49,3.4,0.9668222222222222,0.7942072075332499,0.9668222222222222,baseline,turbine_1,2026-02-08 00:00:00+00:00,turbine_1: на 2026-02-08T00:00:00+00:00 проверяемого факта пока нет; weather_change_below_threshold_or_no_overlap.
2026-02-09 13:00:00+00:00,2026-02-07 18:00:00+00:00,43.0,9.14,1.7,0.9331722222222223,0.8563918173896361,0.9331722222222223,baseline,turbine_1,2026-02-08 00:00:00+00:00,turbine_1: на 2026-02-08T00:00:00+00:00 проверяемого факта пока нет; weather_change_below_threshold_or_no_overlap.
2026-02-09 14:00:00+00:00,2026-02-07 18:00:00+00:00,44.0,7.92,0.8,0.6888277777777777,0.690247263659623,0.6888277777777777,baseline,turbine_1,2026-02-08 00:00:00+00:00,turbine_1: на 2026-02-08T00:00:00+00:00 проверяемого факта пока нет; weather_change_below_threshold_or_no_overlap.
2026-02-09 15:00:00+00:00,2026-02-07 18:00:00+00:00,45.0,6.51,-0.1,0.4239555555555555,0.7097402312023456,0.4239555555555555,baseline,turbine_1,2026-02-08 00:00:00+00:00,turbine_1: на 2026-02-08T00:00:00+00:00 проверяемого факта пока нет; weather_change_below_threshold_or_no_overlap.
2026-02-09 16:00:00+00:00,2026-02-07 18:00:00+00:00,46.0,3.65,-1.4,0.07027777777777777,0.1523750839062499,0.07027777777777777,baseline,turbine_1,2026-02-08 00:00:00+00:00,turbine_1: на 2026-02-08T00:00:00+00:00 проверяемого факта пока нет; weather_change_below_threshold_or_no_overlap.
2026-02-09 17:00:00+00:00,2026-02-07 18:00:00+00:00,47.0,0.72,-1.1,0.01,0.05269372646061651,0.01,baseline,turbine_1,2026-02-08 00:00:00+00:00,turbine_1: на 2026-02-08T00:00:00+00:00 проверяемого факта пока нет; weather_change_below_threshold_or_no_overlap.
2026-02-09 18:00:00+00:00,2026-02-07 18:00:00+00:00,48.0,1.17,-0.7,0.014199999999999999,0.07863418044972227,0.014199999999999999,baseline,turbine_1,2026-02-08 00:00:00+00:00,turbine_1: на 2026-02-08T00:00:00+00:00 проверяемого факта пока нет; weather_change_below_threshold_or_no_overlap.
2026-02-09 19:00:00+00:00,2026-02-07 18:00:00+00:00,49.0,3.21,-0.3,0.04165555555555556,0.13694954705793808,0.04165555555555556,baseline,turbine_1,2026-02-08 00:00:00+00:00,turbine_1: на 2026-02-08T00:00:00+00:00 проверяемого факта пока нет; weather_change_below_threshold_or_no_overlap.
2026-02-09 20:00:00+00:00,2026-02-07 18:00:00+00:00,50.0,3.76,0.4,0.07809444444444442,0.16911676506085777,0.07809444444444442,baseline,turbine_1,2026-02-08 00:00:00+00:00,turbine_1: на 2026-02-08T00:00:00+00:00 проверяемого факта пока нет; weather_change_below_threshold_or_no_overlap.
2026-02-09 21:00:00+00:00,2026-02-07 18:00:00+00:00,51.0,3.86,0.5,0.08681666666666665,0.1604718253975741,0.08681666666666665,baseline,turbine_1,2026-02-08 00:00:00+00:00,turbine_1: на 2026-02-08T00:00:00+00:00 проверяемого факта пока нет; weather_change_below_threshold_or_no_overlap.
2026-02-09 22:00:00+00:00,2026-02-07 18:00:00+00:00,52.0,4.22,1.1,0.11821666666666665,0.18883156168955728,0.11821666666666665,baseline,turbine_1,2026-02-08 00:00:00+00:00,turbine_1: на 2026-02-08T00:00:00+00:00 проверяемого факта пока нет; weather_change_below_threshold_or_no_overlap.
2026-02-09 23:00:00+00:00,2026-02-07 18:00:00+00:00,53.0,4.73,1.1,0.16430000000000006,0.22968712224783913,0.16430000000000006,baseline,turbine_1,2026-02-08 00:00:00+00:00,turbine_1: на 2026-02-08T00:00:00+00:00 проверяемого факта пока нет; weather_change_below_threshold_or_no_overlap.
2026-02-10 00:00:00+00:00,2026-02-07 18:00:00+00:00,54.0,3.23,0.7,0.04207777777777778,0.13043924928315254,0.04207777777777778,baseline,turbine_1,2026-02-08 00:00:00+00:00,turbine_1: на 2026-02-08T00:00:00+00:00 проверяемого факта пока нет; weather_change_below_threshold_or_no_overlap.
2026-02-08 01:00:00+00:00,2026-02-07 18:00:00+00:00,7.0,7.59,-1.1,0.6319111111111111,0.37096516905431354,0.6319111111111111,baseline,turbine_2,2026-02-08 00:00:00+00:00,turbine_2: на 2026-02-08T00:00:00+00:00 проверяемого факта пока нет; weather_change_below_threshold_or_no_overlap.
2026-02-08 02:00:00+00:00,2026-02-07 18:00:00+00:00,8.0,6.35,-0.9,0.3888888888888888,0.3351283202420742,0.3888888888888888,baseline,turbine_2,2026-02-08 00:00:00+00:00,turbine_2: на 2026-02-08T00:00:00+00:00 проверяемого факта пока нет; weather_change_below_threshold_or_no_overlap.
2026-02-08 03:00:00+00:00,2026-02-07 18:00:00+00:00,9.0,5.19,-0.6,0.18594444444444447,0.16831256250012355,0.18594444444444447,baseline,turbine_2,2026-02-08 00:00:00+00:00,turbine_2: на 2026-02-08T00:00:00+00:00 проверяемого факта пока нет; weather_change_below_threshold_or_no_overlap.
2026-02-08 04:00:00+00:00,2026-02-07 18:00:00+00:00,10.0,3.05,0.5,0.03177777777777777,0.0,0.03177777777777777,baseline,turbine_2,2026-02-08 00:00:00+00:00,turbine_2: на 2026-02-08T00:00:00+00:00 проверяемого факта пока нет; weather_change_below_threshold_or_no_overlap.
2026-02-08 05:00:00+00:00,2026-02-07 18:00:00+00:00,11.0,1.84,0.9,0.016555555555555556,0.0,0.016555555555555556,baseline,turbine_2,2026-02-08 00:00:00+00:00,turbine_2: на 2026-02-08T00:00:00+00:00 проверяемого факта пока нет; weather_change_below_threshold_or_no_overlap.
2026-02-08 06:00:00+00:00,2026-02-07 18:00:00+00:00,12.0,1.2,2.8,0.0135,0.0,0.0135,baseline,turbine_2,2026-02-08 00:00:00+00:00,turbine_2: на 2026-02-08T00:00:00+00:00 проверяемого факта пока нет; weather_change_below_threshold_or_no_overlap.
2026-02-08 07:00:00+00:00,2026-02-07 18:00:00+00:00,13.0,0.96,3.5,0.011633333333333332,0.046575125831449085,0.011633333333333332,baseline,turbine_2,2026-02-08 00:00:00+00:00,turbine_2: на 2026-02-08T00:00:00+00:00 проверяемого факта пока нет; weather_change_below_threshold_or_no_overlap.
2026-02-08 08:00:00+00:00,2026-02-07 18:00:00+00:00,14.0,2.36,4.1,0.022211111111111112,0.16425704695864402,0.022211111111111112,baseline,turbine_2,2026-02-08 00:00:00+00:00,turbine_2: на 2026-02-08T00:00:00+00:00 проверяемого факта пока нет; weather_change_below_threshold_or_no_overlap.
2026-02-08 09:00:00+00:00,2026-02-07 18:00:00+00:00,15.0,5.19,4.4,0.18594444444444447,0.32172530767365215,0.18594444444444447,baseline,turbine_2,2026-02-08 00:00:00+00:00,turbine_2: на 2026-02-08T00:00:00+00:00 проверяемого факта пока нет; weather_change_below_threshold_or_no_overlap.
2026-02-08 10:00:00+00:00,2026-02-07 18:00:00+00:00,16.0,7.67,3.9,0.641511111111111,0.6762186627500216,0.641511111111111,baseline,turbine_2,2026-02-08 00:00:00+00:00,turbine_2: на 2026-02-08T00:00:00+00:00 проверяемого факта пока нет; weather_change_below_threshold_or_no_overlap.
2026-02-08 11:00:00+00:00,2026-02-07 18:00:00+00:00,17.0,9.46,2.8,0.9547555555555556,0.9559798207893427,0.9547555555555556,baseline,turbine_2,2026-02-08 00:00:00+00:00,turbine_2: на 2026-02-08T00:00:00+00:00 проверяемого факта пока нет; weather_change_below_threshold_or_no_overlap.
2026-02-08 12:00:00+00:00,2026-02-07 18:00:00+00:00,18.0,10.42,0.8,0.9743666666666666,0.9926074358098126,0.9743666666666666,baseline,turbine_2,2026-02-08 00:00:00+00:00,turbine_2: на 2026-02-08T00:00:00+00:00 проверяемого факта пока нет; weather_change_below_threshold_or_no_overlap.
2026-02-08 13:00:00+00:00,2026-02-07 18:00:00+00:00,19.0,10.82,-0.8,0.9760277777777777,0.9846857250202575,0.9760277777777777,baseline,turbine_2,2026-02-08 00:00:00+00:00,turbine_2: на 2026-02-08T00:00:00+00:00 проверяемого факта пока нет; weather_change_below_threshold_or_no_overlap.
2026-02-08 14:00:00+00:00,2026-02-07 18:00:00+00:00,20.0,11.48,-1.5,0.9767111111111111,0.9865287830269192,0.9767111111111111,baseline,turbine_2,2026-02-08 00:00:00+00:00,turbine_2: на 2026-02-08T00:00:00+00:00 проверяемого факта пока нет; weather_change_below_threshold_or_no_overlap.
2026-02-08 15:00:00+00:00,2026-02-07 18:00:00+00:00,21.0,11.74,-1.1,0.9761333333333333,0.990257304573508,0.9761333333333333,baseline,turbine_2,2026-02-08 00:00:00+00:00,turbine_2: на 2026-02-08T00:00:00+00:00 проверяемого факта пока нет; weather_change_below_threshold_or_no_overlap.
2026-02-08 16:00:00+00:00,2026-02-07 18:00:00+00:00,22.0,12.03,-1.1,0.9756444444444444,0.990257304573508,0.9756444444444444,baseline,turbine_2,2026-02-08 00:00:00+00:00,turbine_2: на 2026-02-08T00:00:00+00:00 проверяемого факта пока нет; weather_change_below_threshold_or_no_overlap.
2026-02-08 17:00:00+00:00,2026-02-07 18:00:00+00:00,23.0,12.05,-1.3,0.9756111111111111,0.9718240283764569,0.9756111111111111,baseline,turbine_2,2026-02-08 00:00:00+00:00,turbine_2: на 2026-02-08T00:00:00+00:00 проверяемого факта пока нет; weather_change_below_threshold_or_no_overlap.
2026-02-08 18:00:00+00:00,2026-02-07 18:00:00+00:00,24.0,12.27,-1.4,0.9752444444444445,0.9745980400982136,0.9752444444444445,baseline,turbine_2,2026-02-08 00:00:00+00:00,turbine_2: на 2026-02-08T00:00:00+00:00 проверяемого факта пока нет; weather_change_below_threshold_or_no_overlap.
2026-02-08 19:00:00+00:00,2026-02-07 18:00:00+00:00,25.0,11.87,-1.3,0.9759111111111111,0.9745980400982136,0.9759111111111111,baseline,turbine_2,2026-02-08 00:00:00+00:00,turbine_2: на 2026-02-08T00:00:00+00:00 проверяемого факта пока нет; weather_change_below_threshold_or_no_overlap.
2026-02-08 20:00:00+00:00,2026-02-07 18:00:00+00:00,26.0,12.09,-1.3,0.9755444444444444,0.9649336665753545,0.9755444444444444,baseline,turbine_2,2026-02-08 00:00:00+00:00,turbine_2: на 2026-02-08T00:00:00+00:00 проверяемого факта пока нет; weather_change_below_threshold_or_no_overlap.
2026-02-08 21:00:00+00:00,2026-02-07 18:00:00+00:00,27.0,11.92,-1.5,0.9758277777777777,0.9519399707789475,0.9758277777777777,baseline,turbine_2,2026-02-08 00:00:00+00:00,turbine_2: на 2026-02-08T00:00:00+00:00 проверяемого факта пока нет; weather_change_below_threshold_or_no_overlap.
2026-02-08 22:00:00+00:00,2026-02-07 18:00:00+00:00,28.0,12.22,-1.4,0.9753277777777778,0.9582303251298846,0.9753277777777778,baseline,turbine_2,2026-02-08 00:00:00+00:00,turbine_2: на 2026-02-08T00:00:00+00:00 проверяемого факта пока нет; weather_change_below_threshold_or_no_overlap.
2026-02-08 23:00:00+00:00,2026-02-07 18:00:00+00:00,29.0,11.63,-1.5,0.9763777777777777,0.9582303251298846,0.9763777777777777,baseline,turbine_2,2026-02-08 00:00:00+00:00,turbine_2: на 2026-02-08T00:00:00+00:00 проверяемого факта пока нет; weather_change_below_threshold_or_no_overlap.
2026-02-09 00:00:00+00:00,2026-02-07 18:00:00+00:00,30.0,10.82,-2.2,0.9760277777777777,0.9557400120492331,0.9760277777777777,baseline,turbine_2,2026-02-08 00:00:00+00:00,turbine_2: на 2026-02-08T00:00:00+00:00 проверяемого факта пока нет; weather_change_below_threshold_or_no_overlap.
2026-02-09 01:00:00+00:00,2026-02-07 18:00:00+00:00,31.0,10.17,-2.9,0.9728111111111111,0.9873559357931871,0.9728111111111111,baseline,turbine_2,2026-02-08 00:00:00+00:00,turbine_2: на 2026-02-08T00:00:00+00:00 проверяемого факта пока нет; weather_change_below_threshold_or_no_overlap.
2026-02-09 02:00:00+00:00,2026-02-07 18:00:00+00:00,32.0,9.93,-3.4,0.9704111111111111,0.9801716811527945,0.9704111111111111,baseline,turbine_2,2026-02-08 00:00:00+00:00,turbine_2: на 2026-02-08T00:00:00+00:00 проверяемого факта пока нет; weather_change_below_threshold_or_no_overlap.
2026-02-09 03:00:00+00:00,2026-02-07 18:00:00+00:00,33.0,9.82,-2.3,0.9693111111111111,0.9719009010442502,0.9693111111111111,baseline,turbine_2,2026-02-08 00:00:00+00:00,turbine_2: на 2026-02-08T00:00:00+00:00 проверяемого факта пока нет; weather_change_below_threshold_or_no_overlap.
2026-02-09 04:00:00+00:00,2026-02-07 18:00:00+00:00,34.0,9.51,0.1,0.9571444444444444,0.9851608624659349,0.9571444444444444,baseline,turbine_2,2026-02-08 00:00:00+00:00,turbine_2: на 2026-02-08T00:00:00+00:00 проверяемого факта пока нет; weather_change_below_threshold_or_no_overlap.
2026-02-09 05:00:00+00:00,2026-02-07 18:00:00+00:00,35.0,9.4,2.6,0.9518888888888888,0.9525983171946747,0.9518888888888888,baseline,turbine_2,2026-02-08 00:00:00+00:00,turbine_2: на 2026-02-08T00:00:00+00:00 проверяемого факта пока нет; weather_change_below_threshold_or_no_overlap.
2026-02-09 06:00:00+00:00,2026-02-07 18:00:00+00:00,36.0,9.82,4.6,0.9693111111111111,0.8952219945879952,0.9693111111111111,baseline,turbine_2,2026-02-08 00:00:00+00:00,turbine_2: на 2026-02-08T00:00:00+00:00 проверяемого факта пока нет; weather_change_below_threshold_or_no_overlap.
2026-02-09 07:00:00+00:00,2026-02-07 18:00:00+00:00,37.0,10.0,6.0,0.971111111111111,0.9565582729701451,0.971111111111111,baseline,turbine_2,2026-02-08 00:00:00+00:00,turbine_2: на 2026-02-08T00:00:00+00:00 проверяемого факта пока нет; weather_change_below_threshold_or_no_overlap.
2026-02-09 08:00:00+00:00,2026-02-07 18:00:00+00:00,38.0,9.59,6.7,0.9609666666666666,0.9573398303040114,0.9609666666666666,baseline,turbine_2,2026-02-08 00:00:00+00:00,turbine_2: на 2026-02-08T00:00:00+00:00 проверяемого факта пока нет; weather_change_below_threshold_or_no_overlap.
2026-02-09 09:00:00+00:00,2026-02-07 18:00:00+00:00,39.0,10.12,8.1,0.9723111111111111,0.9415107676397029,0.9723111111111111,baseline,turbine_2,2026-02-08 00:00:00+00:00,turbine_2: на 2026-02-08T00:00:00+00:00 проверяемого факта пока нет; weather_change_below_threshold_or_no_overlap.
2026-02-09 10:00:00+00:00,2026-02-07 18:00:00+00:00,40.0,10.09,7.4,0.972011111111111,0.930008921980707,0.972011111111111,baseline,turbine_2,2026-02-08 00:00:00+00:00,turbine_2: на 2026-02-08T00:00:00+00:00 проверяемого факта пока нет; weather_change_below_threshold_or_no_overlap.
2026-02-09 11:00:00+00:00,2026-02-07 18:00:00+00:00,41.0,10.21,6.1,0.9732111111111111,0.9151355120922501,0.9732111111111111,baseline,turbine_2,2026-02-08 00:00:00+00:00,turbine_2: на 2026-02-08T00:00:00+00:00 проверяемого факта пока нет; weather_change_below_threshold_or_no_overlap.
2026-02-09 12:00:00+00:00,2026-02-07 18:00:00+00:00,42.0,9.49,3.4,0.9561888888888889,0.9719439712271478,0.9561888888888889,baseline,turbine_2,2026-02-08 00:00:00+00:00,turbine_2: на 2026-02-08T00:00:00+00:00 проверяемого факта пока нет; weather_change_below_threshold_or_no_overlap.
2026-02-09 13:00:00+00:00,2026-02-07 18:00:00+00:00,43.0,9.14,1.7,0.9237611111111111,0.9452618879519707,0.9237611111111111,baseline,turbine_2,2026-02-08 00:00:00+00:00,turbine_2: на 2026-02-08T00:00:00+00:00 проверяемого факта пока нет; weather_change_below_threshold_or_no_overlap.
2026-02-09 14:00:00+00:00,2026-02-07 18:00:00+00:00,44.0,7.92,0.8,0.6930444444444444,0.7812993302069138,0.6930444444444444,baseline,turbine_2,2026-02-08 00:00:00+00:00,turbine_2: на 2026-02-08T00:00:00+00:00 проверяемого факта пока нет; weather_change_below_threshold_or_no_overlap.
2026-02-09 15:00:00+00:00,2026-02-07 18:00:00+00:00,45.0,6.51,-0.1,0.4182222222222221,0.7401878594914773,0.4182222222222221,baseline,turbine_2,2026-02-08 00:00:00+00:00,turbine_2: на 2026-02-08T00:00:00+00:00 проверяемого факта пока нет; weather_change_below_threshold_or_no_overlap.
2026-02-09 16:00:00+00:00,2026-02-07 18:00:00+00:00,46.0,3.65,-1.4,0.06244444444444444,0.1573481158850329,0.06244444444444444,baseline,turbine_2,2026-02-08 00:00:00+00:00,turbine_2: на 2026-02-08T00:00:00+00:00 проверяемого факта пока нет; weather_change_below_threshold_or_no_overlap.
2026-02-09 17:00:00+00:00,2026-02-07 18:00:00+00:00,47.0,0.72,-1.1,0.01,0.06071707831985895,0.01,baseline,turbine_2,2026-02-08 00:00:00+00:00,turbine_2: на 2026-02-08T00:00:00+00:00 проверяемого факта пока нет; weather_change_below_threshold_or_no_overlap.
2026-02-09 18:00:00+00:00,2026-02-07 18:00:00+00:00,48.0,1.17,-0.7,0.013266666666666666,0.08859606398626202,0.013266666666666666,baseline,turbine_2,2026-02-08 00:00:00+00:00,turbine_2: на 2026-02-08T00:00:00+00:00 проверяемого факта пока нет; weather_change_below_threshold_or_no_overlap.
2026-02-09 19:00:00+00:00,2026-02-07 18:00:00+00:00,49.0,3.21,-0.3,0.0348,0.14475062427591123,0.0348,baseline,turbine_2,2026-02-08 00:00:00+00:00,turbine_2: на 2026-02-08T00:00:00+00:00 проверяемого факта пока нет; weather_change_below_threshold_or_no_overlap.
2026-02-09 20:00:00+00:00,2026-02-07 18:00:00+00:00,50.0,3.76,0.4,0.06990555555555554,0.17754301374666295,0.06990555555555554,baseline,turbine_2,2026-02-08 00:00:00+00:00,turbine_2: на 2026-02-08T00:00:00+00:00 проверяемого факта пока нет; weather_change_below_threshold_or_no_overlap.
2026-02-09 21:00:00+00:00,2026-02-07 18:00:00+00:00,51.0,3.86,0.5,0.07729444444444444,0.17754301374666295,0.07729444444444444,baseline,turbine_2,2026-02-08 00:00:00+00:00,turbine_2: на 2026-02-08T00:00:00+00:00 проверяемого факта пока нет; weather_change_below_threshold_or_no_overlap.
2026-02-09 22:00:00+00:00,2026-02-07 18:00:00+00:00,52.0,4.22,1.1,0.10389444444444443,0.22316779826213926,0.10389444444444443,baseline,turbine_2,2026-02-08 00:00:00+00:00,turbine_2: на 2026-02-08T00:00:00+00:00 проверяемого факта пока нет; weather_change_below_threshold_or_no_overlap.
2026-02-09 23:00:00+00:00,2026-02-07 18:00:00+00:00,53.0,4.73,1.1,0.14637777777777783,0.2554948873831523,0.14637777777777783,baseline,turbine_2,2026-02-08 00:00:00+00:00,turbine_2: на 2026-02-08T00:00:00+00:00 проверяемого факта пока нет; weather_change_below_threshold_or_no_overlap.
2026-02-10 00:00:00+00:00,2026-02-07 18:00:00+00:00,54.0,3.23,0.7,0.03517777777777778,0.13766528208774356,0.03517777777777778,baseline,turbine_2,2026-02-08 00:00:00+00:00,turbine_2: на 2026-02-08T00:00:00+00:00 проверяемого факта пока нет; weather_change_below_threshold_or_no_overlap.
2026-02-09 01:00:00+00:00,2026-02-08 18:00:00+00:00,7.0,9.8,-2.7,0.9809444444444444,0.8714697513959406,0.9809444444444444,baseline,turbine_1,2026-02-09 00:00:00+00:00,turbine_1: на 2026-02-09T00:00:00+00:00 проверяемого факта пока нет; overlap_wind_change=1.003m/s>=0.5.
2026-02-09 02:00:00+00:00,2026-02-08 18:00:00+00:00,8.0,9.84,-3.2,0.9810333333333333,0.8656641820154313,0.9810333333333333,baseline,turbine_1,2026-02-09 00:00:00+00:00,turbine_1: на 2026-02-09T00:00:00+00:00 проверяемого факта пока нет; overlap_wind_change=1.003m/s>=0.5.
2026-02-09 03:00:00+00:00,2026-02-08 18:00:00+00:00,9.0,9.61,-2.5,0.9732888888888889,0.8687442893289475,0.9732888888888889,baseline,turbine_1,2026-02-09 00:00:00+00:00,turbine_1: на 2026-02-09T00:00:00+00:00 проверяемого факта пока нет; overlap_wind_change=1.003m/s>=0.5.
2026-02-09 04:00:00+00:00,2026-02-08 18:00:00+00:00,10.0,9.12,-0.1,0.9294055555555554,0.8105410835954777,0.9294055555555554,baseline,turbine_1,2026-02-09 00:00:00+00:00,turbine_1: на 2026-02-09T00:00:00+00:00 проверяемого факта пока нет; overlap_wind_change=1.003m/s>=0.5.
2026-02-09 05:00:00+00:00,2026-02-08 18:00:00+00:00,11.0,9.42,3.2,0.96305,0.8343381295227765,0.96305,baseline,turbine_1,2026-02-09 00:00:00+00:00,turbine_1: на 2026-02-09T00:00:00+00:00 проверяемого факта пока нет; overlap_wind_change=1.003m/s>=0.5.
2026-02-09 06:00:00+00:00,2026-02-08 18:00:00+00:00,12.0,9.71,4.7,0.9786777777777779,0.8198998301472474,0.9786777777777779,baseline,turbine_1,2026-02-09 00:00:00+00:00,turbine_1: на 2026-02-09T00:00:00+00:00 проверяемого факта пока нет; overlap_wind_change=1.003m/s>=0.5.
2026-02-09 07:00:00+00:00,2026-02-08 18:00:00+00:00,13.0,9.59,5.9,0.9722111111111111,0.8299546097976263,0.9722111111111111,baseline,turbine_1,2026-02-09 00:00:00+00:00,turbine_1: на 2026-02-09T00:00:00+00:00 проверяемого факта пока нет; overlap_wind_change=1.003m/s>=0.5.
2026-02-09 08:00:00+00:00,2026-02-08 18:00:00+00:00,14.0,8.84,6.8,0.8766722222222222,0.7992691529254091,0.8766722222222222,baseline,turbine_1,2026-02-09 00:00:00+00:00,turbine_1: на 2026-02-09T00:00:00+00:00 проверяемого факта пока нет; overlap_wind_change=1.003m/s>=0.5.
2026-02-09 09:00:00+00:00,2026-02-08 18:00:00+00:00,15.0,8.56,6.8,0.8238333333333334,0.7478759218702543,0.8238333333333334,baseline,turbine_1,2026-02-09 00:00:00+00:00,turbine_1: на 2026-02-09T00:00:00+00:00 проверяемого факта пока нет; overlap_wind_change=1.003m/s>=0.5.
2026-02-09 10:00:00+00:00,2026-02-08 18:00:00+00:00,16.0,8.6,6.7,0.8313888888888888,0.7270982464873105,0.8313888888888888,baseline,turbine_1,2026-02-09 00:00:00+00:00,turbine_1: на 2026-02-09T00:00:00+00:00 проверяемого факта пока нет; overlap_wind_change=1.003m/s>=0.5.
2026-02-09 11:00:00+00:00,2026-02-08 18:00:00+00:00,17.0,8.95,5.6,0.8973888888888887,0.7086004939304483,0.8973888888888887,baseline,turbine_1,2026-02-09 00:00:00+00:00,turbine_1: на 2026-02-09T00:00:00+00:00 проверяемого факта пока нет; overlap_wind_change=1.003m/s>=0.5.
2026-02-09 12:00:00+00:00,2026-02-08 18:00:00+00:00,18.0,8.05,2.4,0.7189444444444446,0.6085600761217876,0.7189444444444446,baseline,turbine_1,2026-02-09 00:00:00+00:00,turbine_1: на 2026-02-09T00:00:00+00:00 проверяемого факта пока нет; overlap_wind_change=1.003m/s>=0.5.
2026-02-09 13:00:00+00:00,2026-02-08 18:00:00+00:00,19.0,6.35,-0.3,0.39177777777777767,0.6943474575566304,0.39177777777777767,baseline,turbine_1,2026-02-09 00:00:00+00:00,turbine_1: на 2026-02-09T00:00:00+00:00 проверяемого факта пока нет; overlap_wind_change=1.003m/s>=0.5.
2026-02-09 14:00:00+00:00,2026-02-08 18:00:00+00:00,20.0,6.0,-1.3,0.3161111111111111,0.47336061374020466,0.3161111111111111,baseline,turbine_1,2026-02-09 00:00:00+00:00,turbine_1: на 2026-02-09T00:00:00+00:00 проверяемого факта пока нет; overlap_wind_change=1.003m/s>=0.5.
2026-02-09 15:00:00+00:00,2026-02-08 18:00:00+00:00,21.0,5.99,-1.6,0.31388888888888894,0.46569746231239095,0.31388888888888894,baseline,turbine_1,2026-02-09 00:00:00+00:00,turbine_1: на 2026-02-09T00:00:00+00:00 проверяемого факта пока нет; overlap_wind_change=1.003m/s>=0.5.
2026-02-09 16:00:00+00:00,2026-02-08 18:00:00+00:00,22.0,4.01,-1.8,0.09989999999999997,0.1660515774893004,0.09989999999999997,baseline,turbine_1,2026-02-09 00:00:00+00:00,turbine_1: на 2026-02-09T00:00:00+00:00 проверяемого факта пока нет; overlap_wind_change=1.003m/s>=0.5.
2026-02-09 17:00:00+00:00,2026-02-08 18:00:00+00:00,23.0,2.11,-1.5,0.02151111111111111,0.09288757945102342,0.02151111111111111,baseline,turbine_1,2026-02-09 00:00:00+00:00,turbine_1: на 2026-02-09T00:00:00+00:00 проверяемого факта пока нет; overlap_wind_change=1.003m/s>=0.5.
2026-02-09 18:00:00+00:00,2026-02-08 18:00:00+00:00,24.0,2.19,-0.5,0.02271111111111111,0.09379032631120836,0.02271111111111111,baseline,turbine_1,2026-02-09 00:00:00+00:00,turbine_1: на 2026-02-09T00:00:00+00:00 проверяемого факта пока нет; overlap_wind_change=1.003m/s>=0.5.
2026-02-09 19:00:00+00:00,2026-02-08 18:00:00+00:00,25.0,3.07,-0.8,0.0387,0.11697936704847316,0.0387,baseline,turbine_1,2026-02-09 00:00:00+00:00,turbine_1: на 2026-02-09T00:00:00+00:00 проверяемого факта пока нет; overlap_wind_change=1.003m/s>=0.5.
2026-02-09 20:00:00+00:00,2026-02-08 18:00:00+00:00,26.0,2.41,-0.3,0.026277777777777782,0.09093881067564934,0.026277777777777782,baseline,turbine_1,2026-02-09 00:00:00+00:00,turbine_1: на 2026-02-09T00:00:00+00:00 проверяемого факта пока нет; overlap_wind_change=1.003m/s>=0.5.
2026-02-09 21:00:00+00:00,2026-02-08 18:00:00+00:00,27.0,2.2,0.4,0.022861111111111113,0.10398432234442495,0.022861111111111113,baseline,turbine_1,2026-02-09 00:00:00+00:00,turbine_1: на 2026-02-09T00:00:00+00:00 проверяемого факта пока нет; overlap_wind_change=1.003m/s>=0.5.
2026-02-09 22:00:00+00:00,2026-02-08 18:00:00+00:00,28.0,2.17,0.6,0.02241111111111111,0.09635542469032488,0.02241111111111111,baseline,turbine_1,2026-02-09 00:00:00+00:00,turbine_1: на 2026-02-09T00:00:00+00:00 проверяемого факта пока нет; overlap_wind_change=1.003m/s>=0.5.
2026-02-09 23:00:00+00:00,2026-02-08 18:00:00+00:00,29.0,3.04,1.5,0.03806666666666667,0.10945289165577908,0.03806666666666667,baseline,turbine_1,2026-02-09 00:00:00+00:00,turbine_1: на 2026-02-09T00:00:00+00:00 проверяемого факта пока нет; overlap_wind_change=1.003m/s>=0.5.
2026-02-10 00:00:00+00:00,2026-02-08 18:00:00+00:00,30.0,2.14,2.4,0.021961111111111112,0.07553087069102597,0.021961111111111112,baseline,turbine_1,2026-02-09 00:00:00+00:00,turbine_1: на 2026-02-09T00:00:00+00:00 проверяемого факта пока нет; overlap_wind_change=1.003m/s>=0.5.
2026-02-10 01:00:00+00:00,2026-02-08 18:00:00+00:00,31.0,3.1,1.5,0.03933333333333334,0.10390540601338254,0.03933333333333334,baseline,turbine_1,2026-02-09 00:00:00+00:00,turbine_1: на 2026-02-09T00:00:00+00:00 проверяемого факта пока нет; overlap_wind_change=1.003m/s>=0.5.
2026-02-10 02:00:00+00:00,2026-02-08 18:00:00+00:00,32.0,4.65,0.2,0.1570555555555556,0.19498332454430828,0.1570555555555556,baseline,turbine_1,2026-02-09 00:00:00+00:00,turbine_1: на 2026-02-09T00:00:00+00:00 проверяемого факта пока нет; overlap_wind_change=1.003m/s>=0.5.
2026-02-10 03:00:00+00:00,2026-02-08 18:00:00+00:00,33.0,4.07,2.5,0.10513333333333336,0.18357424846932885,0.10513333333333336,baseline,turbine_1,2026-02-09 00:00:00+00:00,turbine_1: на 2026-02-09T00:00:00+00:00 проверяемого факта пока нет; overlap_wind_change=1.003m/s>=0.5.
2026-02-10 04:00:00+00:00,2026-02-08 18:00:00+00:00,34.0,3.76,4.7,0.07809444444444442,0.12882902303015417,0.07809444444444442,baseline,turbine_1,2026-02-09 00:00:00+00:00,turbine_1: на 2026-02-09T00:00:00+00:00 проверяемого факта пока нет; overlap_wind_change=1.003m/s>=0.5.
2026-02-10 05:00:00+00:00,2026-02-08 18:00:00+00:00,35.0,3.15,6.3,0.04038888888888889,0.10709565461205688,0.04038888888888889,baseline,turbine_1,2026-02-09 00:00:00+00:00,turbine_1: на 2026-02-09T00:00:00+00:00 проверяемого факта пока нет; overlap_wind_change=1.003m/s>=0.5.
2026-02-10 06:00:00+00:00,2026-02-08 18:00:00+00:00,36.0,4.98,7.1,0.18502222222222225,0.279316804599169,0.18502222222222225,baseline,turbine_1,2026-02-09 00:00:00+00:00,turbine_1: на 2026-02-09T00:00:00+00:00 проверяемого факта пока нет; overlap_wind_change=1.003m/s>=0.5.
2026-02-10 07:00:00+00:00,2026-02-08 18:00:00+00:00,37.0,4.3,7.7,0.1253611111111111,0.2016557203901234,0.1253611111111111,baseline,turbine_1,2026-02-09 00:00:00+00:00,turbine_1: на 2026-02-09T00:00:00+00:00 проверяемого факта пока нет; overlap_wind_change=1.003m/s>=0.5.
2026-02-10 08:00:00+00:00,2026-02-08 18:00:00+00:00,38.0,4.05,8.4,0.10338888888888888,0.21661730423552858,0.10338888888888888,baseline,turbine_1,2026-02-09 00:00:00+00:00,turbine_1: на 2026-02-09T00:00:00+00:00 проверяемого факта пока нет; overlap_wind_change=1.003m/s>=0.5.
2026-02-10 09:00:00+00:00,2026-02-08 18:00:00+00:00,39.0,5.74,10.2,0.25948888888888894,0.3614111086468384,0.25948888888888894,baseline,turbine_1,2026-02-09 00:00:00+00:00,turbine_1: на 2026-02-09T00:00:00+00:00 проверяемого факта пока нет; overlap_wind_change=1.003m/s>=0.5.
2026-02-10 10:00:00+00:00,2026-02-08 18:00:00+00:00,40.0,5.37,10.4,0.22002222222222226,0.28434247884016733,0.22002222222222226,baseline,turbine_1,2026-02-09 00:00:00+00:00,turbine_1: на 2026-02-09T00:00:00+00:00 проверяемого факта пока нет; overlap_wind_change=1.003m/s>=0.5.
2026-02-10 11:00:00+00:00,2026-02-08 18:00:00+00:00,41.0,6.53,9.0,0.4279777777777778,0.5952628377745426,0.4279777777777778,baseline,turbine_1,2026-02-09 00:00:00+00:00,turbine_1: на 2026-02-09T00:00:00+00:00 проверяемого факта пока нет; overlap_wind_change=1.003m/s>=0.5.
2026-02-10 12:00:00+00:00,2026-02-08 18:00:00+00:00,42.0,5.82,4.8,0.2761111111111112,0.36121598293459706,0.2761111111111112,baseline,turbine_1,2026-02-09 00:00:00+00:00,turbine_1: на 2026-02-09T00:00:00+00:00 проверяемого факта пока нет; overlap_wind_change=1.003m/s>=0.5.
2026-02-10 13:00:00+00:00,2026-02-08 18:00:00+00:00,43.0,3.1,1.6,0.03933333333333334,0.14086629986830365,0.03933333333333334,baseline,turbine_1,2026-02-09 00:00:00+00:00,turbine_1: на 2026-02-09T00:00:00+00:00 проверяемого факта пока нет; overlap_wind_change=1.003m/s>=0.5.
2026-02-10 14:00:00+00:00,2026-02-08 18:00:00+00:00,44.0,3.91,0.5,0.09117777777777779,0.17299749653208085,0.09117777777777779,baseline,turbine_1,2026-02-09 00:00:00+00:00,turbine_1: на 2026-02-09T00:00:00+00:00 проверяемого факта пока нет; overlap_wind_change=1.003m/s>=0.5.
2026-02-10 15:00:00+00:00,2026-02-08 18:00:00+00:00,45.0,7.59,1.5,0.6297999999999999,0.6771573459039678,0.6297999999999999,baseline,turbine_1,2026-02-09 00:00:00+00:00,turbine_1: на 2026-02-09T00:00:00+00:00 проверяемого факта пока нет; overlap_wind_change=1.003m/s>=0.5.
2026-02-10 16:00:00+00:00,2026-02-08 18:00:00+00:00,46.0,9.53,1.4,0.9689777777777777,0.8961554111147176,0.9689777777777777,baseline,turbine_1,2026-02-09 00:00:00+00:00,turbine_1: на 2026-02-09T00:00:00+00:00 проверяемого факта пока нет; overlap_wind_change=1.003m/s>=0.5.
2026-02-10 17:00:00+00:00,2026-02-08 18:00:00+00:00,47.0,10.64,1.0,0.9843277777777777,0.8982457746312905,0.9843277777777777,baseline,turbine_1,2026-02-09 00:00:00+00:00,turbine_1: на 2026-02-09T00:00:00+00:00 проверяемого факта пока нет; overlap_wind_change=1.003m/s>=0.5.
2026-02-10 18:00:00+00:00,2026-02-08 18:00:00+00:00,48.0,12.19,1.0,0.9899999999999999,0.8778160266871666,0.9899999999999999,baseline,turbine_1,2026-02-09 00:00:00+00:00,turbine_1: на 2026-02-09T00:00:00+00:00 проверяемого факта пока нет; overlap_wind_change=1.003m/s>=0.5.
2026-02-10 19:00:00+00:00,2026-02-08 18:00:00+00:00,49.0,10.99,1.2,0.9849999999999999,0.8714487703800586,0.9849999999999999,baseline,turbine_1,2026-02-09 00:00:00+00:00,turbine_1: на 2026-02-09T00:00:00+00:00 проверяемого факта пока нет; overlap_wind_change=1.003m/s>=0.5.
2026-02-10 20:00:00+00:00,2026-02-08 18:00:00+00:00,50.0,9.11,0.8,0.9275222222222221,0.8356517556319472,0.9275222222222221,baseline,turbine_1,2026-02-09 00:00:00+00:00,turbine_1: на 2026-02-09T00:00:00+00:00 проверяемого факта пока нет; overlap_wind_change=1.003m/s>=0.5.
2026-02-10 21:00:00+00:00,2026-02-08 18:00:00+00:00,51.0,8.08,0.3,0.7258944444444445,0.7036459929713847,0.7258944444444445,baseline,turbine_1,2026-02-09 00:00:00+00:00,turbine_1: на 2026-02-09T00:00:00+00:00 проверяемого факта пока нет; overlap_wind_change=1.003m/s>=0.5.
2026-02-10 22:00:00+00:00,2026-02-08 18:00:00+00:00,52.0,6.55,-0.1,0.43199999999999994,0.6389002072041076,0.43199999999999994,baseline,turbine_1,2026-02-09 00:00:00+00:00,turbine_1: на 2026-02-09T00:00:00+00:00 проверяемого факта пока нет; overlap_wind_change=1.003m/s>=0.5.
2026-02-10 23:00:00+00:00,2026-02-08 18:00:00+00:00,53.0,3.15,-0.2,0.04038888888888889,0.11164859271187984,0.04038888888888889,baseline,turbine_1,2026-02-09 00:00:00+00:00,turbine_1: на 2026-02-09T00:00:00+00:00 проверяемого факта пока нет; overlap_wind_change=1.003m/s>=0.5.
2026-02-11 00:00:00+00:00,2026-02-08 18:00:00+00:00,54.0,2.0,-0.8,0.019861111111111114,0.08282267725051227,0.019861111111111114,baseline,turbine_1,2026-02-09 00:00:00+00:00,turbine_1: на 2026-02-09T00:00:00+00:00 проверяемого факта пока нет; overlap_wind_change=1.003m/s>=0.5.
2026-02-09 01:00:00+00:00,2026-02-08 18:00:00+00:00,7.0,9.8,-2.7,0.9691111111111111,0.906244856220152,0.9691111111111111,baseline,turbine_2,2026-02-09 00:00:00+00:00,turbine_2: на 2026-02-09T00:00:00+00:00 проверяемого факта пока нет; overlap_wind_change=1.003m/s>=0.5.
2026-02-09 02:00:00+00:00,2026-02-08 18:00:00+00:00,8.0,9.84,-3.2,0.9695111111111111,0.8949911327064806,0.9695111111111111,baseline,turbine_2,2026-02-09 00:00:00+00:00,turbine_2: на 2026-02-09T00:00:00+00:00 проверяемого факта пока нет; overlap_wind_change=1.003m/s>=0.5.
2026-02-09 03:00:00+00:00,2026-02-08 18:00:00+00:00,9.0,9.61,-2.5,0.9619222222222221,0.888120598237035,0.9619222222222221,baseline,turbine_2,2026-02-09 00:00:00+00:00,turbine_2: на 2026-02-09T00:00:00+00:00 проверяемого факта пока нет; overlap_wind_change=1.003m/s>=0.5.
2026-02-09 04:00:00+00:00,2026-02-08 18:00:00+00:00,10.0,9.12,-0.1,0.9199499999999997,0.7002880344194367,0.9199499999999997,baseline,turbine_2,2026-02-09 00:00:00+00:00,turbine_2: на 2026-02-09T00:00:00+00:00 проверяемого факта пока нет; overlap_wind_change=1.003m/s>=0.5.
2026-02-09 05:00:00+00:00,2026-02-08 18:00:00+00:00,11.0,9.42,3.2,0.9528444444444444,0.8818852323867155,0.9528444444444444,baseline,turbine_2,2026-02-09 00:00:00+00:00,turbine_2: на 2026-02-09T00:00:00+00:00 проверяемого факта пока нет; overlap_wind_change=1.003m/s>=0.5.
2026-02-09 06:00:00+00:00,2026-02-08 18:00:00+00:00,12.0,9.71,4.7,0.9667,0.8628163914298929,0.9667,baseline,turbine_2,2026-02-09 00:00:00+00:00,turbine_2: на 2026-02-09T00:00:00+00:00 проверяемого факта пока нет; overlap_wind_change=1.003m/s>=0.5.
2026-02-09 07:00:00+00:00,2026-02-08 18:00:00+00:00,13.0,9.59,5.9,0.9609666666666666,0.9384239329137135,0.9609666666666666,baseline,turbine_2,2026-02-09 00:00:00+00:00,turbine_2: на 2026-02-09T00:00:00+00:00 проверяемого факта пока нет; overlap_wind_change=1.003m/s>=0.5.
2026-02-09 08:00:00+00:00,2026-02-08 18:00:00+00:00,14.0,8.84,6.8,0.8665944444444443,0.8594626550818127,0.8665944444444443,baseline,turbine_2,2026-02-09 00:00:00+00:00,turbine_2: на 2026-02-09T00:00:00+00:00 проверяемого факта пока нет; overlap_wind_change=1.003m/s>=0.5.
2026-02-09 09:00:00+00:00,2026-02-08 18:00:00+00:00,15.0,8.56,6.8,0.8209444444444444,0.8241029549622221,0.8209444444444444,baseline,turbine_2,2026-02-09 00:00:00+00:00,turbine_2: на 2026-02-09T00:00:00+00:00 проверяемого факта пока нет; overlap_wind_change=1.003m/s>=0.5.
2026-02-09 10:00:00+00:00,2026-02-08 18:00:00+00:00,16.0,8.6,6.7,0.8269444444444443,0.8102686291644551,0.8269444444444443,baseline,turbine_2,2026-02-09 00:00:00+00:00,turbine_2: на 2026-02-09T00:00:00+00:00 проверяемого факта пока нет; overlap_wind_change=1.003m/s>=0.5.
2026-02-09 11:00:00+00:00,2026-02-08 18:00:00+00:00,17.0,8.95,5.6,0.8875555555555553,0.8047758151111036,0.8875555555555553,baseline,turbine_2,2026-02-09 00:00:00+00:00,turbine_2: на 2026-02-09T00:00:00+00:00 проверяемого факта пока нет; overlap_wind_change=1.003m/s>=0.5.
2026-02-09 12:00:00+00:00,2026-02-08 18:00:00+00:00,18.0,8.05,2.4,0.7251111111111112,0.6781078735664267,0.7251111111111112,baseline,turbine_2,2026-02-09 00:00:00+00:00,turbine_2: на 2026-02-09T00:00:00+00:00 проверяемого факта пока нет; overlap_wind_change=1.003m/s>=0.5.
2026-02-09 13:00:00+00:00,2026-02-08 18:00:00+00:00,19.0,6.35,-0.3,0.3888888888888888,0.742079086061129,0.3888888888888888,baseline,turbine_2,2026-02-09 00:00:00+00:00,turbine_2: на 2026-02-09T00:00:00+00:00 проверяемого факта пока нет; overlap_wind_change=1.003m/s>=0.5.
2026-02-09 14:00:00+00:00,2026-02-08 18:00:00+00:00,20.0,6.0,-1.3,0.31486111111111115,0.48806949473314654,0.31486111111111115,baseline,turbine_2,2026-02-09 00:00:00+00:00,turbine_2: на 2026-02-09T00:00:00+00:00 проверяемого факта пока нет; overlap_wind_change=1.003m/s>=0.5.
2026-02-09 15:00:00+00:00,2026-02-08 18:00:00+00:00,21.0,5.99,-1.6,0.3126333333333334,0.4870066683339016,0.3126333333333334,baseline,turbine_2,2026-02-09 00:00:00+00:00,turbine_2: на 2026-02-09T00:00:00+00:00 проверяемого факта пока нет; overlap_wind_change=1.003m/s>=0.5.
2026-02-09 16:00:00+00:00,2026-02-08 18:00:00+00:00,22.0,4.01,-1.8,0.08837777777777776,0.16821454478126732,0.08837777777777776,baseline,turbine_2,2026-02-09 00:00:00+00:00,turbine_2: на 2026-02-09T00:00:00+00:00 проверяемого факта пока нет; overlap_wind_change=1.003m/s>=0.5.
2026-02-09 17:00:00+00:00,2026-02-08 18:00:00+00:00,23.0,2.11,-1.5,0.019555555555555555,0.10093208573713199,0.019555555555555555,baseline,turbine_2,2026-02-09 00:00:00+00:00,turbine_2: на 2026-02-09T00:00:00+00:00 проверяемого факта пока нет; overlap_wind_change=1.003m/s>=0.5.
2026-02-09 18:00:00+00:00,2026-02-08 18:00:00+00:00,24.0,2.19,-0.5,0.020444444444444446,0.10315937579687848,0.020444444444444446,baseline,turbine_2,2026-02-09 00:00:00+00:00,turbine_2: на 2026-02-09T00:00:00+00:00 проверяемого факта пока нет; overlap_wind_change=1.003m/s>=0.5.
2026-02-09 19:00:00+00:00,2026-02-08 18:00:00+00:00,25.0,3.07,-0.8,0.032155555555555555,0.12056150676701427,0.032155555555555555,baseline,turbine_2,2026-02-09 00:00:00+00:00,turbine_2: на 2026-02-09T00:00:00+00:00 проверяемого факта пока нет; overlap_wind_change=1.003m/s>=0.5.
2026-02-09 20:00:00+00:00,2026-02-08 18:00:00+00:00,26.0,2.41,-0.3,0.022711111111111112,0.09831979846059838,0.022711111111111112,baseline,turbine_2,2026-02-09 00:00:00+00:00,turbine_2: на 2026-02-09T00:00:00+00:00 проверяемого факта пока нет; overlap_wind_change=1.003m/s>=0.5.
2026-02-09 21:00:00+00:00,2026-02-08 18:00:00+00:00,27.0,2.2,0.4,0.02055555555555556,0.1101835696997804,0.02055555555555556,baseline,turbine_2,2026-02-09 00:00:00+00:00,turbine_2: на 2026-02-09T00:00:00+00:00 проверяемого факта пока нет; overlap_wind_change=1.003m/s>=0.5.
2026-02-09 22:00:00+00:00,2026-02-08 18:00:00+00:00,28.0,2.17,0.6,0.02022222222222222,0.11198019158667473,0.02022222222222222,baseline,turbine_2,2026-02-09 00:00:00+00:00,turbine_2: на 2026-02-09T00:00:00+00:00 проверяемого факта пока нет; overlap_wind_change=1.003m/s>=0.5.
2026-02-09 23:00:00+00:00,2026-02-08 18:00:00+00:00,29.0,3.04,1.5,0.03158888888888889,0.14197042530653883,0.03158888888888889,baseline,turbine_2,2026-02-09 00:00:00+00:00,turbine_2: на 2026-02-09T00:00:00+00:00 проверяемого факта пока нет; overlap_wind_change=1.003m/s>=0.5.
2026-02-10 00:00:00+00:00,2026-02-08 18:00:00+00:00,30.0,2.14,2.4,0.01988888888888889,0.09025509412610265,0.01988888888888889,baseline,turbine_2,2026-02-09 00:00:00+00:00,turbine_2: на 2026-02-09T00:00:00+00:00 проверяемого факта пока нет; overlap_wind_change=1.003m/s>=0.5.
2026-02-10 01:00:00+00:00,2026-02-08 18:00:00+00:00,31.0,3.1,1.5,0.03272222222222222,0.12276111634913674,0.03272222222222222,baseline,turbine_2,2026-02-09 00:00:00+00:00,turbine_2: на 2026-02-09T00:00:00+00:00 проверяемого факта пока нет; overlap_wind_change=1.003m/s>=0.5.
2026-02-10 02:00:00+00:00,2026-02-08 18:00:00+00:00,32.0,4.65,0.2,0.13966666666666672,0.21946574608730732,0.13966666666666672,baseline,turbine_2,2026-02-09 00:00:00+00:00,turbine_2: на 2026-02-09T00:00:00+00:00 проверяемого факта пока нет; overlap_wind_change=1.003m/s>=0.5.
2026-02-10 03:00:00+00:00,2026-02-08 18:00:00+00:00,33.0,4.07,2.5,0.09281111111111114,0.22133421141158152,0.09281111111111114,baseline,turbine_2,2026-02-09 00:00:00+00:00,turbine_2: на 2026-02-09T00:00:00+00:00 проверяемого факта пока нет; overlap_wind_change=1.003m/s>=0.5.
2026-02-10 04:00:00+00:00,2026-02-08 18:00:00+00:00,34.0,3.76,4.7,0.06990555555555554,0.1472825322907639,0.06990555555555554,baseline,turbine_2,2026-02-09 00:00:00+00:00,turbine_2: на 2026-02-09T00:00:00+00:00 проверяемого факта пока нет; overlap_wind_change=1.003m/s>=0.5.
2026-02-10 05:00:00+00:00,2026-02-08 18:00:00+00:00,35.0,3.15,6.3,0.033666666666666664,0.15246739556448785,0.033666666666666664,baseline,turbine_2,2026-02-09 00:00:00+00:00,turbine_2: на 2026-02-09T00:00:00+00:00 проверяемого факта пока нет; overlap_wind_change=1.003m/s>=0.5.
2026-02-10 06:00:00+00:00,2026-02-08 18:00:00+00:00,36.0,4.98,7.1,0.16786111111111116,0.3366272389247105,0.16786111111111116,baseline,turbine_2,2026-02-09 00:00:00+00:00,turbine_2: на 2026-02-09T00:00:00+00:00 проверяемого факта пока нет; overlap_wind_change=1.003m/s>=0.5.
2026-02-10 07:00:00+00:00,2026-02-08 18:00:00+00:00,37.0,4.3,7.7,0.11030555555555555,0.23330505704921017,0.11030555555555555,baseline,turbine_2,2026-02-09 00:00:00+00:00,turbine_2: на 2026-02-09T00:00:00+00:00 проверяемого факта пока нет; overlap_wind_change=1.003m/s>=0.5.
2026-02-10 08:00:00+00:00,2026-02-08 18:00:00+00:00,38.0,4.05,8.4,0.09133333333333332,0.2286008346598206,0.09133333333333332,baseline,turbine_2,2026-02-09 00:00:00+00:00,turbine_2: на 2026-02-09T00:00:00+00:00 проверяемого факта пока нет; overlap_wind_change=1.003m/s>=0.5.
2026-02-10 09:00:00+00:00,2026-02-08 18:00:00+00:00,39.0,5.74,10.2,0.2578055555555556,0.4495276024964882,0.2578055555555556,baseline,turbine_2,2026-02-09 00:00:00+00:00,turbine_2: на 2026-02-09T00:00:00+00:00 проверяемого факта пока нет; overlap_wind_change=1.003m/s>=0.5.
2026-02-10 10:00:00+00:00,2026-02-08 18:00:00+00:00,40.0,5.37,10.4,0.20744444444444446,0.3488684314339116,0.20744444444444446,baseline,turbine_2,2026-02-09 00:00:00+00:00,turbine_2: на 2026-02-09T00:00:00+00:00 проверяемого факта пока нет; overlap_wind_change=1.003m/s>=0.5.
2026-02-10 11:00:00+00:00,2026-02-08 18:00:00+00:00,41.0,6.53,9.0,0.42188888888888887,0.6570344471104751,0.42188888888888887,baseline,turbine_2,2026-02-09 00:00:00+00:00,turbine_2: на 2026-02-09T00:00:00+00:00 проверяемого факта пока нет; overlap_wind_change=1.003m/s>=0.5.
2026-02-10 12:00:00+00:00,2026-02-08 18:00:00+00:00,42.0,5.82,4.8,0.27476111111111123,0.41130927185481597,0.27476111111111123,baseline,turbine_2,2026-02-09 00:00:00+00:00,turbine_2: на 2026-02-09T00:00:00+00:00 проверяемого факта пока нет; overlap_wind_change=1.003m/s>=0.5.
2026-02-10 13:00:00+00:00,2026-02-08 18:00:00+00:00,43.0,3.1,1.6,0.03272222222222222,0.1570473859937744,0.03272222222222222,baseline,turbine_2,2026-02-09 00:00:00+00:00,turbine_2: на 2026-02-09T00:00:00+00:00 проверяемого факта пока нет; overlap_wind_change=1.003m/s>=0.5.
2026-02-10 14:00:00+00:00,2026-02-08 18:00:00+00:00,44.0,3.91,0.5,0.0809888888888889,0.17782128558858942,0.0809888888888889,baseline,turbine_2,2026-02-09 00:00:00+00:00,turbine_2: на 2026-02-09T00:00:00+00:00 проверяемого факта пока нет; overlap_wind_change=1.003m/s>=0.5.
2026-02-10 15:00:00+00:00,2026-02-08 18:00:00+00:00,45.0,7.59,1.5,0.6319111111111111,0.7718399809038089,0.6319111111111111,baseline,turbine_2,2026-02-09 00:00:00+00:00,turbine_2: на 2026-02-09T00:00:00+00:00 проверяемого факта пока нет; overlap_wind_change=1.003m/s>=0.5.
2026-02-10 16:00:00+00:00,2026-02-08 18:00:00+00:00,46.0,9.53,1.4,0.9581,1.0,0.9581,baseline,turbine_2,2026-02-09 00:00:00+00:00,turbine_2: на 2026-02-09T00:00:00+00:00 проверяемого факта пока нет; overlap_wind_change=1.003m/s>=0.5.
2026-02-10 17:00:00+00:00,2026-02-08 18:00:00+00:00,47.0,10.64,1.0,0.9753444444444443,0.9911177169183342,0.9753444444444443,baseline,turbine_2,2026-02-09 00:00:00+00:00,turbine_2: на 2026-02-09T00:00:00+00:00 проверяемого факта пока нет; overlap_wind_change=1.003m/s>=0.5.
2026-02-10 18:00:00+00:00,2026-02-08 18:00:00+00:00,48.0,12.19,1.0,0.9753777777777778,0.9393306079994906,0.9753777777777778,baseline,turbine_2,2026-02-09 00:00:00+00:00,turbine_2: на 2026-02-09T00:00:00+00:00 проверяемого факта пока нет; overlap_wind_change=1.003m/s>=0.5.
2026-02-10 19:00:00+00:00,2026-02-08 18:00:00+00:00,49.0,10.99,1.2,0.9764999999999999,0.9348590965321262,0.9764999999999999,baseline,turbine_2,2026-02-09 00:00:00+00:00,turbine_2: на 2026-02-09T00:00:00+00:00 проверяемого факта пока нет; overlap_wind_change=1.003m/s>=0.5.
2026-02-10 20:00:00+00:00,2026-02-08 18:00:00+00:00,50.0,9.11,0.8,0.9180444444444442,0.8029072097472204,0.9180444444444442,baseline,turbine_2,2026-02-09 00:00:00+00:00,turbine_2: на 2026-02-09T00:00:00+00:00 проверяемого факта пока нет; overlap_wind_change=1.003m/s>=0.5.
2026-02-10 21:00:00+00:00,2026-02-08 18:00:00+00:00,51.0,8.08,0.3,0.732511111111111,0.6786415113434867,0.732511111111111,baseline,turbine_2,2026-02-09 00:00:00+00:00,turbine_2: на 2026-02-09T00:00:00+00:00 проверяемого факта пока нет; overlap_wind_change=1.003m/s>=0.5.
2026-02-10 22:00:00+00:00,2026-02-08 18:00:00+00:00,52.0,6.55,-0.1,0.42555555555555546,0.6070596902704375,0.42555555555555546,baseline,turbine_2,2026-02-09 00:00:00+00:00,turbine_2: на 2026-02-09T00:00:00+00:00 проверяемого факта пока нет; overlap_wind_change=1.003m/s>=0.5.
2026-02-10 23:00:00+00:00,2026-02-08 18:00:00+00:00,53.0,3.15,-0.2,0.033666666666666664,0.1234192647850428,0.033666666666666664,baseline,turbine_2,2026-02-09 00:00:00+00:00,turbine_2: на 2026-02-09T00:00:00+00:00 проверяемого факта пока нет; overlap_wind_change=1.003m/s>=0.5.
2026-02-11 00:00:00+00:00,2026-02-08 18:00:00+00:00,54.0,2.0,-0.8,0.018333333333333333,0.0829567162664022,0.018333333333333333,baseline,turbine_2,2026-02-09 00:00:00+00:00,turbine_2: на 2026-02-09T00:00:00+00:00 проверяемого факта пока нет; overlap_wind_change=1.003m/s>=0.5.
2026-02-10 01:00:00+00:00,2026-02-09 18:00:00+00:00,7.0,4.35,0.8,0.12988888888888886,0.029523925478750417,0.12988888888888886,baseline,turbine_1,2026-02-10 00:00:00+00:00,turbine_1: на 2026-02-10T00:00:00+00:00 проверяемого факта пока нет; overlap_wind_change=0.964m/s>=0.5.
2026-02-10 02:00:00+00:00,2026-02-09 18:00:00+00:00,8.0,5.28,0.6,0.21042222222222226,0.14505035425291113,0.21042222222222226,baseline,turbine_1,2026-02-10 00:00:00+00:00,turbine_1: на 2026-02-10T00:00:00+00:00 проверяемого факта пока нет; overlap_wind_change=0.964m/s>=0.5.
2026-02-10 03:00:00+00:00,2026-02-09 18:00:00+00:00,9.0,4.37,1.7,0.1317,0.07214859490708282,0.1317,baseline,turbine_1,2026-02-10 00:00:00+00:00,turbine_1: на 2026-02-10T00:00:00+00:00 проверяемого факта пока нет; overlap_wind_change=0.964m/s>=0.5.
2026-02-10 04:00:00+00:00,2026-02-09 18:00:00+00:00,10.0,5.99,3.6,0.31388888888888894,0.25898348761545825,0.31388888888888894,baseline,turbine_1,2026-02-10 00:00:00+00:00,turbine_1: на 2026-02-10T00:00:00+00:00 проверяемого факта пока нет; overlap_wind_change=0.964m/s>=0.5.
2026-02-10 05:00:00+00:00,2026-02-09 18:00:00+00:00,11.0,5.96,4.4,0.30722222222222223,0.21324586635516826,0.30722222222222223,baseline,turbine_1,2026-02-10 00:00:00+00:00,turbine_1: на 2026-02-10T00:00:00+00:00 проверяемого факта пока нет; overlap_wind_change=0.964m/s>=0.5.
2026-02-10 06:00:00+00:00,2026-02-09 18:00:00+00:00,12.0,4.7,5.8,0.16158333333333336,0.0997832942382948,0.16158333333333336,baseline,turbine_1,2026-02-10 00:00:00+00:00,turbine_1: на 2026-02-10T00:00:00+00:00 проверяемого факта пока нет; overlap_wind_change=0.964m/s>=0.5.
2026-02-10 07:00:00+00:00,2026-02-09 18:00:00+00:00,13.0,5.15,7.5,0.19900000000000004,0.18874146140004228,0.19900000000000004,baseline,turbine_1,2026-02-10 00:00:00+00:00,turbine_1: на 2026-02-10T00:00:00+00:00 проверяемого факта пока нет; overlap_wind_change=0.964m/s>=0.5.
2026-02-10 08:00:00+00:00,2026-02-09 18:00:00+00:00,14.0,5.66,9.7,0.2509555555555556,0.30078999848348176,0.2509555555555556,baseline,turbine_1,2026-02-10 00:00:00+00:00,turbine_1: на 2026-02-10T00:00:00+00:00 проверяемого факта пока нет; overlap_wind_change=0.964m/s>=0.5.
2026-02-10 09:00:00+00:00,2026-02-09 18:00:00+00:00,15.0,6.02,11.1,0.3205555555555555,0.3990640677537133,0.3205555555555555,baseline,turbine_1,2026-02-10 00:00:00+00:00,turbine_1: на 2026-02-10T00:00:00+00:00 проверяемого факта пока нет; overlap_wind_change=0.964m/s>=0.5.
2026-02-10 10:00:00+00:00,2026-02-09 18:00:00+00:00,16.0,4.85,10.5,0.1743333333333333,0.28041830567943565,0.1743333333333333,baseline,turbine_1,2026-02-10 00:00:00+00:00,turbine_1: на 2026-02-10T00:00:00+00:00 проверяемого факта пока нет; overlap_wind_change=0.964m/s>=0.5.
2026-02-10 11:00:00+00:00,2026-02-09 18:00:00+00:00,17.0,5.59,8.2,0.2434888888888889,0.31734818998453757,0.2434888888888889,baseline,turbine_1,2026-02-10 00:00:00+00:00,turbine_1: на 2026-02-10T00:00:00+00:00 проверяемого факта пока нет; overlap_wind_change=0.964m/s>=0.5.
2026-02-10 12:00:00+00:00,2026-02-09 18:00:00+00:00,18.0,6.29,5.1,0.3797111111111111,0.5502999507177494,0.3797111111111111,baseline,turbine_1,2026-02-10 00:00:00+00:00,turbine_1: на 2026-02-10T00:00:00+00:00 проверяемого факта пока нет; overlap_wind_change=0.964m/s>=0.5.
2026-02-10 13:00:00+00:00,2026-02-09 18:00:00+00:00,19.0,5.53,3.5,0.23708888888888893,0.33999706003418345,0.23708888888888893,baseline,turbine_1,2026-02-10 00:00:00+00:00,turbine_1: на 2026-02-10T00:00:00+00:00 проверяемого факта пока нет; overlap_wind_change=0.964m/s>=0.5.
2026-02-10 14:00:00+00:00,2026-02-09 18:00:00+00:00,20.0,4.63,2.3,0.15524444444444443,0.2866821744345218,0.15524444444444443,baseline,turbine_1,2026-02-10 00:00:00+00:00,turbine_1: на 2026-02-10T00:00:00+00:00 проверяемого факта пока нет; overlap_wind_change=0.964m/s>=0.5.
2026-02-10 15:00:00+00:00,2026-02-09 18:00:00+00:00,21.0,7.24,1.6,0.5857388888888889,0.6616173062463165,0.5857388888888889,baseline,turbine_1,2026-02-10 00:00:00+00:00,turbine_1: на 2026-02-10T00:00:00+00:00 проверяемого факта пока нет; overlap_wind_change=0.964m/s>=0.5.
2026-02-10 16:00:00+00:00,2026-02-09 18:00:00+00:00,22.0,9.28,1.3,0.9555055555555555,0.8651240924843593,0.9555055555555555,baseline,turbine_1,2026-02-10 00:00:00+00:00,turbine_1: на 2026-02-10T00:00:00+00:00 проверяемого факта пока нет; overlap_wind_change=0.964m/s>=0.5.
2026-02-10 17:00:00+00:00,2026-02-09 18:00:00+00:00,23.0,10.41,0.9,0.9829222222222221,0.9010169644750955,0.9829222222222221,baseline,turbine_1,2026-02-10 00:00:00+00:00,turbine_1: на 2026-02-10T00:00:00+00:00 проверяемого факта пока нет; overlap_wind_change=0.964m/s>=0.5.
2026-02-10 18:00:00+00:00,2026-02-09 18:00:00+00:00,24.0,11.34,0.9,0.9858999999999999,0.878797989582457,0.9858999999999999,baseline,turbine_1,2026-02-10 00:00:00+00:00,turbine_1: на 2026-02-10T00:00:00+00:00 проверяемого факта пока нет; overlap_wind_change=0.964m/s>=0.5.
2026-02-10 19:00:00+00:00,2026-02-09 18:00:00+00:00,25.0,11.97,1.5,0.9899999999999999,0.8730919766447449,0.9899999999999999,baseline,turbine_1,2026-02-10 00:00:00+00:00,turbine_1: на 2026-02-10T00:00:00+00:00 проверяемого факта пока нет; overlap_wind_change=0.964m/s>=0.5.
2026-02-10 20:00:00+00:00,2026-02-09 18:00:00+00:00,26.0,10.69,0.8,0.9846333333333332,0.9028242943805326,0.9846333333333332,baseline,turbine_1,2026-02-10 00:00:00+00:00,turbine_1: на 2026-02-10T00:00:00+00:00 проверяемого факта пока нет; overlap_wind_change=0.964m/s>=0.5.
2026-02-10 21:00:00+00:00,2026-02-09 18:00:00+00:00,27.0,8.57,0.0,0.8257222222222222,0.807589747341262,0.8257222222222222,baseline,turbine_1,2026-02-10 00:00:00+00:00,turbine_1: на 2026-02-10T00:00:00+00:00 проверяемого факта пока нет; overlap_wind_change=0.964m/s>=0.5.
2026-02-10 22:00:00+00:00,2026-02-09 18:00:00+00:00,28.0,7.12,-0.3,0.5579388888888889,0.6508931630559998,0.5579388888888889,baseline,turbine_1,2026-02-10 00:00:00+00:00,turbine_1: на 2026-02-10T00:00:00+00:00 проверяемого факта пока нет; overlap_wind_change=0.964m/s>=0.5.
2026-02-10 23:00:00+00:00,2026-02-09 18:00:00+00:00,29.0,4.85,0.1,0.1743333333333333,0.2865020542696775,0.1743333333333333,baseline,turbine_1,2026-02-10 00:00:00+00:00,turbine_1: на 2026-02-10T00:00:00+00:00 проверяемого факта пока нет; overlap_wind_change=0.964m/s>=0.5.
2026-02-11 00:00:00+00:00,2026-02-09 18:00:00+00:00,30.0,2.81,-0.7,0.033211111111111115,0.09962022862575907,0.033211111111111115,baseline,turbine_1,2026-02-10 00:00:00+00:00,turbine_1: на 2026-02-10T00:00:00+00:00 проверяемого факта пока нет; overlap_wind_change=0.964m/s>=0.5.
2026-02-11 01:00:00+00:00,2026-02-09 18:00:00+00:00,31.0,2.43,-1.0,0.026611111111111117,0.08115651364315586,0.026611111111111117,baseline,turbine_1,2026-02-10 00:00:00+00:00,turbine_1: на 2026-02-10T00:00:00+00:00 проверяемого факта пока нет; overlap_wind_change=0.964m/s>=0.5.
2026-02-11 02:00:00+00:00,2026-02-09 18:00:00+00:00,32.0,0.78,-2.1,0.0103,0.02563118470681015,0.0103,baseline,turbine_1,2026-02-10 00:00:00+00:00,turbine_1: на 2026-02-10T00:00:00+00:00 проверяемого факта пока нет; overlap_wind_change=0.964m/s>=0.5.
2026-02-11 03:00:00+00:00,2026-02-09 18:00:00+00:00,33.0,3.07,0.9,0.0387,0.10076040191745474,0.0387,baseline,turbine_1,2026-02-10 00:00:00+00:00,turbine_1: на 2026-02-10T00:00:00+00:00 проверяемого факта пока нет; overlap_wind_change=0.964m/s>=0.5.
2026-02-11 04:00:00+00:00,2026-02-09 18:00:00+00:00,34.0,4.34,5.1,0.1289833333333333,0.17418273388400315,0.1289833333333333,baseline,turbine_1,2026-02-10 00:00:00+00:00,turbine_1: на 2026-02-10T00:00:00+00:00 проверяемого факта пока нет; overlap_wind_change=0.964m/s>=0.5.
2026-02-11 05:00:00+00:00,2026-02-09 18:00:00+00:00,35.0,4.92,7.9,0.18008888888888888,0.279316804599169,0.18008888888888888,baseline,turbine_1,2026-02-10 00:00:00+00:00,turbine_1: на 2026-02-10T00:00:00+00:00 проверяемого факта пока нет; overlap_wind_change=0.964m/s>=0.5.
2026-02-11 06:00:00+00:00,2026-02-09 18:00:00+00:00,36.0,3.22,8.9,0.04186666666666668,0.11801915410258516,0.04186666666666668,baseline,turbine_1,2026-02-10 00:00:00+00:00,turbine_1: на 2026-02-10T00:00:00+00:00 проверяемого факта пока нет; overlap_wind_change=0.964m/s>=0.5.
2026-02-11 07:00:00+00:00,2026-02-09 18:00:00+00:00,37.0,2.09,8.8,0.02121111111111111,0.09787265070372468,0.02121111111111111,baseline,turbine_1,2026-02-10 00:00:00+00:00,turbine_1: на 2026-02-10T00:00:00+00:00 проверяемого факта пока нет; overlap_wind_change=0.964m/s>=0.5.
2026-02-11 08:00:00+00:00,2026-02-09 18:00:00+00:00,38.0,1.32,10.2,0.015155555555555556,0.08403178658416471,0.015155555555555556,baseline,turbine_1,2026-02-10 00:00:00+00:00,turbine_1: на 2026-02-10T00:00:00+00:00 проверяемого факта пока нет; overlap_wind_change=0.964m/s>=0.5.
2026-02-11 09:00:00+00:00,2026-02-09 18:00:00+00:00,39.0,4.7,10.3,0.16158333333333336,0.24612704385039214,0.16158333333333336,baseline,turbine_1,2026-02-10 00:00:00+00:00,turbine_1: на 2026-02-10T00:00:00+00:00 проверяемого факта пока нет; overlap_wind_change=0.964m/s>=0.5.
2026-02-11 10:00:00+00:00,2026-02-09 18:00:00+00:00,40.0,11.83,6.6,0.9899999999999999,0.8128401821923509,0.9899999999999999,baseline,turbine_1,2026-02-10 00:00:00+00:00,turbine_1: на 2026-02-10T00:00:00+00:00 проверяемого факта пока нет; overlap_wind_change=0.964m/s>=0.5.
2026-02-11 11:00:00+00:00,2026-02-09 18:00:00+00:00,41.0,11.36,5.3,0.9860999999999999,0.718355847362803,0.9860999999999999,baseline,turbine_1,2026-02-10 00:00:00+00:00,turbine_1: на 2026-02-10T00:00:00+00:00 проверяемого факта пока нет; overlap_wind_change=0.964m/s>=0.5.
2026-02-11 12:00:00+00:00,2026-02-09 18:00:00+00:00,42.0,10.61,2.8,0.9841444444444444,0.8247788013350876,0.9841444444444444,baseline,turbine_1,2026-02-10 00:00:00+00:00,turbine_1: на 2026-02-10T00:00:00+00:00 проверяемого факта пока нет; overlap_wind_change=0.964m/s>=0.5.
2026-02-11 13:00:00+00:00,2026-02-09 18:00:00+00:00,43.0,10.28,2.1,0.9821277777777777,0.8788854455462832,0.9821277777777777,baseline,turbine_1,2026-02-10 00:00:00+00:00,turbine_1: на 2026-02-10T00:00:00+00:00 проверяемого факта пока нет; overlap_wind_change=0.964m/s>=0.5.
2026-02-11 14:00:00+00:00,2026-02-09 18:00:00+00:00,44.0,9.82,1.7,0.9809888888888889,0.9020509657887478,0.9809888888888889,baseline,turbine_1,2026-02-10 00:00:00+00:00,turbine_1: на 2026-02-10T00:00:00+00:00 проверяемого факта пока нет; overlap_wind_change=0.964m/s>=0.5.
2026-02-11 15:00:00+00:00,2026-02-09 18:00:00+00:00,45.0,9.88,1.2,0.9811222222222222,0.8997104599688325,0.9811222222222222,baseline,turbine_1,2026-02-10 00:00:00+00:00,turbine_1: на 2026-02-10T00:00:00+00:00 проверяемого факта пока нет; overlap_wind_change=0.964m/s>=0.5.
2026-02-11 16:00:00+00:00,2026-02-09 18:00:00+00:00,46.0,9.69,1.2,0.9776,0.8997104599688325,0.9776,baseline,turbine_1,2026-02-10 00:00:00+00:00,turbine_1: на 2026-02-10T00:00:00+00:00 проверяемого факта пока нет; overlap_wind_change=0.964m/s>=0.5.
2026-02-11 17:00:00+00:00,2026-02-09 18:00:00+00:00,47.0,9.58,1.1,0.9716722222222223,0.8907697919704775,0.9716722222222223,baseline,turbine_1,2026-02-10 00:00:00+00:00,turbine_1: на 2026-02-10T00:00:00+00:00 проверяемого факта пока нет; overlap_wind_change=0.964m/s>=0.5.
2026-02-11 18:00:00+00:00,2026-02-09 18:00:00+00:00,48.0,9.36,0.9,0.9598166666666667,0.8628455203821479,0.9598166666666667,baseline,turbine_1,2026-02-10 00:00:00+00:00,turbine_1: на 2026-02-10T00:00:00+00:00 проверяемого факта пока нет; overlap_wind_change=0.964m/s>=0.5.
2026-02-11 19:00:00+00:00,2026-02-09 18:00:00+00:00,49.0,8.13,0.7,0.737477777777778,0.6958409018969256,0.737477777777778,baseline,turbine_1,2026-02-10 00:00:00+00:00,turbine_1: на 2026-02-10T00:00:00+00:00 проверяемого факта пока нет; overlap_wind_change=0.964m/s>=0.5.
2026-02-11 20:00:00+00:00,2026-02-09 18:00:00+00:00,50.0,7.36,0.5,0.6015611111111111,0.6877673262604219,0.6015611111111111,baseline,turbine_1,2026-02-10 00:00:00+00:00,turbine_1: на 2026-02-10T00:00:00+00:00 проверяемого факта пока нет; overlap_wind_change=0.964m/s>=0.5.
2026-02-11 21:00:00+00:00,2026-02-09 18:00:00+00:00,51.0,7.56,0.3,0.6261166666666665,0.6866221671761655,0.6261166666666665,baseline,turbine_1,2026-02-10 00:00:00+00:00,turbine_1: на 2026-02-10T00:00:00+00:00 проверяемого факта пока нет; overlap_wind_change=0.964m/s>=0.5.
2026-02-11 22:00:00+00:00,2026-02-09 18:00:00+00:00,52.0,6.31,0.6,0.3837333333333332,0.6044890867745665,0.3837333333333332,baseline,turbine_1,2026-02-10 00:00:00+00:00,turbine_1: на 2026-02-10T00:00:00+00:00 проверяемого факта пока нет; overlap_wind_change=0.964m/s>=0.5.
2026-02-11 23:00:00+00:00,2026-02-09 18:00:00+00:00,53.0,6.54,0.5,0.42998888888888886,0.6124945412294261,0.42998888888888886,baseline,turbine_1,2026-02-10 00:00:00+00:00,turbine_1: на 2026-02-10T00:00:00+00:00 проверяемого факта пока нет; overlap_wind_change=0.964m/s>=0.5.
2026-02-12 00:00:00+00:00,2026-02-09 18:00:00+00:00,54.0,6.66,0.4,0.4541222222222222,0.5876327680327779,0.4541222222222222,baseline,turbine_1,2026-02-10 00:00:00+00:00,turbine_1: на 2026-02-10T00:00:00+00:00 проверяемого факта пока нет; overlap_wind_change=0.964m/s>=0.5.
2026-02-10 01:00:00+00:00,2026-02-09 18:00:00+00:00,7.0,4.35,0.8,0.11449999999999998,0.0499105183189202,0.11449999999999998,baseline,turbine_2,2026-02-10 00:00:00+00:00,turbine_2: на 2026-02-10T00:00:00+00:00 проверяемого факта пока нет; overlap_wind_change=0.964m/s>=0.5.
2026-02-10 02:00:00+00:00,2026-02-09 18:00:00+00:00,8.0,5.28,0.6,0.19519444444444448,0.1554456689414052,0.19519444444444448,baseline,turbine_2,2026-02-10 00:00:00+00:00,turbine_2: на 2026-02-10T00:00:00+00:00 проверяемого факта пока нет; overlap_wind_change=0.964m/s>=0.5.
2026-02-10 03:00:00+00:00,2026-02-09 18:00:00+00:00,9.0,4.37,1.7,0.1161777777777778,0.08315561463310307,0.1161777777777778,baseline,turbine_2,2026-02-10 00:00:00+00:00,turbine_2: на 2026-02-10T00:00:00+00:00 проверяемого факта пока нет; overlap_wind_change=0.964m/s>=0.5.
2026-02-10 04:00:00+00:00,2026-02-09 18:00:00+00:00,10.0,5.99,3.6,0.3126333333333334,0.286250145180901,0.3126333333333334,baseline,turbine_2,2026-02-10 00:00:00+00:00,turbine_2: на 2026-02-10T00:00:00+00:00 проверяемого факта пока нет; overlap_wind_change=0.964m/s>=0.5.
2026-02-10 05:00:00+00:00,2026-02-09 18:00:00+00:00,11.0,5.96,4.4,0.30595,0.24520906354293545,0.30595,baseline,turbine_2,2026-02-10 00:00:00+00:00,turbine_2: на 2026-02-10T00:00:00+00:00 проверяемого факта пока нет; overlap_wind_change=0.964m/s>=0.5.
2026-02-10 06:00:00+00:00,2026-02-09 18:00:00+00:00,12.0,4.7,5.8,0.14386111111111113,0.12856217529815975,0.14386111111111113,baseline,turbine_2,2026-02-10 00:00:00+00:00,turbine_2: на 2026-02-10T00:00:00+00:00 проверяемого факта пока нет; overlap_wind_change=0.964m/s>=0.5.
2026-02-10 07:00:00+00:00,2026-02-09 18:00:00+00:00,13.0,5.15,7.5,0.18250000000000002,0.29408628383013985,0.18250000000000002,baseline,turbine_2,2026-02-10 00:00:00+00:00,turbine_2: на 2026-02-10T00:00:00+00:00 проверяемого факта пока нет; overlap_wind_change=0.964m/s>=0.5.
2026-02-10 08:00:00+00:00,2026-02-09 18:00:00+00:00,14.0,5.66,9.7,0.24691666666666673,0.40349190759342074,0.24691666666666673,baseline,turbine_2,2026-02-10 00:00:00+00:00,turbine_2: на 2026-02-10T00:00:00+00:00 проверяемого факта пока нет; overlap_wind_change=0.964m/s>=0.5.
2026-02-10 09:00:00+00:00,2026-02-09 18:00:00+00:00,15.0,6.02,11.1,0.3193166666666666,0.4854279019375845,0.3193166666666666,baseline,turbine_2,2026-02-10 00:00:00+00:00,turbine_2: на 2026-02-10T00:00:00+00:00 проверяемого факта пока нет; overlap_wind_change=0.964m/s>=0.5.
2026-02-10 10:00:00+00:00,2026-02-09 18:00:00+00:00,16.0,4.85,10.5,0.15666666666666665,0.31506327414412216,0.15666666666666665,baseline,turbine_2,2026-02-10 00:00:00+00:00,turbine_2: на 2026-02-10T00:00:00+00:00 проверяемого факта пока нет; overlap_wind_change=0.964m/s>=0.5.
2026-02-10 11:00:00+00:00,2026-02-09 18:00:00+00:00,17.0,5.59,8.2,0.2373888888888889,0.4018295649378645,0.2373888888888889,baseline,turbine_2,2026-02-10 00:00:00+00:00,turbine_2: на 2026-02-10T00:00:00+00:00 проверяемого факта пока нет; overlap_wind_change=0.964m/s>=0.5.
2026-02-10 12:00:00+00:00,2026-02-09 18:00:00+00:00,18.0,6.29,5.1,0.3778888888888889,0.5874710413353399,0.3778888888888889,baseline,turbine_2,2026-02-10 00:00:00+00:00,turbine_2: на 2026-02-10T00:00:00+00:00 проверяемого факта пока нет; overlap_wind_change=0.964m/s>=0.5.
2026-02-10 13:00:00+00:00,2026-02-09 18:00:00+00:00,19.0,5.53,3.5,0.22922222222222227,0.4285119275096228,0.22922222222222227,baseline,turbine_2,2026-02-10 00:00:00+00:00,turbine_2: на 2026-02-10T00:00:00+00:00 проверяемого факта пока нет; overlap_wind_change=0.964m/s>=0.5.
2026-02-10 14:00:00+00:00,2026-02-09 18:00:00+00:00,20.0,4.63,2.3,0.1379888888888889,0.3186489838677274,0.1379888888888889,baseline,turbine_2,2026-02-10 00:00:00+00:00,turbine_2: на 2026-02-10T00:00:00+00:00 проверяемого факта пока нет; overlap_wind_change=0.964m/s>=0.5.
2026-02-10 15:00:00+00:00,2026-02-09 18:00:00+00:00,21.0,7.24,1.6,0.5885333333333334,0.7529497346769439,0.5885333333333334,baseline,turbine_2,2026-02-10 00:00:00+00:00,turbine_2: на 2026-02-10T00:00:00+00:00 проверяемого факта пока нет; overlap_wind_change=0.964m/s>=0.5.
2026-02-10 16:00:00+00:00,2026-02-09 18:00:00+00:00,22.0,9.28,1.3,0.9461555555555554,1.0,0.9461555555555554,baseline,turbine_2,2026-02-10 00:00:00+00:00,turbine_2: на 2026-02-10T00:00:00+00:00 проверяемого факта пока нет; overlap_wind_change=0.964m/s>=0.5.
2026-02-10 17:00:00+00:00,2026-02-09 18:00:00+00:00,23.0,10.41,0.9,0.9743222222222222,0.9901636641135939,0.9743222222222222,baseline,turbine_2,2026-02-10 00:00:00+00:00,turbine_2: на 2026-02-10T00:00:00+00:00 проверяемого факта пока нет; overlap_wind_change=0.964m/s>=0.5.
2026-02-10 18:00:00+00:00,2026-02-09 18:00:00+00:00,24.0,11.34,0.9,0.9770222222222222,0.93837655519475,0.9770222222222222,baseline,turbine_2,2026-02-10 00:00:00+00:00,turbine_2: на 2026-02-10T00:00:00+00:00 проверяемого факта пока нет; overlap_wind_change=0.964m/s>=0.5.
2026-02-10 19:00:00+00:00,2026-02-09 18:00:00+00:00,25.0,11.97,1.5,0.9757444444444444,0.933921816994762,0.9757444444444444,baseline,turbine_2,2026-02-10 00:00:00+00:00,turbine_2: на 2026-02-10T00:00:00+00:00 проверяемого факта пока нет; overlap_wind_change=0.964m/s>=0.5.
2026-02-10 20:00:00+00:00,2026-02-09 18:00:00+00:00,26.0,10.69,0.8,0.9755666666666666,0.9252219462452103,0.9755666666666666,baseline,turbine_2,2026-02-10 00:00:00+00:00,turbine_2: на 2026-02-10T00:00:00+00:00 проверяемого факта пока нет; overlap_wind_change=0.964m/s>=0.5.
2026-02-10 21:00:00+00:00,2026-02-09 18:00:00+00:00,27.0,8.57,0.0,0.8224444444444443,0.8091191037050053,0.8224444444444443,baseline,turbine_2,2026-02-10 00:00:00+00:00,turbine_2: на 2026-02-10T00:00:00+00:00 проверяемого факта пока нет; overlap_wind_change=0.964m/s>=0.5.
2026-02-10 22:00:00+00:00,2026-02-09 18:00:00+00:00,28.0,7.12,-0.3,0.5576,0.6119489454736803,0.5576,baseline,turbine_2,2026-02-10 00:00:00+00:00,turbine_2: на 2026-02-10T00:00:00+00:00 проверяемого факта пока нет; overlap_wind_change=0.964m/s>=0.5.
2026-02-10 23:00:00+00:00,2026-02-09 18:00:00+00:00,29.0,4.85,0.1,0.15666666666666665,0.25152168689634535,0.15666666666666665,baseline,turbine_2,2026-02-10 00:00:00+00:00,turbine_2: на 2026-02-10T00:00:00+00:00 проверяемого факта пока нет; overlap_wind_change=0.964m/s>=0.5.
2026-02-11 00:00:00+00:00,2026-02-09 18:00:00+00:00,30.0,2.81,-0.7,0.027244444444444446,0.08946916359366354,0.027244444444444446,baseline,turbine_2,2026-02-10 00:00:00+00:00,turbine_2: на 2026-02-10T00:00:00+00:00 проверяемого факта пока нет; overlap_wind_change=0.964m/s>=0.5.
2026-02-11 01:00:00+00:00,2026-02-09 18:00:00+00:00,31.0,2.43,-1.0,0.022911111111111115,0.08545507466012021,0.022911111111111115,baseline,turbine_2,2026-02-10 00:00:00+00:00,turbine_2: на 2026-02-10T00:00:00+00:00 проверяемого факта пока нет; overlap_wind_change=0.964m/s>=0.5.
2026-02-11 02:00:00+00:00,2026-02-09 18:00:00+00:00,32.0,0.78,-2.1,0.010233333333333334,0.051298712800656524,0.010233333333333334,baseline,turbine_2,2026-02-10 00:00:00+00:00,turbine_2: на 2026-02-10T00:00:00+00:00 проверяемого факта пока нет; overlap_wind_change=0.964m/s>=0.5.
2026-02-11 03:00:00+00:00,2026-02-09 18:00:00+00:00,33.0,3.07,0.9,0.032155555555555555,0.12471856642066458,0.032155555555555555,baseline,turbine_2,2026-02-10 00:00:00+00:00,turbine_2: на 2026-02-10T00:00:00+00:00 проверяемого факта пока нет; overlap_wind_change=0.964m/s>=0.5.
2026-02-11 04:00:00+00:00,2026-02-09 18:00:00+00:00,34.0,4.34,5.1,0.1136611111111111,0.1902269951778444,0.1136611111111111,baseline,turbine_2,2026-02-10 00:00:00+00:00,turbine_2: на 2026-02-10T00:00:00+00:00 проверяемого факта пока нет; overlap_wind_change=0.964m/s>=0.5.
2026-02-11 05:00:00+00:00,2026-02-09 18:00:00+00:00,35.0,4.92,7.9,0.16269444444444445,0.3337756056411894,0.16269444444444445,baseline,turbine_2,2026-02-10 00:00:00+00:00,turbine_2: на 2026-02-10T00:00:00+00:00 проверяемого факта пока нет; overlap_wind_change=0.964m/s>=0.5.
2026-02-11 06:00:00+00:00,2026-02-09 18:00:00+00:00,36.0,3.22,8.9,0.034988888888888896,0.1638653129939634,0.034988888888888896,baseline,turbine_2,2026-02-10 00:00:00+00:00,turbine_2: на 2026-02-10T00:00:00+00:00 проверяемого факта пока нет; overlap_wind_change=0.964m/s>=0.5.
2026-02-11 07:00:00+00:00,2026-02-09 18:00:00+00:00,37.0,2.09,8.8,0.01933333333333333,0.12366967918036728,0.01933333333333333,baseline,turbine_2,2026-02-10 00:00:00+00:00,turbine_2: на 2026-02-10T00:00:00+00:00 проверяемого факта пока нет; overlap_wind_change=0.964m/s>=0.5.
2026-02-11 08:00:00+00:00,2026-02-09 18:00:00+00:00,38.0,1.32,10.2,0.014122222222222222,0.11193538542324227,0.014122222222222222,baseline,turbine_2,2026-02-10 00:00:00+00:00,turbine_2: на 2026-02-10T00:00:00+00:00 проверяемого факта пока нет; overlap_wind_change=0.964m/s>=0.5.
2026-02-11 09:00:00+00:00,2026-02-09 18:00:00+00:00,39.0,4.7,10.3,0.14386111111111113,0.28012346246794295,0.14386111111111113,baseline,turbine_2,2026-02-10 00:00:00+00:00,turbine_2: на 2026-02-10T00:00:00+00:00 проверяемого факта пока нет; overlap_wind_change=0.964m/s>=0.5.
2026-02-11 10:00:00+00:00,2026-02-09 18:00:00+00:00,40.0,11.83,6.6,0.9759777777777777,0.8795381688040442,0.9759777777777777,baseline,turbine_2,2026-02-10 00:00:00+00:00,turbine_2: на 2026-02-10T00:00:00+00:00 проверяемого факта пока нет; overlap_wind_change=0.964m/s>=0.5.
2026-02-11 11:00:00+00:00,2026-02-09 18:00:00+00:00,41.0,11.36,5.3,0.9769777777777777,0.806854873869239,0.9769777777777777,baseline,turbine_2,2026-02-10 00:00:00+00:00,turbine_2: на 2026-02-10T00:00:00+00:00 проверяемого факта пока нет; overlap_wind_change=0.964m/s>=0.5.
2026-02-11 12:00:00+00:00,2026-02-09 18:00:00+00:00,42.0,10.61,2.8,0.975211111111111,0.991346876771208,0.975211111111111,baseline,turbine_2,2026-02-10 00:00:00+00:00,turbine_2: на 2026-02-10T00:00:00+00:00 проверяемого факта пока нет; overlap_wind_change=0.964m/s>=0.5.
2026-02-11 13:00:00+00:00,2026-02-09 18:00:00+00:00,43.0,10.28,2.1,0.9737444444444444,1.0,0.9737444444444444,baseline,turbine_2,2026-02-10 00:00:00+00:00,turbine_2: на 2026-02-10T00:00:00+00:00 проверяемого факта пока нет; overlap_wind_change=0.964m/s>=0.5.
2026-02-11 14:00:00+00:00,2026-02-09 18:00:00+00:00,44.0,9.82,1.7,0.9693111111111111,1.0,0.9693111111111111,baseline,turbine_2,2026-02-10 00:00:00+00:00,turbine_2: на 2026-02-10T00:00:00+00:00 проверяемого факта пока нет; overlap_wind_change=0.964m/s>=0.5.
2026-02-11 15:00:00+00:00,2026-02-09 18:00:00+00:00,45.0,9.88,1.2,0.9699111111111111,1.0,0.9699111111111111,baseline,turbine_2,2026-02-10 00:00:00+00:00,turbine_2: на 2026-02-10T00:00:00+00:00 проверяемого факта пока нет; overlap_wind_change=0.964m/s>=0.5.
2026-02-11 16:00:00+00:00,2026-02-09 18:00:00+00:00,46.0,9.69,1.2,0.9657444444444444,1.0,0.9657444444444444,baseline,turbine_2,2026-02-10 00:00:00+00:00,turbine_2: на 2026-02-10T00:00:00+00:00 проверяемого факта пока нет; overlap_wind_change=0.964m/s>=0.5.
2026-02-11 17:00:00+00:00,2026-02-09 18:00:00+00:00,47.0,9.58,1.1,0.9604888888888888,0.9794127719624128,0.9604888888888888,baseline,turbine_2,2026-02-10 00:00:00+00:00,turbine_2: на 2026-02-10T00:00:00+00:00 проверяемого факта пока нет; overlap_wind_change=0.964m/s>=0.5.
2026-02-11 18:00:00+00:00,2026-02-09 18:00:00+00:00,48.0,9.36,0.9,0.9499777777777777,0.9735820431005046,0.9499777777777777,baseline,turbine_2,2026-02-10 00:00:00+00:00,turbine_2: на 2026-02-10T00:00:00+00:00 проверяемого факта пока нет; overlap_wind_change=0.964m/s>=0.5.
2026-02-11 19:00:00+00:00,2026-02-09 18:00:00+00:00,49.0,8.13,0.7,0.7448444444444445,0.7593252795607084,0.7448444444444445,baseline,turbine_2,2026-02-10 00:00:00+00:00,turbine_2: на 2026-02-10T00:00:00+00:00 проверяемого факта пока нет; overlap_wind_change=0.964m/s>=0.5.
2026-02-11 20:00:00+00:00,2026-02-09 18:00:00+00:00,50.0,7.36,0.5,0.6043111111111111,0.6442553552661879,0.6043111111111111,baseline,turbine_2,2026-02-10 00:00:00+00:00,turbine_2: на 2026-02-10T00:00:00+00:00 проверяемого факта пока нет; overlap_wind_change=0.964m/s>=0.5.
2026-02-11 21:00:00+00:00,2026-02-09 18:00:00+00:00,51.0,7.56,0.3,0.628311111111111,0.6476704215664573,0.628311111111111,baseline,turbine_2,2026-02-10 00:00:00+00:00,turbine_2: на 2026-02-10T00:00:00+00:00 проверяемого факта пока нет; overlap_wind_change=0.964m/s>=0.5.
2026-02-11 22:00:00+00:00,2026-02-09 18:00:00+00:00,52.0,6.31,0.6,0.3815555555555554,0.6102057621721222,0.3815555555555554,baseline,turbine_2,2026-02-10 00:00:00+00:00,turbine_2: на 2026-02-10T00:00:00+00:00 проверяемого факта пока нет; overlap_wind_change=0.964m/s>=0.5.
2026-02-11 23:00:00+00:00,2026-02-09 18:00:00+00:00,53.0,6.54,0.5,0.42372222222222217,0.6179694087048787,0.42372222222222217,baseline,turbine_2,2026-02-10 00:00:00+00:00,turbine_2: на 2026-02-10T00:00:00+00:00 проверяемого факта пока нет; overlap_wind_change=0.964m/s>=0.5.
2026-02-12 00:00:00+00:00,2026-02-09 18:00:00+00:00,54.0,6.66,0.4,0.4457222222222222,0.596426685721361,0.4457222222222222,baseline,turbine_2,2026-02-10 00:00:00+00:00,turbine_2: на 2026-02-10T00:00:00+00:00 проверяемого факта пока нет; overlap_wind_change=0.964m/s>=0.5.
2026-02-11 01:00:00+00:00,2026-02-10 18:00:00+00:00,7.0,3.31,-0.2,0.046666666666666676,0.0,0.046666666666666676,baseline,turbine_1,2026-02-11 00:00:00+00:00,turbine_1: на 2026-02-11T00:00:00+00:00 проверяемого факта пока нет; overlap_wind_change=1.088m/s>=0.5.
2026-02-11 02:00:00+00:00,2026-02-10 18:00:00+00:00,8.0,4.88,1.2,0.1768,0.14431211742903827,0.1768,baseline,turbine_1,2026-02-11 00:00:00+00:00,turbine_1: на 2026-02-11T00:00:00+00:00 проверяемого факта пока нет; overlap_wind_change=1.088m/s>=0.5.
2026-02-11 03:00:00+00:00,2026-02-10 18:00:00+00:00,9.0,3.09,3.5,0.039122222222222225,0.0,0.039122222222222225,baseline,turbine_1,2026-02-11 00:00:00+00:00,turbine_1: на 2026-02-11T00:00:00+00:00 проверяемого факта пока нет; overlap_wind_change=1.088m/s>=0.5.
2026-02-11 04:00:00+00:00,2026-02-10 18:00:00+00:00,10.0,2.36,6.4,0.025444444444444443,0.0,0.025444444444444443,baseline,turbine_1,2026-02-11 00:00:00+00:00,turbine_1: на 2026-02-11T00:00:00+00:00 проверяемого факта пока нет; overlap_wind_change=1.088m/s>=0.5.
2026-02-11 05:00:00+00:00,2026-02-10 18:00:00+00:00,11.0,3.54,6.2,0.0626388888888889,0.0,0.0626388888888889,baseline,turbine_1,2026-02-11 00:00:00+00:00,turbine_1: на 2026-02-11T00:00:00+00:00 проверяемого факта пока нет; overlap_wind_change=1.088m/s>=0.5.
2026-02-11 06:00:00+00:00,2026-02-10 18:00:00+00:00,12.0,4.32,7.7,0.12717222222222224,0.06937011366979105,0.12717222222222224,baseline,turbine_1,2026-02-11 00:00:00+00:00,turbine_1: на 2026-02-11T00:00:00+00:00 проверяемого факта пока нет; overlap_wind_change=1.088m/s>=0.5.
2026-02-11 07:00:00+00:00,2026-02-10 18:00:00+00:00,13.0,3.7,9.2,0.07375000000000001,0.003981906633729746,0.07375000000000001,baseline,turbine_1,2026-02-11 00:00:00+00:00,turbine_1: на 2026-02-11T00:00:00+00:00 проверяемого факта пока нет; overlap_wind_change=1.088m/s>=0.5.
2026-02-11 08:00:00+00:00,2026-02-10 18:00:00+00:00,14.0,2.1,9.8,0.021361111111111112,0.07665444389220916,0.021361111111111112,baseline,turbine_1,2026-02-11 00:00:00+00:00,turbine_1: на 2026-02-11T00:00:00+00:00 проверяемого факта пока нет; overlap_wind_change=1.088m/s>=0.5.
2026-02-11 09:00:00+00:00,2026-02-10 18:00:00+00:00,15.0,7.4,10.7,0.6064722222222222,0.6229397331468837,0.6064722222222222,baseline,turbine_1,2026-02-11 00:00:00+00:00,turbine_1: на 2026-02-11T00:00:00+00:00 проверяемого факта пока нет; overlap_wind_change=1.088m/s>=0.5.
2026-02-11 10:00:00+00:00,2026-02-10 18:00:00+00:00,16.0,10.9,6.2,0.9849999999999999,0.8159005073382055,0.9849999999999999,baseline,turbine_1,2026-02-11 00:00:00+00:00,turbine_1: на 2026-02-11T00:00:00+00:00 проверяемого факта пока нет; overlap_wind_change=1.088m/s>=0.5.
2026-02-11 11:00:00+00:00,2026-02-10 18:00:00+00:00,17.0,11.7,4.9,0.9894999999999998,0.7214161725086576,0.9894999999999998,baseline,turbine_1,2026-02-11 00:00:00+00:00,turbine_1: на 2026-02-11T00:00:00+00:00 проверяемого факта пока нет; overlap_wind_change=1.088m/s>=0.5.
2026-02-11 12:00:00+00:00,2026-02-10 18:00:00+00:00,18.0,10.97,3.3,0.9849999999999999,0.7731612208591829,0.9849999999999999,baseline,turbine_1,2026-02-11 00:00:00+00:00,turbine_1: на 2026-02-11T00:00:00+00:00 проверяемого факта пока нет; overlap_wind_change=1.088m/s>=0.5.
2026-02-11 13:00:00+00:00,2026-02-10 18:00:00+00:00,19.0,9.78,3.1,0.9809,0.806225450460505,0.9809,baseline,turbine_1,2026-02-11 00:00:00+00:00,turbine_1: на 2026-02-11T00:00:00+00:00 проверяемого факта пока нет; overlap_wind_change=1.088m/s>=0.5.
2026-02-11 14:00:00+00:00,2026-02-10 18:00:00+00:00,20.0,9.26,2.7,0.9544277777777778,0.7899544860109837,0.9544277777777778,baseline,turbine_1,2026-02-11 00:00:00+00:00,turbine_1: на 2026-02-11T00:00:00+00:00 проверяемого факта пока нет; overlap_wind_change=1.088m/s>=0.5.
2026-02-11 15:00:00+00:00,2026-02-10 18:00:00+00:00,21.0,10.3,1.9,0.98225,0.8806551943443948,0.98225,baseline,turbine_1,2026-02-11 00:00:00+00:00,turbine_1: на 2026-02-11T00:00:00+00:00 проверяемого факта пока нет; overlap_wind_change=1.088m/s>=0.5.
2026-02-11 16:00:00+00:00,2026-02-10 18:00:00+00:00,22.0,8.76,1.5,0.8616055555555555,0.7889926800382359,0.8616055555555555,baseline,turbine_1,2026-02-11 00:00:00+00:00,turbine_1: на 2026-02-11T00:00:00+00:00 проверяемого факта пока нет; overlap_wind_change=1.088m/s>=0.5.
2026-02-11 17:00:00+00:00,2026-02-10 18:00:00+00:00,23.0,7.82,1.1,0.6656611111111111,0.6648772880401281,0.6656611111111111,baseline,turbine_1,2026-02-11 00:00:00+00:00,turbine_1: на 2026-02-11T00:00:00+00:00 проверяемого факта пока нет; overlap_wind_change=1.088m/s>=0.5.
2026-02-11 18:00:00+00:00,2026-02-10 18:00:00+00:00,24.0,7.11,1.1,0.5556222222222222,0.6577079637792386,0.5556222222222222,baseline,turbine_1,2026-02-11 00:00:00+00:00,turbine_1: на 2026-02-11T00:00:00+00:00 проверяемого факта пока нет; overlap_wind_change=1.088m/s>=0.5.
2026-02-11 19:00:00+00:00,2026-02-10 18:00:00+00:00,25.0,6.78,0.9,0.4791722222222222,0.6545315563863832,0.4791722222222222,baseline,turbine_1,2026-02-11 00:00:00+00:00,turbine_1: на 2026-02-11T00:00:00+00:00 проверяемого факта пока нет; overlap_wind_change=1.088m/s>=0.5.
2026-02-11 20:00:00+00:00,2026-02-10 18:00:00+00:00,26.0,7.0,0.7,0.5301388888888888,0.6063865155457255,0.5301388888888888,baseline,turbine_1,2026-02-11 00:00:00+00:00,turbine_1: на 2026-02-11T00:00:00+00:00 проверяемого факта пока нет; overlap_wind_change=1.088m/s>=0.5.
2026-02-11 21:00:00+00:00,2026-02-10 18:00:00+00:00,27.0,7.2,1.2,0.5764722222222223,0.5628332228657326,0.5764722222222223,baseline,turbine_1,2026-02-11 00:00:00+00:00,turbine_1: на 2026-02-11T00:00:00+00:00 проверяемого факта пока нет; overlap_wind_change=1.088m/s>=0.5.
2026-02-11 22:00:00+00:00,2026-02-10 18:00:00+00:00,28.0,6.49,1.5,0.4199333333333333,0.5908921527743208,0.4199333333333333,baseline,turbine_1,2026-02-11 00:00:00+00:00,turbine_1: на 2026-02-11T00:00:00+00:00 проверяемого факта пока нет; overlap_wind_change=1.088m/s>=0.5.
2026-02-11 23:00:00+00:00,2026-02-10 18:00:00+00:00,29.0,6.15,1.1,0.3494444444444445,0.43730762950621355,0.3494444444444445,baseline,turbine_1,2026-02-11 00:00:00+00:00,turbine_1: на 2026-02-11T00:00:00+00:00 проверяемого факта пока нет; overlap_wind_change=1.088m/s>=0.5.
2026-02-12 00:00:00+00:00,2026-02-10 18:00:00+00:00,30.0,5.8,0.8,0.27166666666666667,0.35788292953850076,0.27166666666666667,baseline,turbine_1,2026-02-11 00:00:00+00:00,turbine_1: на 2026-02-11T00:00:00+00:00 проверяемого факта пока нет; overlap_wind_change=1.088m/s>=0.5.
2026-02-12 01:00:00+00:00,2026-02-10 18:00:00+00:00,31.0,4.74,0.6,0.16520555555555558,0.21211562522960548,0.16520555555555558,baseline,turbine_1,2026-02-11 00:00:00+00:00,turbine_1: на 2026-02-11T00:00:00+00:00 проверяемого факта пока нет; overlap_wind_change=1.088m/s>=0.5.
2026-02-12 02:00:00+00:00,2026-02-10 18:00:00+00:00,32.0,3.34,0.3,0.048749999999999995,0.13809735480799257,0.048749999999999995,baseline,turbine_1,2026-02-11 00:00:00+00:00,turbine_1: на 2026-02-11T00:00:00+00:00 проверяемого факта пока нет; overlap_wind_change=1.088m/s>=0.5.
2026-02-12 03:00:00+00:00,2026-02-10 18:00:00+00:00,33.0,3.22,0.5,0.04186666666666668,0.1298509649152274,0.04186666666666668,baseline,turbine_1,2026-02-11 00:00:00+00:00,turbine_1: на 2026-02-11T00:00:00+00:00 проверяемого факта пока нет; overlap_wind_change=1.088m/s>=0.5.
2026-02-12 04:00:00+00:00,2026-02-10 18:00:00+00:00,34.0,1.9,0.6,0.018361111111111113,0.08607619552993048,0.018361111111111113,baseline,turbine_1,2026-02-11 00:00:00+00:00,turbine_1: на 2026-02-11T00:00:00+00:00 проверяемого факта пока нет; overlap_wind_change=1.088m/s>=0.5.
2026-02-12 05:00:00+00:00,2026-02-10 18:00:00+00:00,35.0,1.99,1.7,0.019711111111111113,0.07918482749970625,0.019711111111111113,baseline,turbine_1,2026-02-11 00:00:00+00:00,turbine_1: на 2026-02-11T00:00:00+00:00 проверяемого факта пока нет; overlap_wind_change=1.088m/s>=0.5.
2026-02-12 06:00:00+00:00,2026-02-10 18:00:00+00:00,36.0,1.75,1.9,0.016111111111111114,0.08171725435261916,0.016111111111111114,baseline,turbine_1,2026-02-11 00:00:00+00:00,turbine_1: на 2026-02-11T00:00:00+00:00 проверяемого факта пока нет; overlap_wind_change=1.088m/s>=0.5.
2026-02-12 07:00:00+00:00,2026-02-10 18:00:00+00:00,37.0,2.22,3.0,0.023161111111111115,0.10454811618253841,0.023161111111111115,baseline,turbine_1,2026-02-11 00:00:00+00:00,turbine_1: на 2026-02-11T00:00:00+00:00 проверяемого факта пока нет; overlap_wind_change=1.088m/s>=0.5.
2026-02-12 08:00:00+00:00,2026-02-10 18:00:00+00:00,38.0,1.87,3.2,0.017911111111111114,0.1079463184864368,0.017911111111111114,baseline,turbine_1,2026-02-11 00:00:00+00:00,turbine_1: на 2026-02-11T00:00:00+00:00 проверяемого факта пока нет; overlap_wind_change=1.088m/s>=0.5.
2026-02-12 09:00:00+00:00,2026-02-10 18:00:00+00:00,39.0,2.21,3.3,0.02301111111111111,0.11713163882216947,0.02301111111111111,baseline,turbine_1,2026-02-11 00:00:00+00:00,turbine_1: на 2026-02-11T00:00:00+00:00 проверяемого факта пока нет; overlap_wind_change=1.088m/s>=0.5.
2026-02-12 10:00:00+00:00,2026-02-10 18:00:00+00:00,40.0,2.33,3.2,0.024944444444444446,0.11713163882216947,0.024944444444444446,baseline,turbine_1,2026-02-11 00:00:00+00:00,turbine_1: на 2026-02-11T00:00:00+00:00 проверяемого факта пока нет; overlap_wind_change=1.088m/s>=0.5.
2026-02-12 11:00:00+00:00,2026-02-10 18:00:00+00:00,41.0,2.14,2.0,0.021961111111111112,0.11292838519627406,0.021961111111111112,baseline,turbine_1,2026-02-11 00:00:00+00:00,turbine_1: на 2026-02-11T00:00:00+00:00 проверяемого факта пока нет; overlap_wind_change=1.088m/s>=0.5.
2026-02-12 12:00:00+00:00,2026-02-10 18:00:00+00:00,42.0,3.37,0.6,0.05083333333333334,0.16599899235284538,0.05083333333333334,baseline,turbine_1,2026-02-11 00:00:00+00:00,turbine_1: на 2026-02-11T00:00:00+00:00 проверяемого факта пока нет; overlap_wind_change=1.088m/s>=0.5.
2026-02-12 13:00:00+00:00,2026-02-10 18:00:00+00:00,43.0,4.54,-0.1,0.14709444444444444,0.24867619444476705,0.14709444444444444,baseline,turbine_1,2026-02-11 00:00:00+00:00,turbine_1: на 2026-02-11T00:00:00+00:00 проверяемого факта пока нет; overlap_wind_change=1.088m/s>=0.5.
2026-02-12 14:00:00+00:00,2026-02-10 18:00:00+00:00,44.0,5.52,-0.1,0.2360222222222222,0.34764461698851196,0.2360222222222222,baseline,turbine_1,2026-02-11 00:00:00+00:00,turbine_1: на 2026-02-11T00:00:00+00:00 проверяемого факта пока нет; overlap_wind_change=1.088m/s>=0.5.
2026-02-12 15:00:00+00:00,2026-02-10 18:00:00+00:00,45.0,4.28,-0.1,0.12355000000000002,0.21331791962884075,0.12355000000000002,baseline,turbine_1,2026-02-11 00:00:00+00:00,turbine_1: на 2026-02-11T00:00:00+00:00 проверяемого факта пока нет; overlap_wind_change=1.088m/s>=0.5.
2026-02-12 16:00:00+00:00,2026-02-10 18:00:00+00:00,46.0,3.67,-0.1,0.07166666666666666,0.15383452490065105,0.07166666666666666,baseline,turbine_1,2026-02-11 00:00:00+00:00,turbine_1: на 2026-02-11T00:00:00+00:00 проверяемого факта пока нет; overlap_wind_change=1.088m/s>=0.5.
2026-02-12 17:00:00+00:00,2026-02-10 18:00:00+00:00,47.0,3.7,-0.3,0.07375000000000001,0.1634997708704162,0.07375000000000001,baseline,turbine_1,2026-02-11 00:00:00+00:00,turbine_1: на 2026-02-11T00:00:00+00:00 проверяемого факта пока нет; overlap_wind_change=1.088m/s>=0.5.
2026-02-12 18:00:00+00:00,2026-02-10 18:00:00+00:00,48.0,1.92,-0.8,0.01866111111111111,0.09734786712531414,0.01866111111111111,baseline,turbine_1,2026-02-11 00:00:00+00:00,turbine_1: на 2026-02-11T00:00:00+00:00 проверяемого факта пока нет; overlap_wind_change=1.088m/s>=0.5.
2026-02-12 19:00:00+00:00,2026-02-10 18:00:00+00:00,49.0,2.44,-1.5,0.02677777777777778,0.10130861071963514,0.02677777777777778,baseline,turbine_1,2026-02-11 00:00:00+00:00,turbine_1: на 2026-02-11T00:00:00+00:00 проверяемого факта пока нет; overlap_wind_change=1.088m/s>=0.5.
2026-02-12 20:00:00+00:00,2026-02-10 18:00:00+00:00,50.0,2.78,-2.6,0.032577777777777775,0.09652133135644954,0.032577777777777775,baseline,turbine_1,2026-02-11 00:00:00+00:00,turbine_1: на 2026-02-11T00:00:00+00:00 проверяемого факта пока нет; overlap_wind_change=1.088m/s>=0.5.
2026-02-12 21:00:00+00:00,2026-02-10 18:00:00+00:00,51.0,2.3,-2.5,0.024444444444444442,0.0838173368173203,0.024444444444444442,baseline,turbine_1,2026-02-11 00:00:00+00:00,turbine_1: на 2026-02-11T00:00:00+00:00 проверяемого факта пока нет; overlap_wind_change=1.088m/s>=0.5.
2026-02-12 22:00:00+00:00,2026-02-10 18:00:00+00:00,52.0,1.59,-2.6,0.015755555555555557,0.08123544264020074,0.015755555555555557,baseline,turbine_1,2026-02-11 00:00:00+00:00,turbine_1: на 2026-02-11T00:00:00+00:00 проверяемого факта пока нет; overlap_wind_change=1.088m/s>=0.5.
2026-02-12 23:00:00+00:00,2026-02-10 18:00:00+00:00,53.0,0.87,-2.8,0.0112,0.036972501884095406,0.0112,baseline,turbine_1,2026-02-11 00:00:00+00:00,turbine_1: на 2026-02-11T00:00:00+00:00 проверяемого факта пока нет; overlap_wind_change=1.088m/s>=0.5.
2026-02-13 00:00:00+00:00,2026-02-10 18:00:00+00:00,54.0,2.05,-3.0,0.020611111111111108,0.08700046960747006,0.020611111111111108,baseline,turbine_1,2026-02-11 00:00:00+00:00,turbine_1: на 2026-02-11T00:00:00+00:00 проверяемого факта пока нет; overlap_wind_change=1.088m/s>=0.5.
2026-02-11 01:00:00+00:00,2026-02-10 18:00:00+00:00,7.0,3.31,-0.2,0.039588888888888896,0.0,0.039588888888888896,baseline,turbine_2,2026-02-11 00:00:00+00:00,turbine_2: на 2026-02-11T00:00:00+00:00 проверяемого факта пока нет; overlap_wind_change=1.088m/s>=0.5.
2026-02-11 02:00:00+00:00,2026-02-10 18:00:00+00:00,8.0,4.88,1.2,0.15925,0.13281309497918606,0.15925,baseline,turbine_2,2026-02-11 00:00:00+00:00,turbine_2: на 2026-02-11T00:00:00+00:00 проверяемого факта пока нет; overlap_wind_change=1.088m/s>=0.5.
2026-02-11 03:00:00+00:00,2026-02-10 18:00:00+00:00,9.0,3.09,3.5,0.03253333333333333,0.010836404096727942,0.03253333333333333,baseline,turbine_2,2026-02-11 00:00:00+00:00,turbine_2: на 2026-02-11T00:00:00+00:00 проверяемого факта пока нет; overlap_wind_change=1.088m/s>=0.5.
2026-02-11 04:00:00+00:00,2026-02-10 18:00:00+00:00,10.0,2.36,6.4,0.022211111111111112,0.008786837755179553,0.022211111111111112,baseline,turbine_2,2026-02-11 00:00:00+00:00,turbine_2: на 2026-02-11T00:00:00+00:00 проверяемого факта пока нет; overlap_wind_change=1.088m/s>=0.5.
2026-02-11 05:00:00+00:00,2026-02-10 18:00:00+00:00,11.0,3.54,6.2,0.05505,0.024125585436055256,0.05505,baseline,turbine_2,2026-02-11 00:00:00+00:00,turbine_2: на 2026-02-11T00:00:00+00:00 проверяемого факта пока нет; overlap_wind_change=1.088m/s>=0.5.
2026-02-11 06:00:00+00:00,2026-02-10 18:00:00+00:00,12.0,4.32,7.7,0.11198333333333337,0.09764029856244741,0.11198333333333337,baseline,turbine_2,2026-02-11 00:00:00+00:00,turbine_2: на 2026-02-11T00:00:00+00:00 проверяемого факта пока нет; overlap_wind_change=1.088m/s>=0.5.
2026-02-11 07:00:00+00:00,2026-02-10 18:00:00+00:00,13.0,3.7,9.2,0.06580555555555558,0.06204382700698057,0.06580555555555558,baseline,turbine_2,2026-02-11 00:00:00+00:00,turbine_2: на 2026-02-11T00:00:00+00:00 проверяемого факта пока нет; overlap_wind_change=1.088m/s>=0.5.
2026-02-11 08:00:00+00:00,2026-02-10 18:00:00+00:00,14.0,2.1,9.8,0.019444444444444445,0.11370828896380311,0.019444444444444445,baseline,turbine_2,2026-02-11 00:00:00+00:00,turbine_2: на 2026-02-11T00:00:00+00:00 проверяемого факта пока нет; overlap_wind_change=1.088m/s>=0.5.
2026-02-11 09:00:00+00:00,2026-02-10 18:00:00+00:00,15.0,7.4,10.7,0.609111111111111,0.6723255274954871,0.609111111111111,baseline,turbine_2,2026-02-11 00:00:00+00:00,turbine_2: на 2026-02-11T00:00:00+00:00 проверяемого факта пока нет; overlap_wind_change=1.088m/s>=0.5.
2026-02-11 10:00:00+00:00,2026-02-10 18:00:00+00:00,16.0,10.9,6.2,0.97625,0.8667034118658313,0.97625,baseline,turbine_2,2026-02-11 00:00:00+00:00,turbine_2: на 2026-02-11T00:00:00+00:00 проверяемого факта пока нет; overlap_wind_change=1.088m/s>=0.5.
2026-02-11 11:00:00+00:00,2026-02-10 18:00:00+00:00,17.0,11.7,4.9,0.9762222222222222,0.7906256640732405,0.9762222222222222,baseline,turbine_2,2026-02-11 00:00:00+00:00,turbine_2: на 2026-02-11T00:00:00+00:00 проверяемого факта пока нет; overlap_wind_change=1.088m/s>=0.5.
2026-02-11 12:00:00+00:00,2026-02-10 18:00:00+00:00,18.0,10.97,3.3,0.9764444444444443,0.9028458943765738,0.9764444444444443,baseline,turbine_2,2026-02-11 00:00:00+00:00,turbine_2: на 2026-02-11T00:00:00+00:00 проверяемого факта пока нет; overlap_wind_change=1.088m/s>=0.5.
2026-02-11 13:00:00+00:00,2026-02-10 18:00:00+00:00,19.0,9.78,3.1,0.9689111111111111,0.9765161620277195,0.9689111111111111,baseline,turbine_2,2026-02-11 00:00:00+00:00,turbine_2: на 2026-02-11T00:00:00+00:00 проверяемого факта пока нет; overlap_wind_change=1.088m/s>=0.5.
2026-02-11 14:00:00+00:00,2026-02-10 18:00:00+00:00,20.0,9.26,2.7,0.9451999999999999,0.9755839816988516,0.9451999999999999,baseline,turbine_2,2026-02-11 00:00:00+00:00,turbine_2: на 2026-02-11T00:00:00+00:00 проверяемого факта пока нет; overlap_wind_change=1.088m/s>=0.5.
2026-02-11 15:00:00+00:00,2026-02-10 18:00:00+00:00,21.0,10.3,1.9,0.9738333333333333,1.0,0.9738333333333333,baseline,turbine_2,2026-02-11 00:00:00+00:00,turbine_2: на 2026-02-11T00:00:00+00:00 проверяемого факта пока нет; overlap_wind_change=1.088m/s>=0.5.
2026-02-11 16:00:00+00:00,2026-02-10 18:00:00+00:00,22.0,8.76,1.5,0.8513499999999998,0.9293595087698587,0.8513499999999998,baseline,turbine_2,2026-02-11 00:00:00+00:00,turbine_2: на 2026-02-11T00:00:00+00:00 проверяемого факта пока нет; overlap_wind_change=1.088m/s>=0.5.
2026-02-11 17:00:00+00:00,2026-02-10 18:00:00+00:00,23.0,7.82,1.1,0.6683777777777778,0.744998380002684,0.6683777777777778,baseline,turbine_2,2026-02-11 00:00:00+00:00,turbine_2: на 2026-02-11T00:00:00+00:00 проверяемого факта пока нет; overlap_wind_change=1.088m/s>=0.5.
2026-02-11 18:00:00+00:00,2026-02-10 18:00:00+00:00,24.0,7.11,1.1,0.5550222222222222,0.7108177237622604,0.5550222222222222,baseline,turbine_2,2026-02-11 00:00:00+00:00,turbine_2: на 2026-02-11T00:00:00+00:00 проверяемого факта пока нет; overlap_wind_change=1.088m/s>=0.5.
2026-02-11 19:00:00+00:00,2026-02-10 18:00:00+00:00,25.0,6.78,0.9,0.4699555555555555,0.7031014550559935,0.4699555555555555,baseline,turbine_2,2026-02-11 00:00:00+00:00,turbine_2: на 2026-02-11T00:00:00+00:00 проверяемого факта пока нет; overlap_wind_change=1.088m/s>=0.5.
2026-02-11 20:00:00+00:00,2026-02-10 18:00:00+00:00,26.0,7.0,0.7,0.5266666666666666,0.5832378177088363,0.5266666666666666,baseline,turbine_2,2026-02-11 00:00:00+00:00,turbine_2: на 2026-02-11T00:00:00+00:00 проверяемого факта пока нет; overlap_wind_change=1.088m/s>=0.5.
2026-02-11 21:00:00+00:00,2026-02-10 18:00:00+00:00,27.0,7.2,1.2,0.5782222222222222,0.5723700142830869,0.5782222222222222,baseline,turbine_2,2026-02-11 00:00:00+00:00,turbine_2: на 2026-02-11T00:00:00+00:00 проверяемого факта пока нет; overlap_wind_change=1.088m/s>=0.5.
2026-02-11 22:00:00+00:00,2026-02-10 18:00:00+00:00,28.0,6.49,1.5,0.41455555555555557,0.606414788770398,0.41455555555555557,baseline,turbine_2,2026-02-11 00:00:00+00:00,turbine_2: на 2026-02-11T00:00:00+00:00 проверяемого факта пока нет; overlap_wind_change=1.088m/s>=0.5.
2026-02-11 23:00:00+00:00,2026-02-10 18:00:00+00:00,29.0,6.15,1.1,0.34827777777777785,0.4445782553680413,0.34827777777777785,baseline,turbine_2,2026-02-11 00:00:00+00:00,turbine_2: на 2026-02-11T00:00:00+00:00 проверяемого факта пока нет; overlap_wind_change=1.088m/s>=0.5.
2026-02-12 00:00:00+00:00,2026-02-10 18:00:00+00:00,30.0,5.8,0.8,0.2703055555555556,0.3877038502548425,0.2703055555555556,baseline,turbine_2,2026-02-11 00:00:00+00:00,turbine_2: на 2026-02-11T00:00:00+00:00 проверяемого факта пока нет; overlap_wind_change=1.088m/s>=0.5.
2026-02-12 01:00:00+00:00,2026-02-10 18:00:00+00:00,31.0,4.74,0.6,0.14721666666666672,0.23034170350663455,0.14721666666666672,baseline,turbine_2,2026-02-11 00:00:00+00:00,turbine_2: на 2026-02-11T00:00:00+00:00 проверяемого факта пока нет; overlap_wind_change=1.088m/s>=0.5.
2026-02-12 02:00:00+00:00,2026-02-10 18:00:00+00:00,32.0,3.34,0.3,0.04160555555555555,0.15633624957268666,0.04160555555555555,baseline,turbine_2,2026-02-11 00:00:00+00:00,turbine_2: на 2026-02-11T00:00:00+00:00 проверяемого факта пока нет; overlap_wind_change=1.088m/s>=0.5.
2026-02-12 03:00:00+00:00,2026-02-10 18:00:00+00:00,33.0,3.22,0.5,0.034988888888888896,0.15226282663360435,0.034988888888888896,baseline,turbine_2,2026-02-11 00:00:00+00:00,turbine_2: на 2026-02-11T00:00:00+00:00 проверяемого факта пока нет; overlap_wind_change=1.088m/s>=0.5.
2026-02-12 04:00:00+00:00,2026-02-10 18:00:00+00:00,34.0,1.9,0.6,0.01722222222222222,0.11032919285898843,0.01722222222222222,baseline,turbine_2,2026-02-11 00:00:00+00:00,turbine_2: на 2026-02-11T00:00:00+00:00 проверяемого факта пока нет; overlap_wind_change=1.088m/s>=0.5.
2026-02-12 05:00:00+00:00,2026-02-10 18:00:00+00:00,35.0,1.99,1.7,0.018222222222222223,0.12508969604888623,0.018222222222222223,baseline,turbine_2,2026-02-11 00:00:00+00:00,turbine_2: на 2026-02-11T00:00:00+00:00 проверяемого факта пока нет; overlap_wind_change=1.088m/s>=0.5.
2026-02-12 06:00:00+00:00,2026-02-10 18:00:00+00:00,36.0,1.75,1.9,0.015555555555555553,0.11979846314009093,0.015555555555555553,baseline,turbine_2,2026-02-11 00:00:00+00:00,turbine_2: на 2026-02-11T00:00:00+00:00 проверяемого факта пока нет; overlap_wind_change=1.088m/s>=0.5.
2026-02-12 07:00:00+00:00,2026-02-10 18:00:00+00:00,37.0,2.22,3.0,0.02077777777777778,0.11740559582634028,0.02077777777777778,baseline,turbine_2,2026-02-11 00:00:00+00:00,turbine_2: на 2026-02-11T00:00:00+00:00 проверяемого факта пока нет; overlap_wind_change=1.088m/s>=0.5.
2026-02-12 08:00:00+00:00,2026-02-10 18:00:00+00:00,38.0,1.87,3.2,0.016888888888888887,0.1187989833576627,0.016888888888888887,baseline,turbine_2,2026-02-11 00:00:00+00:00,turbine_2: на 2026-02-11T00:00:00+00:00 проверяемого факта пока нет; overlap_wind_change=1.088m/s>=0.5.
2026-02-12 09:00:00+00:00,2026-02-10 18:00:00+00:00,39.0,2.21,3.3,0.020666666666666667,0.12401130415416431,0.020666666666666667,baseline,turbine_2,2026-02-11 00:00:00+00:00,turbine_2: на 2026-02-11T00:00:00+00:00 проверяемого факта пока нет; overlap_wind_change=1.088m/s>=0.5.
2026-02-12 10:00:00+00:00,2026-02-10 18:00:00+00:00,40.0,2.33,3.2,0.021911111111111114,0.12678915537521995,0.021911111111111114,baseline,turbine_2,2026-02-11 00:00:00+00:00,turbine_2: на 2026-02-11T00:00:00+00:00 проверяемого факта пока нет; overlap_wind_change=1.088m/s>=0.5.
2026-02-12 11:00:00+00:00,2026-02-10 18:00:00+00:00,41.0,2.14,2.0,0.01988888888888889,0.13378012069388834,0.01988888888888889,baseline,turbine_2,2026-02-11 00:00:00+00:00,turbine_2: на 2026-02-11T00:00:00+00:00 проверяемого факта пока нет; overlap_wind_change=1.088m/s>=0.5.
2026-02-12 12:00:00+00:00,2026-02-10 18:00:00+00:00,42.0,3.37,0.6,0.04362222222222223,0.18039522446354891,0.04362222222222223,baseline,turbine_2,2026-02-11 00:00:00+00:00,turbine_2: на 2026-02-11T00:00:00+00:00 проверяемого факта пока нет; overlap_wind_change=1.088m/s>=0.5.
2026-02-12 13:00:00+00:00,2026-02-10 18:00:00+00:00,43.0,4.54,-0.1,0.1304388888888889,0.24704880557698172,0.1304388888888889,baseline,turbine_2,2026-02-11 00:00:00+00:00,turbine_2: на 2026-02-11T00:00:00+00:00 проверяемого факта пока нет; overlap_wind_change=1.088m/s>=0.5.
2026-02-12 14:00:00+00:00,2026-02-10 18:00:00+00:00,44.0,5.52,-0.1,0.22786111111111107,0.38088421671150624,0.22786111111111107,baseline,turbine_2,2026-02-11 00:00:00+00:00,turbine_2: на 2026-02-11T00:00:00+00:00 проверяемого факта пока нет; overlap_wind_change=1.088m/s>=0.5.
2026-02-12 15:00:00+00:00,2026-02-10 18:00:00+00:00,45.0,4.28,-0.1,0.10862777777777781,0.23038315907155368,0.10862777777777781,baseline,turbine_2,2026-02-11 00:00:00+00:00,turbine_2: на 2026-02-11T00:00:00+00:00 проверяемого факта пока нет; overlap_wind_change=1.088m/s>=0.5.
2026-02-12 16:00:00+00:00,2026-02-10 18:00:00+00:00,46.0,3.67,-0.1,0.06378888888888888,0.15389855815191214,0.06378888888888888,baseline,turbine_2,2026-02-11 00:00:00+00:00,turbine_2: на 2026-02-11T00:00:00+00:00 проверяемого факта пока нет; overlap_wind_change=1.088m/s>=0.5.
2026-02-12 17:00:00+00:00,2026-02-10 18:00:00+00:00,47.0,3.7,-0.3,0.06580555555555558,0.1510246399671767,0.06580555555555558,baseline,turbine_2,2026-02-11 00:00:00+00:00,turbine_2: на 2026-02-11T00:00:00+00:00 проверяемого факта пока нет; overlap_wind_change=1.088m/s>=0.5.
2026-02-12 18:00:00+00:00,2026-02-10 18:00:00+00:00,48.0,1.92,-0.8,0.017444444444444443,0.10722829795223868,0.017444444444444443,baseline,turbine_2,2026-02-11 00:00:00+00:00,turbine_2: на 2026-02-11T00:00:00+00:00 проверяемого факта пока нет; overlap_wind_change=1.088m/s>=0.5.
2026-02-12 19:00:00+00:00,2026-02-10 18:00:00+00:00,49.0,2.44,-1.5,0.02301111111111111,0.1087179042489328,0.02301111111111111,baseline,turbine_2,2026-02-11 00:00:00+00:00,turbine_2: на 2026-02-11T00:00:00+00:00 проверяемого факта пока нет; overlap_wind_change=1.088m/s>=0.5.
2026-02-12 20:00:00+00:00,2026-02-10 18:00:00+00:00,50.0,2.78,-2.6,0.026677777777777776,0.11216732470187381,0.026677777777777776,baseline,turbine_2,2026-02-11 00:00:00+00:00,turbine_2: на 2026-02-11T00:00:00+00:00 проверяемого факта пока нет; overlap_wind_change=1.088m/s>=0.5.
2026-02-12 21:00:00+00:00,2026-02-10 18:00:00+00:00,51.0,2.3,-2.5,0.02161111111111111,0.10598956575711374,0.02161111111111111,baseline,turbine_2,2026-02-11 00:00:00+00:00,turbine_2: на 2026-02-11T00:00:00+00:00 проверяемого факта пока нет; overlap_wind_change=1.088m/s>=0.5.
2026-02-12 22:00:00+00:00,2026-02-10 18:00:00+00:00,52.0,1.59,-2.6,0.015022222222222222,0.10644636286703649,0.015022222222222222,baseline,turbine_2,2026-02-11 00:00:00+00:00,turbine_2: на 2026-02-11T00:00:00+00:00 проверяемого факта пока нет; overlap_wind_change=1.088m/s>=0.5.
2026-02-12 23:00:00+00:00,2026-02-10 18:00:00+00:00,53.0,0.87,-2.8,0.010933333333333333,0.0716896548937234,0.010933333333333333,baseline,turbine_2,2026-02-11 00:00:00+00:00,turbine_2: на 2026-02-11T00:00:00+00:00 проверяемого факта пока нет; overlap_wind_change=1.088m/s>=0.5.
2026-02-13 00:00:00+00:00,2026-02-10 18:00:00+00:00,54.0,2.05,-3.0,0.018888888888888886,0.0860079897137959,0.018888888888888886,baseline,turbine_2,2026-02-11 00:00:00+00:00,turbine_2: на 2026-02-11T00:00:00+00:00 проверяемого факта пока нет; overlap_wind_change=1.088m/s>=0.5.
2026-02-12 01:00:00+00:00,2026-02-11 18:00:00+00:00,7.0,3.76,-0.7,0.07809444444444442,0.0,0.07809444444444442,baseline,turbine_1,2026-02-12 00:00:00+00:00,turbine_1: на 2026-02-12T00:00:00+00:00 проверяемого факта пока нет; overlap_wind_change=0.865m/s>=0.5.
2026-02-12 02:00:00+00:00,2026-02-11 18:00:00+00:00,8.0,1.72,-0.7,0.016044444444444448,0.0,0.016044444444444448,baseline,turbine_1,2026-02-12 00:00:00+00:00,turbine_1: на 2026-02-12T00:00:00+00:00 проверяемого факта пока нет; overlap_wind_change=0.865m/s>=0.5.
2026-02-12 03:00:00+00:00,2026-02-11 18:00:00+00:00,9.0,1.52,-0.4,0.015600000000000001,0.0,0.015600000000000001,baseline,turbine_1,2026-02-12 00:00:00+00:00,turbine_1: на 2026-02-12T00:00:00+00:00 проверяемого факта пока нет; overlap_wind_change=0.865m/s>=0.5.
2026-02-12 04:00:00+00:00,2026-02-11 18:00:00+00:00,10.0,1.73,-0.4,0.01606666666666667,0.0,0.01606666666666667,baseline,turbine_1,2026-02-12 00:00:00+00:00,turbine_1: на 2026-02-12T00:00:00+00:00 проверяемого факта пока нет; overlap_wind_change=0.865m/s>=0.5.
2026-02-12 05:00:00+00:00,2026-02-11 18:00:00+00:00,11.0,2.51,-0.1,0.027944444444444442,0.0,0.027944444444444442,baseline,turbine_1,2026-02-12 00:00:00+00:00,turbine_1: на 2026-02-12T00:00:00+00:00 проверяемого факта пока нет; overlap_wind_change=0.865m/s>=0.5.
2026-02-12 06:00:00+00:00,2026-02-11 18:00:00+00:00,12.0,2.95,1.8,0.03616666666666667,0.0,0.03616666666666667,baseline,turbine_1,2026-02-12 00:00:00+00:00,turbine_1: на 2026-02-12T00:00:00+00:00 проверяемого факта пока нет; overlap_wind_change=0.865m/s>=0.5.
2026-02-12 07:00:00+00:00,2026-02-11 18:00:00+00:00,13.0,3.41,2.9,0.05361111111111112,0.007620604857019605,0.05361111111111112,baseline,turbine_1,2026-02-12 00:00:00+00:00,turbine_1: на 2026-02-12T00:00:00+00:00 проверяемого факта пока нет; overlap_wind_change=0.865m/s>=0.5.
2026-02-12 08:00:00+00:00,2026-02-11 18:00:00+00:00,14.0,2.34,3.5,0.02511111111111111,0.096440259702215,0.02511111111111111,baseline,turbine_1,2026-02-12 00:00:00+00:00,turbine_1: на 2026-02-12T00:00:00+00:00 проверяемого факта пока нет; overlap_wind_change=0.865m/s>=0.5.
2026-02-12 09:00:00+00:00,2026-02-11 18:00:00+00:00,15.0,1.39,3.3,0.015311111111111112,0.08381365887423621,0.015311111111111112,baseline,turbine_1,2026-02-12 00:00:00+00:00,turbine_1: на 2026-02-12T00:00:00+00:00 проверяемого факта пока нет; overlap_wind_change=0.865m/s>=0.5.
2026-02-12 10:00:00+00:00,2026-02-11 18:00:00+00:00,16.0,0.64,3.3,0.01,0.05238568401194739,0.01,baseline,turbine_1,2026-02-12 00:00:00+00:00,turbine_1: на 2026-02-12T00:00:00+00:00 проверяемого факта пока нет; overlap_wind_change=0.865m/s>=0.5.
2026-02-12 11:00:00+00:00,2026-02-11 18:00:00+00:00,17.0,3.89,2.2,0.08943333333333334,0.14665830425954185,0.08943333333333334,baseline,turbine_1,2026-02-12 00:00:00+00:00,turbine_1: на 2026-02-12T00:00:00+00:00 проверяемого факта пока нет; overlap_wind_change=0.865m/s>=0.5.
2026-02-12 12:00:00+00:00,2026-02-11 18:00:00+00:00,18.0,4.22,0.4,0.11821666666666665,0.23876679400752054,0.11821666666666665,baseline,turbine_1,2026-02-12 00:00:00+00:00,turbine_1: на 2026-02-12T00:00:00+00:00 проверяемого факта пока нет; overlap_wind_change=0.865m/s>=0.5.
2026-02-12 13:00:00+00:00,2026-02-11 18:00:00+00:00,19.0,4.35,-0.2,0.12988888888888886,0.20140284137737965,0.12988888888888886,baseline,turbine_1,2026-02-12 00:00:00+00:00,turbine_1: на 2026-02-12T00:00:00+00:00 проверяемого факта пока нет; overlap_wind_change=0.865m/s>=0.5.
2026-02-12 14:00:00+00:00,2026-02-11 18:00:00+00:00,20.0,3.65,-0.5,0.07027777777777777,0.12166878590712098,0.07027777777777777,baseline,turbine_1,2026-02-12 00:00:00+00:00,turbine_1: на 2026-02-12T00:00:00+00:00 проверяемого факта пока нет; overlap_wind_change=0.865m/s>=0.5.
2026-02-12 15:00:00+00:00,2026-02-11 18:00:00+00:00,21.0,3.93,-0.7,0.09292222222222224,0.1830495029684471,0.09292222222222224,baseline,turbine_1,2026-02-12 00:00:00+00:00,turbine_1: на 2026-02-12T00:00:00+00:00 проверяемого факта пока нет; overlap_wind_change=0.865m/s>=0.5.
2026-02-12 16:00:00+00:00,2026-02-11 18:00:00+00:00,22.0,3.65,-0.8,0.07027777777777777,0.14666384497574977,0.07027777777777777,baseline,turbine_1,2026-02-12 00:00:00+00:00,turbine_1: на 2026-02-12T00:00:00+00:00 проверяемого факта пока нет; overlap_wind_change=0.865m/s>=0.5.
2026-02-12 17:00:00+00:00,2026-02-11 18:00:00+00:00,23.0,1.84,-0.6,0.017461111111111115,0.09070631295341582,0.017461111111111115,baseline,turbine_1,2026-02-12 00:00:00+00:00,turbine_1: на 2026-02-12T00:00:00+00:00 проверяемого факта пока нет; overlap_wind_change=0.865m/s>=0.5.
2026-02-12 18:00:00+00:00,2026-02-11 18:00:00+00:00,24.0,1.87,-1.0,0.017911111111111114,0.08751554499319968,0.017911111111111114,baseline,turbine_1,2026-02-12 00:00:00+00:00,turbine_1: на 2026-02-12T00:00:00+00:00 проверяемого факта пока нет; overlap_wind_change=0.865m/s>=0.5.
2026-02-12 19:00:00+00:00,2026-02-11 18:00:00+00:00,25.0,2.17,-1.5,0.02241111111111111,0.09402096876050066,0.02241111111111111,baseline,turbine_1,2026-02-12 00:00:00+00:00,turbine_1: на 2026-02-12T00:00:00+00:00 проверяемого факта пока нет; overlap_wind_change=0.865m/s>=0.5.
2026-02-12 20:00:00+00:00,2026-02-11 18:00:00+00:00,26.0,2.5,-2.3,0.02777777777777778,0.08163286452347708,0.02777777777777778,baseline,turbine_1,2026-02-12 00:00:00+00:00,turbine_1: на 2026-02-12T00:00:00+00:00 проверяемого факта пока нет; overlap_wind_change=0.865m/s>=0.5.
2026-02-12 21:00:00+00:00,2026-02-11 18:00:00+00:00,27.0,0.72,-2.5,0.01,0.03732557710522321,0.01,baseline,turbine_1,2026-02-12 00:00:00+00:00,turbine_1: на 2026-02-12T00:00:00+00:00 проверяемого факта пока нет; overlap_wind_change=0.865m/s>=0.5.
2026-02-12 22:00:00+00:00,2026-02-11 18:00:00+00:00,28.0,1.09,-2.5,0.0134,0.06018314128546425,0.0134,baseline,turbine_1,2026-02-12 00:00:00+00:00,turbine_1: на 2026-02-12T00:00:00+00:00 проверяемого факта пока нет; overlap_wind_change=0.865m/s>=0.5.
2026-02-12 23:00:00+00:00,2026-02-11 18:00:00+00:00,29.0,1.31,-2.6,0.015133333333333334,0.06252175596460889,0.015133333333333334,baseline,turbine_1,2026-02-12 00:00:00+00:00,turbine_1: на 2026-02-12T00:00:00+00:00 проверяемого факта пока нет; overlap_wind_change=0.865m/s>=0.5.
2026-02-13 00:00:00+00:00,2026-02-11 18:00:00+00:00,30.0,2.44,-2.7,0.02677777777777778,0.08379036865744285,0.02677777777777778,baseline,turbine_1,2026-02-12 00:00:00+00:00,turbine_1: на 2026-02-12T00:00:00+00:00 проверяемого факта пока нет; overlap_wind_change=0.865m/s>=0.5.
2026-02-13 01:00:00+00:00,2026-02-11 18:00:00+00:00,31.0,3.35,-2.4,0.04944444444444445,0.1208827905806888,0.04944444444444445,baseline,turbine_1,2026-02-12 00:00:00+00:00,turbine_1: на 2026-02-12T00:00:00+00:00 проверяемого факта пока нет; overlap_wind_change=0.865m/s>=0.5.
2026-02-13 02:00:00+00:00,2026-02-11 18:00:00+00:00,32.0,3.32,-2.4,0.047361111111111104,0.1208827905806888,0.047361111111111104,baseline,turbine_1,2026-02-12 00:00:00+00:00,turbine_1: на 2026-02-12T00:00:00+00:00 проверяемого факта пока нет; overlap_wind_change=0.865m/s>=0.5.
2026-02-13 03:00:00+00:00,2026-02-11 18:00:00+00:00,33.0,2.36,-2.1,0.025444444444444443,0.0750632536071041,0.025444444444444443,baseline,turbine_1,2026-02-12 00:00:00+00:00,turbine_1: на 2026-02-12T00:00:00+00:00 проверяемого факта пока нет; overlap_wind_change=0.865m/s>=0.5.
2026-02-13 04:00:00+00:00,2026-02-11 18:00:00+00:00,34.0,1.94,-1.4,0.018961111111111113,0.08074369945962877,0.018961111111111113,baseline,turbine_1,2026-02-12 00:00:00+00:00,turbine_1: на 2026-02-12T00:00:00+00:00 проверяемого факта пока нет; overlap_wind_change=0.865m/s>=0.5.
2026-02-13 05:00:00+00:00,2026-02-11 18:00:00+00:00,35.0,2.17,-0.6,0.02241111111111111,0.0856475272435024,0.02241111111111111,baseline,turbine_1,2026-02-12 00:00:00+00:00,turbine_1: на 2026-02-12T00:00:00+00:00 проверяемого факта пока нет; overlap_wind_change=0.865m/s>=0.5.
2026-02-13 06:00:00+00:00,2026-02-11 18:00:00+00:00,36.0,1.52,0.4,0.015600000000000001,0.07978109901769602,0.015600000000000001,baseline,turbine_1,2026-02-12 00:00:00+00:00,turbine_1: на 2026-02-12T00:00:00+00:00 проверяемого факта пока нет; overlap_wind_change=0.865m/s>=0.5.
2026-02-13 07:00:00+00:00,2026-02-11 18:00:00+00:00,37.0,1.2,1.3,0.014499999999999999,0.07646830864449312,0.014499999999999999,baseline,turbine_1,2026-02-12 00:00:00+00:00,turbine_1: на 2026-02-12T00:00:00+00:00 проверяемого факта пока нет; overlap_wind_change=0.865m/s>=0.5.
2026-02-13 08:00:00+00:00,2026-02-11 18:00:00+00:00,38.0,1.1,1.7,0.0135,0.08720008820956802,0.0135,baseline,turbine_1,2026-02-12 00:00:00+00:00,turbine_1: на 2026-02-12T00:00:00+00:00 проверяемого факта пока нет; overlap_wind_change=0.865m/s>=0.5.
2026-02-13 09:00:00+00:00,2026-02-11 18:00:00+00:00,39.0,1.03,2.4,0.0128,0.09613133528448671,0.0128,baseline,turbine_1,2026-02-12 00:00:00+00:00,turbine_1: на 2026-02-12T00:00:00+00:00 проверяемого факта пока нет; overlap_wind_change=0.865m/s>=0.5.
2026-02-13 10:00:00+00:00,2026-02-11 18:00:00+00:00,40.0,1.72,2.9,0.016044444444444448,0.1144038303565348,0.016044444444444448,baseline,turbine_1,2026-02-12 00:00:00+00:00,turbine_1: на 2026-02-12T00:00:00+00:00 проверяемого факта пока нет; overlap_wind_change=0.865m/s>=0.5.
2026-02-13 11:00:00+00:00,2026-02-11 18:00:00+00:00,41.0,2.24,2.1,0.023461111111111113,0.11410301802787283,0.023461111111111113,baseline,turbine_1,2026-02-12 00:00:00+00:00,turbine_1: на 2026-02-12T00:00:00+00:00 проверяемого факта пока нет; overlap_wind_change=0.865m/s>=0.5.
2026-02-13 12:00:00+00:00,2026-02-11 18:00:00+00:00,42.0,2.87,-0.1,0.03447777777777778,0.10794208079604387,0.03447777777777778,baseline,turbine_1,2026-02-12 00:00:00+00:00,turbine_1: на 2026-02-12T00:00:00+00:00 проверяемого факта пока нет; overlap_wind_change=0.865m/s>=0.5.
2026-02-13 13:00:00+00:00,2026-02-11 18:00:00+00:00,43.0,2.67,-0.9,0.030611111111111113,0.10433037963259459,0.030611111111111113,baseline,turbine_1,2026-02-12 00:00:00+00:00,turbine_1: на 2026-02-12T00:00:00+00:00 проверяемого факта пока нет; overlap_wind_change=0.865m/s>=0.5.
2026-02-13 14:00:00+00:00,2026-02-11 18:00:00+00:00,44.0,3.23,-0.6,0.04207777777777778,0.13715122796682808,0.04207777777777778,baseline,turbine_1,2026-02-12 00:00:00+00:00,turbine_1: на 2026-02-12T00:00:00+00:00 проверяемого факта пока нет; overlap_wind_change=0.865m/s>=0.5.
2026-02-13 15:00:00+00:00,2026-02-11 18:00:00+00:00,45.0,4.3,-0.7,0.1253611111111111,0.21398100550884683,0.1253611111111111,baseline,turbine_1,2026-02-12 00:00:00+00:00,turbine_1: на 2026-02-12T00:00:00+00:00 проверяемого факта пока нет; overlap_wind_change=0.865m/s>=0.5.
2026-02-13 16:00:00+00:00,2026-02-11 18:00:00+00:00,46.0,5.66,0.4,0.2509555555555556,0.3711985132994435,0.2509555555555556,baseline,turbine_1,2026-02-12 00:00:00+00:00,turbine_1: на 2026-02-12T00:00:00+00:00 проверяемого факта пока нет; overlap_wind_change=0.865m/s>=0.5.
2026-02-13 17:00:00+00:00,2026-02-11 18:00:00+00:00,47.0,6.31,0.1,0.3837333333333332,0.6976928988151991,0.3837333333333332,baseline,turbine_1,2026-02-12 00:00:00+00:00,turbine_1: на 2026-02-12T00:00:00+00:00 проверяемого факта пока нет; overlap_wind_change=0.865m/s>=0.5.
2026-02-13 18:00:00+00:00,2026-02-11 18:00:00+00:00,48.0,6.64,-0.3,0.4500999999999999,0.7109161034036625,0.4500999999999999,baseline,turbine_1,2026-02-12 00:00:00+00:00,turbine_1: на 2026-02-12T00:00:00+00:00 проверяемого факта пока нет; overlap_wind_change=0.865m/s>=0.5.
2026-02-13 19:00:00+00:00,2026-02-11 18:00:00+00:00,49.0,7.22,-0.3,0.5811055555555555,0.7334796356121356,0.5811055555555555,baseline,turbine_1,2026-02-12 00:00:00+00:00,turbine_1: на 2026-02-12T00:00:00+00:00 проверяемого факта пока нет; overlap_wind_change=0.865m/s>=0.5.
2026-02-13 20:00:00+00:00,2026-02-11 18:00:00+00:00,50.0,6.99,-0.8,0.5278222222222222,0.6528093232858122,0.5278222222222222,baseline,turbine_1,2026-02-12 00:00:00+00:00,turbine_1: на 2026-02-12T00:00:00+00:00 проверяемого факта пока нет; overlap_wind_change=0.865m/s>=0.5.
2026-02-13 21:00:00+00:00,2026-02-11 18:00:00+00:00,51.0,6.75,-1.0,0.47222222222222215,0.6395189088758427,0.47222222222222215,baseline,turbine_1,2026-02-12 00:00:00+00:00,turbine_1: на 2026-02-12T00:00:00+00:00 проверяемого факта пока нет; overlap_wind_change=0.865m/s>=0.5.
2026-02-13 22:00:00+00:00,2026-02-11 18:00:00+00:00,52.0,6.29,-0.6,0.3797111111111111,0.6324529189832593,0.3797111111111111,baseline,turbine_1,2026-02-12 00:00:00+00:00,turbine_1: на 2026-02-12T00:00:00+00:00 проверяемого факта пока нет; overlap_wind_change=0.865m/s>=0.5.
2026-02-13 23:00:00+00:00,2026-02-11 18:00:00+00:00,53.0,4.96,-0.2,0.18337777777777778,0.30025076360179787,0.18337777777777778,baseline,turbine_1,2026-02-12 00:00:00+00:00,turbine_1: на 2026-02-12T00:00:00+00:00 проверяемого факта пока нет; overlap_wind_change=0.865m/s>=0.5.
2026-02-14 00:00:00+00:00,2026-02-11 18:00:00+00:00,54.0,4.7,-0.3,0.16158333333333336,0.19270212632488382,0.16158333333333336,baseline,turbine_1,2026-02-12 00:00:00+00:00,turbine_1: на 2026-02-12T00:00:00+00:00 проверяемого факта пока нет; overlap_wind_change=0.865m/s>=0.5.
2026-02-12 01:00:00+00:00,2026-02-11 18:00:00+00:00,7.0,3.76,-0.7,0.06990555555555554,0.0,0.06990555555555554,baseline,turbine_2,2026-02-12 00:00:00+00:00,turbine_2: на 2026-02-12T00:00:00+00:00 проверяемого факта пока нет; overlap_wind_change=0.865m/s>=0.5.
2026-02-12 02:00:00+00:00,2026-02-11 18:00:00+00:00,8.0,1.72,-0.7,0.015455555555555554,0.0,0.015455555555555554,baseline,turbine_2,2026-02-12 00:00:00+00:00,turbine_2: на 2026-02-12T00:00:00+00:00 проверяемого факта пока нет; overlap_wind_change=0.865m/s>=0.5.
2026-02-12 03:00:00+00:00,2026-02-11 18:00:00+00:00,9.0,1.52,-0.4,0.014788888888888888,0.0,0.014788888888888888,baseline,turbine_2,2026-02-12 00:00:00+00:00,turbine_2: на 2026-02-12T00:00:00+00:00 проверяемого факта пока нет; overlap_wind_change=0.865m/s>=0.5.
2026-02-12 04:00:00+00:00,2026-02-11 18:00:00+00:00,10.0,1.73,-0.4,0.015488888888888887,0.0,0.015488888888888887,baseline,turbine_2,2026-02-12 00:00:00+00:00,turbine_2: на 2026-02-12T00:00:00+00:00 проверяемого факта пока нет; overlap_wind_change=0.865m/s>=0.5.
2026-02-12 05:00:00+00:00,2026-02-11 18:00:00+00:00,11.0,2.51,-0.1,0.02371111111111111,0.0,0.02371111111111111,baseline,turbine_2,2026-02-12 00:00:00+00:00,turbine_2: на 2026-02-12T00:00:00+00:00 проверяемого факта пока нет; overlap_wind_change=0.865m/s>=0.5.
2026-02-12 06:00:00+00:00,2026-02-11 18:00:00+00:00,12.0,2.95,1.8,0.029888888888888892,0.0012685128486803455,0.029888888888888892,baseline,turbine_2,2026-02-12 00:00:00+00:00,turbine_2: на 2026-02-12T00:00:00+00:00 проверяемого факта пока нет; overlap_wind_change=0.865m/s>=0.5.
2026-02-12 07:00:00+00:00,2026-02-11 18:00:00+00:00,13.0,3.41,2.9,0.04631111111111112,0.05024429339199892,0.04631111111111112,baseline,turbine_2,2026-02-12 00:00:00+00:00,turbine_2: на 2026-02-12T00:00:00+00:00 проверяемого факта пока нет; overlap_wind_change=0.865m/s>=0.5.
2026-02-12 08:00:00+00:00,2026-02-11 18:00:00+00:00,14.0,2.34,3.5,0.02201111111111111,0.1257145349083688,0.02201111111111111,baseline,turbine_2,2026-02-12 00:00:00+00:00,turbine_2: на 2026-02-12T00:00:00+00:00 проверяемого факта пока нет; overlap_wind_change=0.865m/s>=0.5.
2026-02-12 09:00:00+00:00,2026-02-11 18:00:00+00:00,15.0,1.39,3.3,0.014355555555555554,0.1013649718512291,0.014355555555555554,baseline,turbine_2,2026-02-12 00:00:00+00:00,turbine_2: на 2026-02-12T00:00:00+00:00 проверяемого факта пока нет; overlap_wind_change=0.865m/s>=0.5.
2026-02-12 10:00:00+00:00,2026-02-11 18:00:00+00:00,16.0,0.64,3.3,0.01,0.07763787618293681,0.01,baseline,turbine_2,2026-02-12 00:00:00+00:00,turbine_2: на 2026-02-12T00:00:00+00:00 проверяемого факта пока нет; overlap_wind_change=0.865m/s>=0.5.
2026-02-12 11:00:00+00:00,2026-02-11 18:00:00+00:00,17.0,3.89,2.2,0.07951111111111112,0.18623401568435494,0.07951111111111112,baseline,turbine_2,2026-02-12 00:00:00+00:00,turbine_2: на 2026-02-12T00:00:00+00:00 проверяемого факта пока нет; overlap_wind_change=0.865m/s>=0.5.
2026-02-12 12:00:00+00:00,2026-02-11 18:00:00+00:00,18.0,4.22,0.4,0.10389444444444443,0.2674811509985828,0.10389444444444443,baseline,turbine_2,2026-02-12 00:00:00+00:00,turbine_2: на 2026-02-12T00:00:00+00:00 проверяемого факта пока нет; overlap_wind_change=0.865m/s>=0.5.
2026-02-12 13:00:00+00:00,2026-02-11 18:00:00+00:00,19.0,4.35,-0.2,0.11449999999999998,0.21869834838611776,0.11449999999999998,baseline,turbine_2,2026-02-12 00:00:00+00:00,turbine_2: на 2026-02-12T00:00:00+00:00 проверяемого факта пока нет; overlap_wind_change=0.865m/s>=0.5.
2026-02-12 14:00:00+00:00,2026-02-11 18:00:00+00:00,20.0,3.65,-0.5,0.06244444444444444,0.14365339196333096,0.06244444444444444,baseline,turbine_2,2026-02-12 00:00:00+00:00,turbine_2: на 2026-02-12T00:00:00+00:00 проверяемого факта пока нет; overlap_wind_change=0.865m/s>=0.5.
2026-02-12 15:00:00+00:00,2026-02-11 18:00:00+00:00,21.0,3.93,-0.7,0.08246666666666667,0.19686199896619863,0.08246666666666667,baseline,turbine_2,2026-02-12 00:00:00+00:00,turbine_2: на 2026-02-12T00:00:00+00:00 проверяемого факта пока нет; overlap_wind_change=0.865m/s>=0.5.
2026-02-12 16:00:00+00:00,2026-02-11 18:00:00+00:00,22.0,3.65,-0.8,0.06244444444444444,0.14910394713448843,0.06244444444444444,baseline,turbine_2,2026-02-12 00:00:00+00:00,turbine_2: на 2026-02-12T00:00:00+00:00 проверяемого факта пока нет; overlap_wind_change=0.865m/s>=0.5.
2026-02-12 17:00:00+00:00,2026-02-11 18:00:00+00:00,23.0,1.84,-0.6,0.016555555555555556,0.1005973973546307,0.016555555555555556,baseline,turbine_2,2026-02-12 00:00:00+00:00,turbine_2: на 2026-02-12T00:00:00+00:00 проверяемого факта пока нет; overlap_wind_change=0.865m/s>=0.5.
2026-02-12 18:00:00+00:00,2026-02-11 18:00:00+00:00,24.0,1.87,-1.0,0.016888888888888887,0.10627424514749795,0.016888888888888887,baseline,turbine_2,2026-02-12 00:00:00+00:00,turbine_2: на 2026-02-12T00:00:00+00:00 проверяемого факта пока нет; overlap_wind_change=0.865m/s>=0.5.
2026-02-12 19:00:00+00:00,2026-02-11 18:00:00+00:00,25.0,2.17,-1.5,0.02022222222222222,0.10776385144419207,0.02022222222222222,baseline,turbine_2,2026-02-12 00:00:00+00:00,turbine_2: на 2026-02-12T00:00:00+00:00 проверяемого факта пока нет; overlap_wind_change=0.865m/s>=0.5.
2026-02-12 20:00:00+00:00,2026-02-11 18:00:00+00:00,26.0,2.5,-2.3,0.02361111111111111,0.10403037655790269,0.02361111111111111,baseline,turbine_2,2026-02-12 00:00:00+00:00,turbine_2: на 2026-02-12T00:00:00+00:00 проверяемого факта пока нет; overlap_wind_change=0.865m/s>=0.5.
2026-02-12 21:00:00+00:00,2026-02-11 18:00:00+00:00,27.0,0.72,-2.5,0.01,0.06482050553509996,0.01,baseline,turbine_2,2026-02-12 00:00:00+00:00,turbine_2: на 2026-02-12T00:00:00+00:00 проверяемого факта пока нет; overlap_wind_change=0.865m/s>=0.5.
2026-02-12 22:00:00+00:00,2026-02-11 18:00:00+00:00,28.0,1.09,-2.5,0.012644444444444444,0.08781412890105983,0.012644444444444444,baseline,turbine_2,2026-02-12 00:00:00+00:00,turbine_2: на 2026-02-12T00:00:00+00:00 проверяемого факта пока нет; overlap_wind_change=0.865m/s>=0.5.
2026-02-12 23:00:00+00:00,2026-02-11 18:00:00+00:00,29.0,1.31,-2.6,0.014088888888888889,0.0890096755832914,0.014088888888888889,baseline,turbine_2,2026-02-12 00:00:00+00:00,turbine_2: на 2026-02-12T00:00:00+00:00 проверяемого факта пока нет; overlap_wind_change=0.865m/s>=0.5.
2026-02-13 00:00:00+00:00,2026-02-11 18:00:00+00:00,30.0,2.44,-2.7,0.02301111111111111,0.08634267809629718,0.02301111111111111,baseline,turbine_2,2026-02-12 00:00:00+00:00,turbine_2: на 2026-02-12T00:00:00+00:00 проверяемого факта пока нет; overlap_wind_change=0.865m/s>=0.5.
2026-02-13 01:00:00+00:00,2026-02-11 18:00:00+00:00,31.0,3.35,-2.4,0.04227777777777778,0.13555281667037347,0.04227777777777778,baseline,turbine_2,2026-02-12 00:00:00+00:00,turbine_2: на 2026-02-12T00:00:00+00:00 проверяемого факта пока нет; overlap_wind_change=0.865m/s>=0.5.
2026-02-13 02:00:00+00:00,2026-02-11 18:00:00+00:00,32.0,3.32,-2.4,0.0402611111111111,0.13499230741908524,0.0402611111111111,baseline,turbine_2,2026-02-12 00:00:00+00:00,turbine_2: на 2026-02-12T00:00:00+00:00 проверяемого факта пока нет; overlap_wind_change=0.865m/s>=0.5.
2026-02-13 03:00:00+00:00,2026-02-11 18:00:00+00:00,33.0,2.36,-2.1,0.022211111111111112,0.103301070893136,0.022211111111111112,baseline,turbine_2,2026-02-12 00:00:00+00:00,turbine_2: на 2026-02-12T00:00:00+00:00 проверяемого факта пока нет; overlap_wind_change=0.865m/s>=0.5.
2026-02-13 04:00:00+00:00,2026-02-11 18:00:00+00:00,34.0,1.94,-1.4,0.017666666666666664,0.10296638251063472,0.017666666666666664,baseline,turbine_2,2026-02-12 00:00:00+00:00,turbine_2: на 2026-02-12T00:00:00+00:00 проверяемого факта пока нет; overlap_wind_change=0.865m/s>=0.5.
2026-02-13 05:00:00+00:00,2026-02-11 18:00:00+00:00,35.0,2.17,-0.6,0.02022222222222222,0.10171797924838738,0.02022222222222222,baseline,turbine_2,2026-02-12 00:00:00+00:00,turbine_2: на 2026-02-12T00:00:00+00:00 проверяемого факта пока нет; overlap_wind_change=0.865m/s>=0.5.
2026-02-13 06:00:00+00:00,2026-02-11 18:00:00+00:00,36.0,1.52,0.4,0.014788888888888888,0.09225025056659251,0.014788888888888888,baseline,turbine_2,2026-02-12 00:00:00+00:00,turbine_2: на 2026-02-12T00:00:00+00:00 проверяемого факта пока нет; overlap_wind_change=0.865m/s>=0.5.
2026-02-13 07:00:00+00:00,2026-02-11 18:00:00+00:00,37.0,1.2,1.3,0.0135,0.09768218207417767,0.0135,baseline,turbine_2,2026-02-12 00:00:00+00:00,turbine_2: на 2026-02-12T00:00:00+00:00 проверяемого факта пока нет; overlap_wind_change=0.865m/s>=0.5.
2026-02-13 08:00:00+00:00,2026-02-11 18:00:00+00:00,38.0,1.1,1.7,0.012722222222222222,0.10579748852184573,0.012722222222222222,baseline,turbine_2,2026-02-12 00:00:00+00:00,turbine_2: на 2026-02-12T00:00:00+00:00 проверяемого факта пока нет; overlap_wind_change=0.865m/s>=0.5.
2026-02-13 09:00:00+00:00,2026-02-11 18:00:00+00:00,39.0,1.03,2.4,0.012177777777777777,0.10729254148839033,0.012177777777777777,baseline,turbine_2,2026-02-12 00:00:00+00:00,turbine_2: на 2026-02-12T00:00:00+00:00 проверяемого факта пока нет; overlap_wind_change=0.865m/s>=0.5.
2026-02-13 10:00:00+00:00,2026-02-11 18:00:00+00:00,40.0,1.72,2.9,0.015455555555555554,0.13077936808202092,0.015455555555555554,baseline,turbine_2,2026-02-12 00:00:00+00:00,turbine_2: на 2026-02-12T00:00:00+00:00 проверяемого факта пока нет; overlap_wind_change=0.865m/s>=0.5.
2026-02-13 11:00:00+00:00,2026-02-11 18:00:00+00:00,41.0,2.24,2.1,0.021,0.13378012069388834,0.021,baseline,turbine_2,2026-02-12 00:00:00+00:00,turbine_2: на 2026-02-12T00:00:00+00:00 проверяемого факта пока нет; overlap_wind_change=0.865m/s>=0.5.
2026-02-13 12:00:00+00:00,2026-02-11 18:00:00+00:00,42.0,2.87,-0.1,0.02837777777777778,0.10507110398109058,0.02837777777777778,baseline,turbine_2,2026-02-12 00:00:00+00:00,turbine_2: на 2026-02-12T00:00:00+00:00 проверяемого факта пока нет; overlap_wind_change=0.865m/s>=0.5.
2026-02-13 13:00:00+00:00,2026-02-11 18:00:00+00:00,43.0,2.67,-0.9,0.02531111111111111,0.10852066171421139,0.02531111111111111,baseline,turbine_2,2026-02-12 00:00:00+00:00,turbine_2: на 2026-02-12T00:00:00+00:00 проверяемого факта пока нет; overlap_wind_change=0.865m/s>=0.5.
2026-02-13 14:00:00+00:00,2026-02-11 18:00:00+00:00,44.0,3.23,-0.6,0.03517777777777778,0.15305069661043944,0.03517777777777778,baseline,turbine_2,2026-02-12 00:00:00+00:00,turbine_2: на 2026-02-12T00:00:00+00:00 проверяемого факта пока нет; overlap_wind_change=0.865m/s>=0.5.
2026-02-13 15:00:00+00:00,2026-02-11 18:00:00+00:00,45.0,4.3,-0.7,0.11030555555555555,0.23383271680467443,0.11030555555555555,baseline,turbine_2,2026-02-12 00:00:00+00:00,turbine_2: на 2026-02-12T00:00:00+00:00 проверяемого факта пока нет; overlap_wind_change=0.865m/s>=0.5.
2026-02-13 16:00:00+00:00,2026-02-11 18:00:00+00:00,46.0,5.66,0.4,0.24691666666666673,0.3964329171657053,0.24691666666666673,baseline,turbine_2,2026-02-12 00:00:00+00:00,turbine_2: на 2026-02-12T00:00:00+00:00 проверяемого факта пока нет; overlap_wind_change=0.865m/s>=0.5.
2026-02-13 17:00:00+00:00,2026-02-11 18:00:00+00:00,47.0,6.31,0.1,0.3815555555555554,0.7384588172203691,0.3815555555555554,baseline,turbine_2,2026-02-12 00:00:00+00:00,turbine_2: на 2026-02-12T00:00:00+00:00 проверяемого факта пока нет; overlap_wind_change=0.865m/s>=0.5.
2026-02-13 18:00:00+00:00,2026-02-11 18:00:00+00:00,48.0,6.64,-0.3,0.4420555555555554,0.7194176699506336,0.4420555555555554,baseline,turbine_2,2026-02-12 00:00:00+00:00,turbine_2: на 2026-02-12T00:00:00+00:00 проверяемого факта пока нет; overlap_wind_change=0.865m/s>=0.5.
2026-02-13 19:00:00+00:00,2026-02-11 18:00:00+00:00,49.0,7.22,-0.3,0.5833777777777777,0.7203555614826246,0.5833777777777777,baseline,turbine_2,2026-02-12 00:00:00+00:00,turbine_2: на 2026-02-12T00:00:00+00:00 проверяемого факта пока нет; overlap_wind_change=0.865m/s>=0.5.
2026-02-13 20:00:00+00:00,2026-02-11 18:00:00+00:00,50.0,6.99,-0.8,0.5240888888888888,0.5938204156122447,0.5240888888888888,baseline,turbine_2,2026-02-12 00:00:00+00:00,turbine_2: на 2026-02-12T00:00:00+00:00 проверяемого факта пока нет; overlap_wind_change=0.865m/s>=0.5.
2026-02-13 21:00:00+00:00,2026-02-11 18:00:00+00:00,51.0,6.75,-1.0,0.46222222222222215,0.5844085734686257,0.46222222222222215,baseline,turbine_2,2026-02-12 00:00:00+00:00,turbine_2: на 2026-02-12T00:00:00+00:00 проверяемого факта пока нет; overlap_wind_change=0.865m/s>=0.5.
2026-02-13 22:00:00+00:00,2026-02-11 18:00:00+00:00,52.0,6.29,-0.6,0.3778888888888889,0.6084041658873932,0.3778888888888889,baseline,turbine_2,2026-02-12 00:00:00+00:00,turbine_2: на 2026-02-12T00:00:00+00:00 проверяемого факта пока нет; overlap_wind_change=0.865m/s>=0.5.
2026-02-13 23:00:00+00:00,2026-02-11 18:00:00+00:00,53.0,4.96,-0.2,0.1661388888888889,0.28412097590863206,0.1661388888888889,baseline,turbine_2,2026-02-12 00:00:00+00:00,turbine_2: на 2026-02-12T00:00:00+00:00 проверяемого факта пока нет; overlap_wind_change=0.865m/s>=0.5.
2026-02-14 00:00:00+00:00,2026-02-11 18:00:00+00:00,54.0,4.7,-0.3,0.14386111111111113,0.19212404819094334,0.14386111111111113,baseline,turbine_2,2026-02-12 00:00:00+00:00,turbine_2: на 2026-02-12T00:00:00+00:00 проверяемого факта пока нет; overlap_wind_change=0.865m/s>=0.5.
2026-02-13 01:00:00+00:00,2026-02-12 18:00:00+00:00,7.0,2.38,-1.6,0.025777777777777778,0.0,0.025777777777777778,baseline,turbine_1,2026-02-13 00:00:00+00:00,turbine_1: на 2026-02-13T00:00:00+00:00 проверяемого факта пока нет; overlap_wind_change=0.780m/s>=0.5.
2026-02-13 02:00:00+00:00,2026-02-12 18:00:00+00:00,8.0,2.47,-1.6,0.027277777777777783,0.0,0.027277777777777783,baseline,turbine_1,2026-02-13 00:00:00+00:00,turbine_1: на 2026-02-13T00:00:00+00:00 проверяемого факта пока нет; overlap_wind_change=0.780m/s>=0.5.
2026-02-13 03:00:00+00:00,2026-02-12 18:00:00+00:00,9.0,1.82,-1.2,0.017161111111111113,0.0,0.017161111111111113,baseline,turbine_1,2026-02-13 00:00:00+00:00,turbine_1: на 2026-02-13T00:00:00+00:00 проверяемого факта пока нет; overlap_wind_change=0.780m/s>=0.5.
2026-02-13 04:00:00+00:00,2026-02-12 18:00:00+00:00,10.0,1.68,-0.7,0.01595555555555556,0.0,0.01595555555555556,baseline,turbine_1,2026-02-13 00:00:00+00:00,turbine_1: на 2026-02-13T00:00:00+00:00 проверяемого факта пока нет; overlap_wind_change=0.780m/s>=0.5.
2026-02-13 05:00:00+00:00,2026-02-12 18:00:00+00:00,11.0,0.56,0.1,0.01,0.0,0.01,baseline,turbine_1,2026-02-13 00:00:00+00:00,turbine_1: на 2026-02-13T00:00:00+00:00 проверяемого факта пока нет; overlap_wind_change=0.780m/s>=0.5.
2026-02-13 06:00:00+00:00,2026-02-12 18:00:00+00:00,12.0,0.75,0.9,0.01,0.0,0.01,baseline,turbine_1,2026-02-13 00:00:00+00:00,turbine_1: на 2026-02-13T00:00:00+00:00 проверяемого факта пока нет; overlap_wind_change=0.780m/s>=0.5.
2026-02-13 07:00:00+00:00,2026-02-12 18:00:00+00:00,13.0,0.79,1.1,0.010400000000000001,0.0,0.010400000000000001,baseline,turbine_1,2026-02-13 00:00:00+00:00,turbine_1: на 2026-02-13T00:00:00+00:00 проверяемого факта пока нет; overlap_wind_change=0.780m/s>=0.5.
2026-02-13 08:00:00+00:00,2026-02-12 18:00:00+00:00,14.0,0.89,2.3,0.0114,0.030263382084595097,0.0114,baseline,turbine_1,2026-02-13 00:00:00+00:00,turbine_1: на 2026-02-13T00:00:00+00:00 проверяемого факта пока нет; overlap_wind_change=0.780m/s>=0.5.
2026-02-13 09:00:00+00:00,2026-02-12 18:00:00+00:00,15.0,1.1,3.0,0.0135,0.07900434284184589,0.0135,baseline,turbine_1,2026-02-13 00:00:00+00:00,turbine_1: на 2026-02-13T00:00:00+00:00 проверяемого факта пока нет; overlap_wind_change=0.780m/s>=0.5.
2026-02-13 10:00:00+00:00,2026-02-12 18:00:00+00:00,16.0,1.48,2.9,0.015511111111111113,0.09713937049585412,0.015511111111111113,baseline,turbine_1,2026-02-13 00:00:00+00:00,turbine_1: на 2026-02-13T00:00:00+00:00 проверяемого факта пока нет; overlap_wind_change=0.780m/s>=0.5.
2026-02-13 11:00:00+00:00,2026-02-12 18:00:00+00:00,17.0,1.59,1.2,0.015755555555555557,0.08721554888571596,0.015755555555555557,baseline,turbine_1,2026-02-13 00:00:00+00:00,turbine_1: на 2026-02-13T00:00:00+00:00 проверяемого факта пока нет; overlap_wind_change=0.780m/s>=0.5.
2026-02-13 12:00:00+00:00,2026-02-12 18:00:00+00:00,18.0,1.68,0.2,0.01595555555555556,0.07488536982400325,0.01595555555555556,baseline,turbine_1,2026-02-13 00:00:00+00:00,turbine_1: на 2026-02-13T00:00:00+00:00 проверяемого факта пока нет; overlap_wind_change=0.780m/s>=0.5.
2026-02-13 13:00:00+00:00,2026-02-12 18:00:00+00:00,19.0,2.21,-0.4,0.02301111111111111,0.06292963077463902,0.02301111111111111,baseline,turbine_1,2026-02-13 00:00:00+00:00,turbine_1: на 2026-02-13T00:00:00+00:00 проверяемого факта пока нет; overlap_wind_change=0.780m/s>=0.5.
2026-02-13 14:00:00+00:00,2026-02-12 18:00:00+00:00,20.0,3.21,-1.2,0.04165555555555556,0.09400753814520107,0.04165555555555556,baseline,turbine_1,2026-02-13 00:00:00+00:00,turbine_1: на 2026-02-13T00:00:00+00:00 проверяемого факта пока нет; overlap_wind_change=0.780m/s>=0.5.
2026-02-13 15:00:00+00:00,2026-02-12 18:00:00+00:00,21.0,4.94,-1.0,0.18173333333333339,0.3334489352572075,0.18173333333333339,baseline,turbine_1,2026-02-13 00:00:00+00:00,turbine_1: на 2026-02-13T00:00:00+00:00 проверяемого факта пока нет; overlap_wind_change=0.780m/s>=0.5.
2026-02-13 16:00:00+00:00,2026-02-12 18:00:00+00:00,22.0,7.0,-0.4,0.5301388888888888,0.7078576460155984,0.5301388888888888,baseline,turbine_1,2026-02-13 00:00:00+00:00,turbine_1: на 2026-02-13T00:00:00+00:00 проверяемого факта пока нет; overlap_wind_change=0.780m/s>=0.5.
2026-02-13 17:00:00+00:00,2026-02-12 18:00:00+00:00,23.0,7.65,-0.7,0.6371666666666667,0.7675250686797499,0.6371666666666667,baseline,turbine_1,2026-02-13 00:00:00+00:00,turbine_1: на 2026-02-13T00:00:00+00:00 проверяемого факта пока нет; overlap_wind_change=0.780m/s>=0.5.
2026-02-13 18:00:00+00:00,2026-02-12 18:00:00+00:00,24.0,7.38,-0.8,0.6040166666666666,0.7800270776138906,0.6040166666666666,baseline,turbine_1,2026-02-13 00:00:00+00:00,turbine_1: на 2026-02-13T00:00:00+00:00 проверяемого факта пока нет; overlap_wind_change=0.780m/s>=0.5.
2026-02-13 19:00:00+00:00,2026-02-12 18:00:00+00:00,25.0,7.34,-1.2,0.5991055555555556,0.7738694962457309,0.5991055555555556,baseline,turbine_1,2026-02-13 00:00:00+00:00,turbine_1: на 2026-02-13T00:00:00+00:00 проверяемого факта пока нет; overlap_wind_change=0.780m/s>=0.5.
2026-02-13 20:00:00+00:00,2026-02-12 18:00:00+00:00,26.0,7.54,-0.5,0.6236611111111111,0.7193347803494846,0.6236611111111111,baseline,turbine_1,2026-02-13 00:00:00+00:00,turbine_1: на 2026-02-13T00:00:00+00:00 проверяемого факта пока нет; overlap_wind_change=0.780m/s>=0.5.
2026-02-13 21:00:00+00:00,2026-02-12 18:00:00+00:00,27.0,7.39,-0.4,0.6052444444444444,0.7098414578244351,0.6052444444444444,baseline,turbine_1,2026-02-13 00:00:00+00:00,turbine_1: на 2026-02-13T00:00:00+00:00 проверяемого факта пока нет; overlap_wind_change=0.780m/s>=0.5.
2026-02-13 22:00:00+00:00,2026-02-12 18:00:00+00:00,28.0,7.48,-0.3,0.6162944444444445,0.6720100333636367,0.6162944444444445,baseline,turbine_1,2026-02-13 00:00:00+00:00,turbine_1: на 2026-02-13T00:00:00+00:00 проверяемого факта пока нет; overlap_wind_change=0.780m/s>=0.5.
2026-02-13 23:00:00+00:00,2026-02-12 18:00:00+00:00,29.0,7.15,-0.4,0.564888888888889,0.6452492078196127,0.564888888888889,baseline,turbine_1,2026-02-13 00:00:00+00:00,turbine_1: на 2026-02-13T00:00:00+00:00 проверяемого факта пока нет; overlap_wind_change=0.780m/s>=0.5.
2026-02-14 00:00:00+00:00,2026-02-12 18:00:00+00:00,30.0,6.42,-0.5,0.4058555555555555,0.6083944787710722,0.4058555555555555,baseline,turbine_1,2026-02-13 00:00:00+00:00,turbine_1: на 2026-02-13T00:00:00+00:00 проверяемого факта пока нет; overlap_wind_change=0.780m/s>=0.5.
2026-02-14 01:00:00+00:00,2026-02-12 18:00:00+00:00,31.0,5.82,-0.7,0.2761111111111112,0.40931051344543007,0.2761111111111112,baseline,turbine_1,2026-02-13 00:00:00+00:00,turbine_1: на 2026-02-13T00:00:00+00:00 проверяемого факта пока нет; overlap_wind_change=0.780m/s>=0.5.
2026-02-14 02:00:00+00:00,2026-02-12 18:00:00+00:00,32.0,3.72,-1.2,0.0751388888888889,0.13063620603826442,0.0751388888888889,baseline,turbine_1,2026-02-13 00:00:00+00:00,turbine_1: на 2026-02-13T00:00:00+00:00 проверяемого факта пока нет; overlap_wind_change=0.780m/s>=0.5.
2026-02-14 03:00:00+00:00,2026-02-12 18:00:00+00:00,33.0,2.75,0.2,0.03194444444444445,0.09814371973966951,0.03194444444444445,baseline,turbine_1,2026-02-13 00:00:00+00:00,turbine_1: на 2026-02-13T00:00:00+00:00 проверяемого факта пока нет; overlap_wind_change=0.780m/s>=0.5.
2026-02-14 04:00:00+00:00,2026-02-12 18:00:00+00:00,34.0,2.28,1.5,0.024111111111111107,0.08151641212059389,0.024111111111111107,baseline,turbine_1,2026-02-13 00:00:00+00:00,turbine_1: на 2026-02-13T00:00:00+00:00 проверяемого факта пока нет; overlap_wind_change=0.780m/s>=0.5.
2026-02-14 05:00:00+00:00,2026-02-12 18:00:00+00:00,35.0,2.27,2.4,0.023944444444444445,0.08978615202283043,0.023944444444444445,baseline,turbine_1,2026-02-13 00:00:00+00:00,turbine_1: на 2026-02-13T00:00:00+00:00 проверяемого факта пока нет; overlap_wind_change=0.780m/s>=0.5.
2026-02-14 06:00:00+00:00,2026-02-12 18:00:00+00:00,36.0,1.32,3.2,0.015155555555555556,0.06365554278550344,0.015155555555555556,baseline,turbine_1,2026-02-13 00:00:00+00:00,turbine_1: на 2026-02-13T00:00:00+00:00 проверяемого факта пока нет; overlap_wind_change=0.780m/s>=0.5.
2026-02-14 07:00:00+00:00,2026-02-12 18:00:00+00:00,37.0,1.04,2.8,0.0129,0.07985494287568799,0.0129,baseline,turbine_1,2026-02-13 00:00:00+00:00,turbine_1: на 2026-02-13T00:00:00+00:00 проверяемого факта пока нет; overlap_wind_change=0.780m/s>=0.5.
2026-02-14 08:00:00+00:00,2026-02-12 18:00:00+00:00,38.0,3.68,3.4,0.07236111111111113,0.18056094743083348,0.07236111111111113,baseline,turbine_1,2026-02-13 00:00:00+00:00,turbine_1: на 2026-02-13T00:00:00+00:00 проверяемого факта пока нет; overlap_wind_change=0.780m/s>=0.5.
2026-02-14 09:00:00+00:00,2026-02-12 18:00:00+00:00,39.0,3.47,3.0,0.05777777777777779,0.17768027638069991,0.05777777777777779,baseline,turbine_1,2026-02-13 00:00:00+00:00,turbine_1: на 2026-02-13T00:00:00+00:00 проверяемого факта пока нет; overlap_wind_change=0.780m/s>=0.5.
2026-02-14 10:00:00+00:00,2026-02-12 18:00:00+00:00,40.0,3.2,2.3,0.04144444444444445,0.1570755630814349,0.04144444444444445,baseline,turbine_1,2026-02-13 00:00:00+00:00,turbine_1: на 2026-02-13T00:00:00+00:00 проверяемого факта пока нет; overlap_wind_change=0.780m/s>=0.5.
2026-02-14 11:00:00+00:00,2026-02-12 18:00:00+00:00,41.0,3.23,1.7,0.04207777777777778,0.16174006441664412,0.04207777777777778,baseline,turbine_1,2026-02-13 00:00:00+00:00,turbine_1: на 2026-02-13T00:00:00+00:00 проверяемого факта пока нет; overlap_wind_change=0.780m/s>=0.5.
2026-02-14 12:00:00+00:00,2026-02-12 18:00:00+00:00,42.0,4.1,0.8,0.10774999999999997,0.24176350027205865,0.10774999999999997,baseline,turbine_1,2026-02-13 00:00:00+00:00,turbine_1: на 2026-02-13T00:00:00+00:00 проверяемого факта пока нет; overlap_wind_change=0.780m/s>=0.5.
2026-02-14 13:00:00+00:00,2026-02-12 18:00:00+00:00,43.0,4.18,0.5,0.11472777777777775,0.24839361870201448,0.11472777777777775,baseline,turbine_1,2026-02-13 00:00:00+00:00,turbine_1: на 2026-02-13T00:00:00+00:00 проверяемого факта пока нет; overlap_wind_change=0.780m/s>=0.5.
2026-02-14 14:00:00+00:00,2026-02-12 18:00:00+00:00,44.0,3.44,0.4,0.05569444444444444,0.17571796337252177,0.05569444444444444,baseline,turbine_1,2026-02-13 00:00:00+00:00,turbine_1: на 2026-02-13T00:00:00+00:00 проверяемого факта пока нет; overlap_wind_change=0.780m/s>=0.5.
2026-02-14 15:00:00+00:00,2026-02-12 18:00:00+00:00,45.0,2.59,0.1,0.029277777777777778,0.098598037059407,0.029277777777777778,baseline,turbine_1,2026-02-13 00:00:00+00:00,turbine_1: на 2026-02-13T00:00:00+00:00 проверяемого факта пока нет; overlap_wind_change=0.780m/s>=0.5.
2026-02-14 16:00:00+00:00,2026-02-12 18:00:00+00:00,46.0,3.6,-0.2,0.06680555555555556,0.15383452490065105,0.06680555555555556,baseline,turbine_1,2026-02-13 00:00:00+00:00,turbine_1: на 2026-02-13T00:00:00+00:00 проверяемого факта пока нет; overlap_wind_change=0.780m/s>=0.5.
2026-02-14 17:00:00+00:00,2026-02-12 18:00:00+00:00,47.0,2.93,0.5,0.035744444444444454,0.15051641623646367,0.035744444444444454,baseline,turbine_1,2026-02-13 00:00:00+00:00,turbine_1: на 2026-02-13T00:00:00+00:00 проверяемого факта пока нет; overlap_wind_change=0.780m/s>=0.5.
2026-02-14 18:00:00+00:00,2026-02-12 18:00:00+00:00,48.0,2.27,1.0,0.023944444444444445,0.10543008745682902,0.023944444444444445,baseline,turbine_1,2026-02-13 00:00:00+00:00,turbine_1: на 2026-02-13T00:00:00+00:00 проверяемого факта пока нет; overlap_wind_change=0.780m/s>=0.5.
2026-02-14 19:00:00+00:00,2026-02-12 18:00:00+00:00,49.0,1.96,0.7,0.01926111111111111,0.09724019525801625,0.01926111111111111,baseline,turbine_1,2026-02-13 00:00:00+00:00,turbine_1: на 2026-02-13T00:00:00+00:00 проверяемого факта пока нет; overlap_wind_change=0.780m/s>=0.5.
2026-02-14 20:00:00+00:00,2026-02-12 18:00:00+00:00,50.0,0.67,-0.6,0.01,0.04476678537726966,0.01,baseline,turbine_1,2026-02-13 00:00:00+00:00,turbine_1: на 2026-02-13T00:00:00+00:00 проверяемого факта пока нет; overlap_wind_change=0.780m/s>=0.5.
2026-02-14 21:00:00+00:00,2026-02-12 18:00:00+00:00,51.0,1.89,-0.9,0.018211111111111112,0.08684850165148396,0.018211111111111112,baseline,turbine_1,2026-02-13 00:00:00+00:00,turbine_1: на 2026-02-13T00:00:00+00:00 проверяемого факта пока нет; overlap_wind_change=0.780m/s>=0.5.
2026-02-14 22:00:00+00:00,2026-02-12 18:00:00+00:00,52.0,1.17,-0.4,0.014199999999999999,0.06463441328075413,0.014199999999999999,baseline,turbine_1,2026-02-13 00:00:00+00:00,turbine_1: на 2026-02-13T00:00:00+00:00 проверяемого факта пока нет; overlap_wind_change=0.780m/s>=0.5.
2026-02-14 23:00:00+00:00,2026-02-12 18:00:00+00:00,53.0,2.97,-1.8,0.0365888888888889,0.11564698779024078,0.0365888888888889,baseline,turbine_1,2026-02-13 00:00:00+00:00,turbine_1: на 2026-02-13T00:00:00+00:00 проверяемого факта пока нет; overlap_wind_change=0.780m/s>=0.5.
2026-02-15 00:00:00+00:00,2026-02-12 18:00:00+00:00,54.0,4.29,-1.6,0.12445555555555556,0.16162365681976382,0.12445555555555556,baseline,turbine_1,2026-02-13 00:00:00+00:00,turbine_1: на 2026-02-13T00:00:00+00:00 проверяемого факта пока нет; overlap_wind_change=0.780m/s>=0.5.
2026-02-13 01:00:00+00:00,2026-02-12 18:00:00+00:00,7.0,2.38,-1.6,0.02241111111111111,0.0,0.02241111111111111,baseline,turbine_2,2026-02-13 00:00:00+00:00,turbine_2: на 2026-02-13T00:00:00+00:00 проверяемого факта пока нет; overlap_wind_change=0.780m/s>=0.5.
2026-02-13 02:00:00+00:00,2026-02-12 18:00:00+00:00,8.0,2.47,-1.6,0.023311111111111116,0.0,0.023311111111111116,baseline,turbine_2,2026-02-13 00:00:00+00:00,turbine_2: на 2026-02-13T00:00:00+00:00 проверяемого факта пока нет; overlap_wind_change=0.780m/s>=0.5.
2026-02-13 03:00:00+00:00,2026-02-12 18:00:00+00:00,9.0,1.82,-1.2,0.01633333333333333,0.0,0.01633333333333333,baseline,turbine_2,2026-02-13 00:00:00+00:00,turbine_2: на 2026-02-13T00:00:00+00:00 проверяемого факта пока нет; overlap_wind_change=0.780m/s>=0.5.
2026-02-13 04:00:00+00:00,2026-02-12 18:00:00+00:00,10.0,1.68,-0.7,0.01532222222222222,0.0,0.01532222222222222,baseline,turbine_2,2026-02-13 00:00:00+00:00,turbine_2: на 2026-02-13T00:00:00+00:00 проверяемого факта пока нет; overlap_wind_change=0.780m/s>=0.5.
2026-02-13 05:00:00+00:00,2026-02-12 18:00:00+00:00,11.0,0.56,0.1,0.01,0.0,0.01,baseline,turbine_2,2026-02-13 00:00:00+00:00,turbine_2: на 2026-02-13T00:00:00+00:00 проверяемого факта пока нет; overlap_wind_change=0.780m/s>=0.5.
2026-02-13 06:00:00+00:00,2026-02-12 18:00:00+00:00,12.0,0.75,0.9,0.01,0.0,0.01,baseline,turbine_2,2026-02-13 00:00:00+00:00,turbine_2: на 2026-02-13T00:00:00+00:00 проверяемого факта пока нет; overlap_wind_change=0.780m/s>=0.5.
2026-02-13 07:00:00+00:00,2026-02-12 18:00:00+00:00,13.0,0.79,1.1,0.010311111111111111,0.004357371286804298,0.010311111111111111,baseline,turbine_2,2026-02-13 00:00:00+00:00,turbine_2: на 2026-02-13T00:00:00+00:00 проверяемого факта пока нет; overlap_wind_change=0.780m/s>=0.5.
2026-02-13 08:00:00+00:00,2026-02-12 18:00:00+00:00,14.0,0.89,2.3,0.01108888888888889,0.06979075315159489,0.01108888888888889,baseline,turbine_2,2026-02-13 00:00:00+00:00,turbine_2: на 2026-02-13T00:00:00+00:00 проверяемого факта пока нет; overlap_wind_change=0.780m/s>=0.5.
2026-02-13 09:00:00+00:00,2026-02-12 18:00:00+00:00,15.0,1.1,3.0,0.012722222222222222,0.0988068389632964,0.012722222222222222,baseline,turbine_2,2026-02-13 00:00:00+00:00,turbine_2: на 2026-02-13T00:00:00+00:00 проверяемого факта пока нет; overlap_wind_change=0.780m/s>=0.5.
2026-02-13 10:00:00+00:00,2026-02-12 18:00:00+00:00,16.0,1.48,2.9,0.014655555555555554,0.12682171220080835,0.014655555555555554,baseline,turbine_2,2026-02-13 00:00:00+00:00,turbine_2: на 2026-02-13T00:00:00+00:00 проверяемого факта пока нет; overlap_wind_change=0.780m/s>=0.5.
2026-02-13 11:00:00+00:00,2026-02-12 18:00:00+00:00,17.0,1.59,1.2,0.015022222222222222,0.12394051059107133,0.015022222222222222,baseline,turbine_2,2026-02-13 00:00:00+00:00,turbine_2: на 2026-02-13T00:00:00+00:00 проверяемого факта пока нет; overlap_wind_change=0.780m/s>=0.5.
2026-02-13 12:00:00+00:00,2026-02-12 18:00:00+00:00,18.0,1.68,0.2,0.01532222222222222,0.10677583363064737,0.01532222222222222,baseline,turbine_2,2026-02-13 00:00:00+00:00,turbine_2: на 2026-02-13T00:00:00+00:00 проверяемого факта пока нет; overlap_wind_change=0.780m/s>=0.5.
2026-02-13 13:00:00+00:00,2026-02-12 18:00:00+00:00,19.0,2.21,-0.4,0.020666666666666667,0.09282373390064479,0.020666666666666667,baseline,turbine_2,2026-02-13 00:00:00+00:00,turbine_2: на 2026-02-13T00:00:00+00:00 проверяемого факта пока нет; overlap_wind_change=0.780m/s>=0.5.
2026-02-13 14:00:00+00:00,2026-02-12 18:00:00+00:00,20.0,3.21,-1.2,0.0348,0.13114263033136475,0.0348,baseline,turbine_2,2026-02-13 00:00:00+00:00,turbine_2: на 2026-02-13T00:00:00+00:00 проверяемого факта пока нет; overlap_wind_change=0.780m/s>=0.5.
2026-02-13 15:00:00+00:00,2026-02-12 18:00:00+00:00,21.0,4.94,-1.0,0.1644166666666667,0.3486413096718797,0.1644166666666667,baseline,turbine_2,2026-02-13 00:00:00+00:00,turbine_2: на 2026-02-13T00:00:00+00:00 проверяемого факта пока нет; overlap_wind_change=0.780m/s>=0.5.
2026-02-13 16:00:00+00:00,2026-02-12 18:00:00+00:00,22.0,7.0,-0.4,0.5266666666666666,0.73237564973654,0.5266666666666666,baseline,turbine_2,2026-02-13 00:00:00+00:00,turbine_2: на 2026-02-13T00:00:00+00:00 проверяемого факта пока нет; overlap_wind_change=0.780m/s>=0.5.
2026-02-13 17:00:00+00:00,2026-02-12 18:00:00+00:00,23.0,7.65,-0.7,0.6391111111111111,0.7614321581141886,0.6391111111111111,baseline,turbine_2,2026-02-13 00:00:00+00:00,turbine_2: на 2026-02-13T00:00:00+00:00 проверяемого факта пока нет; overlap_wind_change=0.780m/s>=0.5.
2026-02-13 18:00:00+00:00,2026-02-12 18:00:00+00:00,24.0,7.38,-0.8,0.606711111111111,0.7580609559131329,0.606711111111111,baseline,turbine_2,2026-02-13 00:00:00+00:00,turbine_2: на 2026-02-13T00:00:00+00:00 проверяемого факта пока нет; overlap_wind_change=0.780m/s>=0.5.
2026-02-13 19:00:00+00:00,2026-02-12 18:00:00+00:00,25.0,7.34,-1.2,0.6019111111111111,0.7693772803544797,0.6019111111111111,baseline,turbine_2,2026-02-13 00:00:00+00:00,turbine_2: на 2026-02-13T00:00:00+00:00 проверяемого факта пока нет; overlap_wind_change=0.780m/s>=0.5.
2026-02-13 20:00:00+00:00,2026-02-12 18:00:00+00:00,26.0,7.54,-0.5,0.6259111111111111,0.6391775585526126,0.6259111111111111,baseline,turbine_2,2026-02-13 00:00:00+00:00,turbine_2: на 2026-02-13T00:00:00+00:00 проверяемого факта пока нет; overlap_wind_change=0.780m/s>=0.5.
2026-02-13 21:00:00+00:00,2026-02-12 18:00:00+00:00,27.0,7.39,-0.4,0.607911111111111,0.6367165450570839,0.607911111111111,baseline,turbine_2,2026-02-13 00:00:00+00:00,turbine_2: на 2026-02-13T00:00:00+00:00 проверяемого факта пока нет; overlap_wind_change=0.780m/s>=0.5.
2026-02-13 22:00:00+00:00,2026-02-12 18:00:00+00:00,28.0,7.48,-0.3,0.6187111111111111,0.6398981329507645,0.6187111111111111,baseline,turbine_2,2026-02-13 00:00:00+00:00,turbine_2: на 2026-02-13T00:00:00+00:00 проверяемого факта пока нет; overlap_wind_change=0.780m/s>=0.5.
2026-02-13 23:00:00+00:00,2026-02-12 18:00:00+00:00,29.0,7.15,-0.4,0.5653333333333334,0.6119489454736803,0.5653333333333334,baseline,turbine_2,2026-02-13 00:00:00+00:00,turbine_2: на 2026-02-13T00:00:00+00:00 проверяемого факта пока нет; overlap_wind_change=0.780m/s>=0.5.
2026-02-14 00:00:00+00:00,2026-02-12 18:00:00+00:00,30.0,6.42,-0.5,0.40172222222222215,0.5855169672869198,0.40172222222222215,baseline,turbine_2,2026-02-13 00:00:00+00:00,turbine_2: на 2026-02-13T00:00:00+00:00 проверяемого факта пока нет; overlap_wind_change=0.780m/s>=0.5.
2026-02-14 01:00:00+00:00,2026-02-12 18:00:00+00:00,31.0,5.82,-0.7,0.27476111111111123,0.41935445419644585,0.27476111111111123,baseline,turbine_2,2026-02-13 00:00:00+00:00,turbine_2: на 2026-02-13T00:00:00+00:00 проверяемого факта пока нет; overlap_wind_change=0.780m/s>=0.5.
2026-02-14 02:00:00+00:00,2026-02-12 18:00:00+00:00,32.0,3.72,-1.2,0.06715000000000002,0.1342020543358751,0.06715000000000002,baseline,turbine_2,2026-02-13 00:00:00+00:00,turbine_2: на 2026-02-13T00:00:00+00:00 проверяемого факта пока нет; overlap_wind_change=0.780m/s>=0.5.
2026-02-14 03:00:00+00:00,2026-02-12 18:00:00+00:00,33.0,2.75,0.2,0.026111111111111113,0.11684164018624987,0.026111111111111113,baseline,turbine_2,2026-02-13 00:00:00+00:00,turbine_2: на 2026-02-13T00:00:00+00:00 проверяемого факта пока нет; overlap_wind_change=0.780m/s>=0.5.
2026-02-14 04:00:00+00:00,2026-02-12 18:00:00+00:00,34.0,2.28,1.5,0.02141111111111111,0.1183053233285446,0.02141111111111111,baseline,turbine_2,2026-02-13 00:00:00+00:00,turbine_2: на 2026-02-13T00:00:00+00:00 проверяемого факта пока нет; overlap_wind_change=0.780m/s>=0.5.
2026-02-14 05:00:00+00:00,2026-02-12 18:00:00+00:00,35.0,2.27,2.4,0.02131111111111111,0.12204180498393186,0.02131111111111111,baseline,turbine_2,2026-02-13 00:00:00+00:00,turbine_2: на 2026-02-13T00:00:00+00:00 проверяемого факта пока нет; overlap_wind_change=0.780m/s>=0.5.
2026-02-14 06:00:00+00:00,2026-02-12 18:00:00+00:00,36.0,1.32,3.2,0.014122222222222222,0.09516496633862359,0.014122222222222222,baseline,turbine_2,2026-02-13 00:00:00+00:00,turbine_2: на 2026-02-13T00:00:00+00:00 проверяемого факта пока нет; overlap_wind_change=0.780m/s>=0.5.
2026-02-14 07:00:00+00:00,2026-02-12 18:00:00+00:00,37.0,1.04,2.8,0.012255555555555556,0.09529446348726767,0.012255555555555556,baseline,turbine_2,2026-02-13 00:00:00+00:00,turbine_2: на 2026-02-13T00:00:00+00:00 проверяемого факта пока нет; overlap_wind_change=0.780m/s>=0.5.
2026-02-14 08:00:00+00:00,2026-02-12 18:00:00+00:00,38.0,3.68,3.4,0.06446111111111112,0.19979415613127915,0.06446111111111112,baseline,turbine_2,2026-02-13 00:00:00+00:00,turbine_2: на 2026-02-13T00:00:00+00:00 проверяемого факта пока нет; overlap_wind_change=0.780m/s>=0.5.
2026-02-14 09:00:00+00:00,2026-02-12 18:00:00+00:00,39.0,3.47,3.0,0.050344444444444456,0.19555129655818093,0.050344444444444456,baseline,turbine_2,2026-02-13 00:00:00+00:00,turbine_2: на 2026-02-13T00:00:00+00:00 проверяемого факта пока нет; overlap_wind_change=0.780m/s>=0.5.
2026-02-14 10:00:00+00:00,2026-02-12 18:00:00+00:00,40.0,3.2,2.3,0.03461111111111111,0.1720579781054331,0.03461111111111111,baseline,turbine_2,2026-02-13 00:00:00+00:00,turbine_2: на 2026-02-13T00:00:00+00:00 проверяемого факта пока нет; overlap_wind_change=0.780m/s>=0.5.
2026-02-14 11:00:00+00:00,2026-02-12 18:00:00+00:00,41.0,3.23,1.7,0.03517777777777778,0.18392740528358817,0.03517777777777778,baseline,turbine_2,2026-02-13 00:00:00+00:00,turbine_2: на 2026-02-13T00:00:00+00:00 проверяемого факта пока нет; overlap_wind_change=0.780m/s>=0.5.
2026-02-14 12:00:00+00:00,2026-02-12 18:00:00+00:00,42.0,4.1,0.8,0.09502777777777775,0.2735550370306574,0.09502777777777775,baseline,turbine_2,2026-02-13 00:00:00+00:00,turbine_2: на 2026-02-13T00:00:00+00:00 проверяемого факта пока нет; overlap_wind_change=0.780m/s>=0.5.
2026-02-14 13:00:00+00:00,2026-02-12 18:00:00+00:00,43.0,4.18,0.5,0.10093888888888887,0.2757253197491273,0.10093888888888887,baseline,turbine_2,2026-02-13 00:00:00+00:00,turbine_2: на 2026-02-13T00:00:00+00:00 проверяемого факта пока нет; overlap_wind_change=0.780m/s>=0.5.
2026-02-14 14:00:00+00:00,2026-02-12 18:00:00+00:00,44.0,3.44,0.4,0.048327777777777775,0.18095573371483714,0.048327777777777775,baseline,turbine_2,2026-02-13 00:00:00+00:00,turbine_2: на 2026-02-13T00:00:00+00:00 проверяемого факта пока нет; overlap_wind_change=0.780m/s>=0.5.
2026-02-14 15:00:00+00:00,2026-02-12 18:00:00+00:00,45.0,2.59,0.1,0.024511111111111112,0.10709389413821434,0.024511111111111112,baseline,turbine_2,2026-02-13 00:00:00+00:00,turbine_2: на 2026-02-13T00:00:00+00:00 проверяемого факта пока нет; overlap_wind_change=0.780m/s>=0.5.
2026-02-14 16:00:00+00:00,2026-02-12 18:00:00+00:00,46.0,3.6,-0.2,0.05908333333333334,0.15389855815191214,0.05908333333333334,baseline,turbine_2,2026-02-13 00:00:00+00:00,turbine_2: на 2026-02-13T00:00:00+00:00 проверяемого факта пока нет; overlap_wind_change=0.780m/s>=0.5.
2026-02-14 17:00:00+00:00,2026-02-12 18:00:00+00:00,47.0,2.93,0.5,0.029511111111111116,0.12997814146259115,0.029511111111111116,baseline,turbine_2,2026-02-13 00:00:00+00:00,turbine_2: на 2026-02-13T00:00:00+00:00 проверяемого факта пока нет; overlap_wind_change=0.780m/s>=0.5.
2026-02-14 18:00:00+00:00,2026-02-12 18:00:00+00:00,48.0,2.27,1.0,0.02131111111111111,0.10820597528399434,0.02131111111111111,baseline,turbine_2,2026-02-13 00:00:00+00:00,turbine_2: на 2026-02-13T00:00:00+00:00 проверяемого факта пока нет; overlap_wind_change=0.780m/s>=0.5.
2026-02-14 19:00:00+00:00,2026-02-12 18:00:00+00:00,49.0,1.96,0.7,0.017888888888888888,0.10555839749190954,0.017888888888888888,baseline,turbine_2,2026-02-13 00:00:00+00:00,turbine_2: на 2026-02-13T00:00:00+00:00 проверяемого факта пока нет; overlap_wind_change=0.780m/s>=0.5.
2026-02-14 20:00:00+00:00,2026-02-12 18:00:00+00:00,50.0,0.67,-0.6,0.01,0.0615543487764461,0.01,baseline,turbine_2,2026-02-13 00:00:00+00:00,turbine_2: на 2026-02-13T00:00:00+00:00 проверяемого факта пока нет; overlap_wind_change=0.780m/s>=0.5.
2026-02-14 21:00:00+00:00,2026-02-12 18:00:00+00:00,51.0,1.89,-0.9,0.017111111111111108,0.10238872061595858,0.017111111111111108,baseline,turbine_2,2026-02-13 00:00:00+00:00,turbine_2: на 2026-02-13T00:00:00+00:00 проверяемого факта пока нет; overlap_wind_change=0.780m/s>=0.5.
2026-02-14 22:00:00+00:00,2026-02-12 18:00:00+00:00,52.0,1.17,-0.4,0.013266666666666666,0.08210355080375553,0.013266666666666666,baseline,turbine_2,2026-02-13 00:00:00+00:00,turbine_2: на 2026-02-13T00:00:00+00:00 проверяемого факта пока нет; overlap_wind_change=0.780m/s>=0.5.
2026-02-14 23:00:00+00:00,2026-02-12 18:00:00+00:00,53.0,2.97,-1.8,0.03026666666666667,0.12403582379087301,0.03026666666666667,baseline,turbine_2,2026-02-13 00:00:00+00:00,turbine_2: на 2026-02-13T00:00:00+00:00 проверяемого факта пока нет; overlap_wind_change=0.780m/s>=0.5.
2026-02-15 00:00:00+00:00,2026-02-12 18:00:00+00:00,54.0,4.29,-1.6,0.10946666666666667,0.16550753716723451,0.10946666666666667,baseline,turbine_2,2026-02-13 00:00:00+00:00,turbine_2: на 2026-02-13T00:00:00+00:00 проверяемого факта пока нет; overlap_wind_change=0.780m/s>=0.5.
2026-02-14 01:00:00+00:00,2026-02-13 18:00:00+00:00,7.0,6.13,-0.8,0.345,0.2609892693771826,0.345,baseline,turbine_1,2026-02-14 00:00:00+00:00,turbine_1: на 2026-02-14T00:00:00+00:00 проверяемого факта пока нет; overlap_wind_change=1.376m/s>=0.5.
2026-02-14 02:00:00+00:00,2026-02-13 18:00:00+00:00,8.0,5.2,-1.4,0.20311111111111113,0.13356452386869122,0.20311111111111113,baseline,turbine_1,2026-02-14 00:00:00+00:00,turbine_1: на 2026-02-14T00:00:00+00:00 проверяемого факта пока нет; overlap_wind_change=1.376m/s>=0.5.
2026-02-14 03:00:00+00:00,2026-02-13 18:00:00+00:00,9.0,4.35,-0.7,0.12988888888888886,0.05818430568865052,0.12988888888888886,baseline,turbine_1,2026-02-14 00:00:00+00:00,turbine_1: на 2026-02-14T00:00:00+00:00 проверяемого факта пока нет; overlap_wind_change=1.376m/s>=0.5.
2026-02-14 04:00:00+00:00,2026-02-13 18:00:00+00:00,10.0,2.96,0.7,0.03637777777777778,0.0,0.03637777777777778,baseline,turbine_1,2026-02-14 00:00:00+00:00,turbine_1: на 2026-02-14T00:00:00+00:00 проверяемого факта пока нет; overlap_wind_change=1.376m/s>=0.5.
2026-02-14 05:00:00+00:00,2026-02-13 18:00:00+00:00,11.0,0.74,1.2,0.01,0.0,0.01,baseline,turbine_1,2026-02-14 00:00:00+00:00,turbine_1: на 2026-02-14T00:00:00+00:00 проверяемого факта пока нет; overlap_wind_change=1.376m/s>=0.5.
2026-02-14 06:00:00+00:00,2026-02-13 18:00:00+00:00,12.0,1.93,1.9,0.018811111111111112,0.0,0.018811111111111112,baseline,turbine_1,2026-02-14 00:00:00+00:00,turbine_1: на 2026-02-14T00:00:00+00:00 проверяемого факта пока нет; overlap_wind_change=1.376m/s>=0.5.
2026-02-14 07:00:00+00:00,2026-02-13 18:00:00+00:00,13.0,3.54,2.8,0.0626388888888889,0.007620604857019605,0.0626388888888889,baseline,turbine_1,2026-02-14 00:00:00+00:00,turbine_1: на 2026-02-14T00:00:00+00:00 проверяемого факта пока нет; overlap_wind_change=1.376m/s>=0.5.
2026-02-14 08:00:00+00:00,2026-02-13 18:00:00+00:00,14.0,3.13,2.3,0.03996666666666667,0.0762425807711969,0.03996666666666667,baseline,turbine_1,2026-02-14 00:00:00+00:00,turbine_1: на 2026-02-14T00:00:00+00:00 проверяемого факта пока нет; overlap_wind_change=1.376m/s>=0.5.
2026-02-14 09:00:00+00:00,2026-02-13 18:00:00+00:00,15.0,1.93,3.4,0.018811111111111112,0.1107249286524327,0.018811111111111112,baseline,turbine_1,2026-02-14 00:00:00+00:00,turbine_1: на 2026-02-14T00:00:00+00:00 проверяемого факта пока нет; overlap_wind_change=1.376m/s>=0.5.
2026-02-14 10:00:00+00:00,2026-02-13 18:00:00+00:00,16.0,1.24,3.0,0.0149,0.08118661625808489,0.0149,baseline,turbine_1,2026-02-14 00:00:00+00:00,turbine_1: на 2026-02-14T00:00:00+00:00 проверяемого факта пока нет; overlap_wind_change=1.376m/s>=0.5.
2026-02-14 11:00:00+00:00,2026-02-13 18:00:00+00:00,17.0,1.01,2.4,0.0126,0.05101234490194689,0.0126,baseline,turbine_1,2026-02-14 00:00:00+00:00,turbine_1: на 2026-02-14T00:00:00+00:00 проверяемого факта пока нет; overlap_wind_change=1.376m/s>=0.5.
2026-02-14 12:00:00+00:00,2026-02-13 18:00:00+00:00,18.0,1.32,-0.3,0.015155555555555556,0.043463464566021216,0.015155555555555556,baseline,turbine_1,2026-02-14 00:00:00+00:00,turbine_1: на 2026-02-14T00:00:00+00:00 проверяемого факта пока нет; overlap_wind_change=1.376m/s>=0.5.
2026-02-14 13:00:00+00:00,2026-02-13 18:00:00+00:00,19.0,0.9,-0.6,0.0115,0.01791421048550768,0.0115,baseline,turbine_1,2026-02-14 00:00:00+00:00,turbine_1: на 2026-02-14T00:00:00+00:00 проверяемого факта пока нет; overlap_wind_change=1.376m/s>=0.5.
2026-02-14 14:00:00+00:00,2026-02-13 18:00:00+00:00,20.0,1.26,-2.3,0.015022222222222222,0.042095329355946356,0.015022222222222222,baseline,turbine_1,2026-02-14 00:00:00+00:00,turbine_1: на 2026-02-14T00:00:00+00:00 проверяемого факта пока нет; overlap_wind_change=1.376m/s>=0.5.
2026-02-14 15:00:00+00:00,2026-02-13 18:00:00+00:00,21.0,4.37,-0.9,0.1317,0.20311454791891034,0.1317,baseline,turbine_1,2026-02-14 00:00:00+00:00,turbine_1: на 2026-02-14T00:00:00+00:00 проверяемого факта пока нет; overlap_wind_change=1.376m/s>=0.5.
2026-02-14 16:00:00+00:00,2026-02-13 18:00:00+00:00,22.0,2.66,-0.9,0.03044444444444445,0.09979173191081911,0.03044444444444445,baseline,turbine_1,2026-02-14 00:00:00+00:00,turbine_1: на 2026-02-14T00:00:00+00:00 проверяемого факта пока нет; overlap_wind_change=1.376m/s>=0.5.
2026-02-14 17:00:00+00:00,2026-02-13 18:00:00+00:00,23.0,2.09,-1.3,0.02121111111111111,0.09288757945102342,0.02121111111111111,baseline,turbine_1,2026-02-14 00:00:00+00:00,turbine_1: на 2026-02-14T00:00:00+00:00 проверяемого факта пока нет; overlap_wind_change=1.376m/s>=0.5.
2026-02-14 18:00:00+00:00,2026-02-13 18:00:00+00:00,24.0,0.43,-1.0,0.01,0.043674757535667144,0.01,baseline,turbine_1,2026-02-14 00:00:00+00:00,turbine_1: на 2026-02-14T00:00:00+00:00 проверяемого факта пока нет; overlap_wind_change=1.376m/s>=0.5.
2026-02-14 19:00:00+00:00,2026-02-13 18:00:00+00:00,25.0,0.6,-0.6,0.01,0.043752847656827895,0.01,baseline,turbine_1,2026-02-14 00:00:00+00:00,turbine_1: на 2026-02-14T00:00:00+00:00 проверяемого факта пока нет; overlap_wind_change=1.376m/s>=0.5.
2026-02-14 20:00:00+00:00,2026-02-13 18:00:00+00:00,26.0,1.16,-0.1,0.014099999999999998,0.06740978367644997,0.014099999999999998,baseline,turbine_1,2026-02-14 00:00:00+00:00,turbine_1: на 2026-02-14T00:00:00+00:00 проверяемого факта пока нет; overlap_wind_change=1.376m/s>=0.5.
2026-02-14 21:00:00+00:00,2026-02-13 18:00:00+00:00,27.0,1.32,-1.4,0.015155555555555556,0.06898588358024287,0.015155555555555556,baseline,turbine_1,2026-02-14 00:00:00+00:00,turbine_1: на 2026-02-14T00:00:00+00:00 проверяемого факта пока нет; overlap_wind_change=1.376m/s>=0.5.
2026-02-14 22:00:00+00:00,2026-02-13 18:00:00+00:00,28.0,2.22,-2.2,0.023161111111111115,0.07932743450303763,0.023161111111111115,baseline,turbine_1,2026-02-14 00:00:00+00:00,turbine_1: на 2026-02-14T00:00:00+00:00 проверяемого факта пока нет; overlap_wind_change=1.376m/s>=0.5.
2026-02-14 23:00:00+00:00,2026-02-13 18:00:00+00:00,29.0,3.65,-3.2,0.07027777777777777,0.14479552121023778,0.07027777777777777,baseline,turbine_1,2026-02-14 00:00:00+00:00,turbine_1: на 2026-02-14T00:00:00+00:00 проверяемого факта пока нет; overlap_wind_change=1.376m/s>=0.5.
2026-02-15 00:00:00+00:00,2026-02-13 18:00:00+00:00,30.0,4.54,-2.6,0.14709444444444444,0.2000133494643451,0.14709444444444444,baseline,turbine_1,2026-02-14 00:00:00+00:00,turbine_1: на 2026-02-14T00:00:00+00:00 проверяемого факта пока нет; overlap_wind_change=1.376m/s>=0.5.
2026-02-15 01:00:00+00:00,2026-02-13 18:00:00+00:00,31.0,5.25,-2.5,0.20722222222222222,0.2758691649302409,0.20722222222222222,baseline,turbine_1,2026-02-14 00:00:00+00:00,turbine_1: на 2026-02-14T00:00:00+00:00 проверяемого факта пока нет; overlap_wind_change=1.376m/s>=0.5.
2026-02-15 02:00:00+00:00,2026-02-13 18:00:00+00:00,32.0,5.82,-2.6,0.2761111111111112,0.4232560753131704,0.2761111111111112,baseline,turbine_1,2026-02-14 00:00:00+00:00,turbine_1: на 2026-02-14T00:00:00+00:00 проверяемого факта пока нет; overlap_wind_change=1.376m/s>=0.5.
2026-02-15 03:00:00+00:00,2026-02-13 18:00:00+00:00,33.0,6.33,-1.2,0.3877555555555555,0.6176757036225652,0.3877555555555555,baseline,turbine_1,2026-02-14 00:00:00+00:00,turbine_1: на 2026-02-14T00:00:00+00:00 проверяемого факта пока нет; overlap_wind_change=1.376m/s>=0.5.
2026-02-15 04:00:00+00:00,2026-02-13 18:00:00+00:00,34.0,6.81,1.7,0.48612222222222207,0.5894035694706304,0.48612222222222207,baseline,turbine_1,2026-02-14 00:00:00+00:00,turbine_1: на 2026-02-14T00:00:00+00:00 проверяемого факта пока нет; overlap_wind_change=1.376m/s>=0.5.
2026-02-15 05:00:00+00:00,2026-02-13 18:00:00+00:00,35.0,7.59,3.1,0.6297999999999999,0.6382928916063724,0.6297999999999999,baseline,turbine_1,2026-02-14 00:00:00+00:00,turbine_1: на 2026-02-14T00:00:00+00:00 проверяемого факта пока нет; overlap_wind_change=1.376m/s>=0.5.
2026-02-15 06:00:00+00:00,2026-02-13 18:00:00+00:00,36.0,8.02,4.4,0.7119944444444444,0.5676558564000754,0.7119944444444444,baseline,turbine_1,2026-02-14 00:00:00+00:00,turbine_1: на 2026-02-14T00:00:00+00:00 проверяемого факта пока нет; overlap_wind_change=1.376m/s>=0.5.
2026-02-15 07:00:00+00:00,2026-02-13 18:00:00+00:00,37.0,9.31,6.4,0.9571222222222222,0.8156585385125246,0.9571222222222222,baseline,turbine_1,2026-02-14 00:00:00+00:00,turbine_1: на 2026-02-14T00:00:00+00:00 проверяемого факта пока нет; overlap_wind_change=1.376m/s>=0.5.
2026-02-15 08:00:00+00:00,2026-02-13 18:00:00+00:00,38.0,9.57,6.9,0.9711333333333334,0.8492924520045776,0.9711333333333334,baseline,turbine_1,2026-02-14 00:00:00+00:00,turbine_1: на 2026-02-14T00:00:00+00:00 проверяемого факта пока нет; overlap_wind_change=1.376m/s>=0.5.
2026-02-15 09:00:00+00:00,2026-02-13 18:00:00+00:00,39.0,9.12,7.5,0.9294055555555554,0.8117247655344914,0.9294055555555554,baseline,turbine_1,2026-02-14 00:00:00+00:00,turbine_1: на 2026-02-14T00:00:00+00:00 проверяемого факта пока нет; overlap_wind_change=1.376m/s>=0.5.
2026-02-15 10:00:00+00:00,2026-02-13 18:00:00+00:00,40.0,8.46,7.6,0.8049444444444446,0.7046019207247309,0.8049444444444446,baseline,turbine_1,2026-02-14 00:00:00+00:00,turbine_1: на 2026-02-14T00:00:00+00:00 проверяемого факта пока нет; overlap_wind_change=1.376m/s>=0.5.
2026-02-15 11:00:00+00:00,2026-02-13 18:00:00+00:00,41.0,8.23,6.1,0.7606444444444446,0.5367546985026502,0.7606444444444446,baseline,turbine_1,2026-02-14 00:00:00+00:00,turbine_1: на 2026-02-14T00:00:00+00:00 проверяемого факта пока нет; overlap_wind_change=1.376m/s>=0.5.
2026-02-15 12:00:00+00:00,2026-02-13 18:00:00+00:00,42.0,8.08,3.6,0.7258944444444445,0.5336279045383651,0.7258944444444445,baseline,turbine_1,2026-02-14 00:00:00+00:00,turbine_1: на 2026-02-14T00:00:00+00:00 проверяемого факта пока нет; overlap_wind_change=1.376m/s>=0.5.
2026-02-15 13:00:00+00:00,2026-02-13 18:00:00+00:00,43.0,7.93,1.7,0.6911444444444443,0.6647152424635029,0.6911444444444443,baseline,turbine_1,2026-02-14 00:00:00+00:00,turbine_1: на 2026-02-14T00:00:00+00:00 проверяемого факта пока нет; overlap_wind_change=1.376m/s>=0.5.
2026-02-15 14:00:00+00:00,2026-02-13 18:00:00+00:00,44.0,8.12,1.3,0.7351611111111109,0.6720572746685956,0.7351611111111109,baseline,turbine_1,2026-02-14 00:00:00+00:00,turbine_1: на 2026-02-14T00:00:00+00:00 проверяемого факта пока нет; overlap_wind_change=1.376m/s>=0.5.
2026-02-15 15:00:00+00:00,2026-02-13 18:00:00+00:00,45.0,8.08,1.2,0.7258944444444445,0.6697167688486803,0.7258944444444445,baseline,turbine_1,2026-02-14 00:00:00+00:00,turbine_1: на 2026-02-14T00:00:00+00:00 проверяемого факта пока нет; overlap_wind_change=1.376m/s>=0.5.
2026-02-15 16:00:00+00:00,2026-02-13 18:00:00+00:00,46.0,7.83,1.3,0.6679777777777778,0.6730610209439106,0.6679777777777778,baseline,turbine_1,2026-02-14 00:00:00+00:00,turbine_1: на 2026-02-14T00:00:00+00:00 проверяемого факта пока нет; overlap_wind_change=1.376m/s>=0.5.
2026-02-15 17:00:00+00:00,2026-02-13 18:00:00+00:00,47.0,7.01,1.2,0.5324555555555555,0.6540801448052715,0.5324555555555555,baseline,turbine_1,2026-02-14 00:00:00+00:00,turbine_1: на 2026-02-14T00:00:00+00:00 проверяемого факта пока нет; overlap_wind_change=1.376m/s>=0.5.
2026-02-15 18:00:00+00:00,2026-02-13 18:00:00+00:00,48.0,6.72,1.3,0.46618888888888876,0.664949382356016,0.46618888888888876,baseline,turbine_1,2026-02-14 00:00:00+00:00,turbine_1: на 2026-02-14T00:00:00+00:00 проверяемого факта пока нет; overlap_wind_change=1.376m/s>=0.5.
2026-02-15 19:00:00+00:00,2026-02-13 18:00:00+00:00,49.0,6.68,1.3,0.4581444444444443,0.6564318100807653,0.4581444444444443,baseline,turbine_1,2026-02-14 00:00:00+00:00,turbine_1: на 2026-02-14T00:00:00+00:00 проверяемого факта пока нет; overlap_wind_change=1.376m/s>=0.5.
2026-02-15 20:00:00+00:00,2026-02-13 18:00:00+00:00,50.0,6.77,1.2,0.47685555555555537,0.5938527818045872,0.47685555555555537,baseline,turbine_1,2026-02-14 00:00:00+00:00,turbine_1: на 2026-02-14T00:00:00+00:00 проверяемого факта пока нет; overlap_wind_change=1.376m/s>=0.5.
2026-02-15 21:00:00+00:00,2026-02-13 18:00:00+00:00,51.0,6.61,1.3,0.44406666666666667,0.5797483119227871,0.44406666666666667,baseline,turbine_1,2026-02-14 00:00:00+00:00,turbine_1: на 2026-02-14T00:00:00+00:00 проверяемого факта пока нет; overlap_wind_change=1.376m/s>=0.5.
2026-02-15 22:00:00+00:00,2026-02-13 18:00:00+00:00,52.0,6.22,1.2,0.36499999999999994,0.4885547031181214,0.36499999999999994,baseline,turbine_1,2026-02-14 00:00:00+00:00,turbine_1: на 2026-02-14T00:00:00+00:00 проверяемого факта пока нет; overlap_wind_change=1.376m/s>=0.5.
2026-02-15 23:00:00+00:00,2026-02-13 18:00:00+00:00,53.0,5.95,1.5,0.30500000000000005,0.43335518219785707,0.30500000000000005,baseline,turbine_1,2026-02-14 00:00:00+00:00,turbine_1: на 2026-02-14T00:00:00+00:00 проверяемого факта пока нет; overlap_wind_change=1.376m/s>=0.5.
2026-02-16 00:00:00+00:00,2026-02-13 18:00:00+00:00,54.0,5.76,1.3,0.2627777777777778,0.35788292953850076,0.2627777777777778,baseline,turbine_1,2026-02-14 00:00:00+00:00,turbine_1: на 2026-02-14T00:00:00+00:00 проверяемого факта пока нет; overlap_wind_change=1.376m/s>=0.5.
2026-02-14 01:00:00+00:00,2026-02-13 18:00:00+00:00,7.0,6.13,-0.8,0.3438222222222222,0.26572901154561474,0.3438222222222222,baseline,turbine_2,2026-02-14 00:00:00+00:00,turbine_2: на 2026-02-14T00:00:00+00:00 проверяемого факта пока нет; overlap_wind_change=1.376m/s>=0.5.
2026-02-14 02:00:00+00:00,2026-02-13 18:00:00+00:00,8.0,5.2,-1.4,0.18680555555555556,0.14686718986957284,0.18680555555555556,baseline,turbine_2,2026-02-14 00:00:00+00:00,turbine_2: на 2026-02-14T00:00:00+00:00 проверяемого факта пока нет; overlap_wind_change=1.376m/s>=0.5.
2026-02-14 03:00:00+00:00,2026-02-13 18:00:00+00:00,9.0,4.35,-0.7,0.11449999999999998,0.05762799821128375,0.11449999999999998,baseline,turbine_2,2026-02-14 00:00:00+00:00,turbine_2: на 2026-02-14T00:00:00+00:00 проверяемого факта пока нет; overlap_wind_change=1.376m/s>=0.5.
2026-02-14 04:00:00+00:00,2026-02-13 18:00:00+00:00,10.0,2.96,0.7,0.03007777777777778,0.0,0.03007777777777778,baseline,turbine_2,2026-02-14 00:00:00+00:00,turbine_2: на 2026-02-14T00:00:00+00:00 проверяемого факта пока нет; overlap_wind_change=1.376m/s>=0.5.
2026-02-14 05:00:00+00:00,2026-02-13 18:00:00+00:00,11.0,0.74,1.2,0.01,0.0,0.01,baseline,turbine_2,2026-02-14 00:00:00+00:00,turbine_2: на 2026-02-14T00:00:00+00:00 проверяемого факта пока нет; overlap_wind_change=1.376m/s>=0.5.
2026-02-14 06:00:00+00:00,2026-02-13 18:00:00+00:00,12.0,1.93,1.9,0.017555555555555553,0.0045011605813332165,0.017555555555555553,baseline,turbine_2,2026-02-14 00:00:00+00:00,turbine_2: на 2026-02-14T00:00:00+00:00 проверяемого факта пока нет; overlap_wind_change=1.376m/s>=0.5.
2026-02-14 07:00:00+00:00,2026-02-13 18:00:00+00:00,13.0,3.54,2.8,0.05505,0.04852180105679874,0.05505,baseline,turbine_2,2026-02-14 00:00:00+00:00,turbine_2: на 2026-02-14T00:00:00+00:00 проверяемого факта пока нет; overlap_wind_change=1.376m/s>=0.5.
2026-02-14 08:00:00+00:00,2026-02-13 18:00:00+00:00,14.0,3.13,2.3,0.03328888888888889,0.09938588538662416,0.03328888888888889,baseline,turbine_2,2026-02-14 00:00:00+00:00,turbine_2: на 2026-02-14T00:00:00+00:00 проверяемого факта пока нет; overlap_wind_change=1.376m/s>=0.5.
2026-02-14 09:00:00+00:00,2026-02-13 18:00:00+00:00,15.0,1.93,3.4,0.017555555555555553,0.13236531049767916,0.017555555555555553,baseline,turbine_2,2026-02-14 00:00:00+00:00,turbine_2: на 2026-02-14T00:00:00+00:00 проверяемого факта пока нет; overlap_wind_change=1.376m/s>=0.5.
2026-02-14 10:00:00+00:00,2026-02-13 18:00:00+00:00,16.0,1.24,3.0,0.01381111111111111,0.10676776057943713,0.01381111111111111,baseline,turbine_2,2026-02-14 00:00:00+00:00,turbine_2: на 2026-02-14T00:00:00+00:00 проверяемого факта пока нет; overlap_wind_change=1.376m/s>=0.5.
2026-02-14 11:00:00+00:00,2026-02-13 18:00:00+00:00,17.0,1.01,2.4,0.012022222222222222,0.09569372081647287,0.012022222222222222,baseline,turbine_2,2026-02-14 00:00:00+00:00,turbine_2: на 2026-02-14T00:00:00+00:00 проверяемого факта пока нет; overlap_wind_change=1.376m/s>=0.5.
2026-02-14 12:00:00+00:00,2026-02-13 18:00:00+00:00,18.0,1.32,-0.3,0.014122222222222222,0.07490800550223037,0.014122222222222222,baseline,turbine_2,2026-02-14 00:00:00+00:00,turbine_2: на 2026-02-14T00:00:00+00:00 проверяемого факта пока нет; overlap_wind_change=1.376m/s>=0.5.
2026-02-14 13:00:00+00:00,2026-02-13 18:00:00+00:00,19.0,0.9,-0.6,0.011166666666666667,0.06178983558941312,0.011166666666666667,baseline,turbine_2,2026-02-14 00:00:00+00:00,turbine_2: на 2026-02-14T00:00:00+00:00 проверяемого факта пока нет; overlap_wind_change=1.376m/s>=0.5.
2026-02-14 14:00:00+00:00,2026-02-13 18:00:00+00:00,20.0,1.26,-2.3,0.013922222222222221,0.07644516088118135,0.013922222222222221,baseline,turbine_2,2026-02-14 00:00:00+00:00,turbine_2: на 2026-02-14T00:00:00+00:00 проверяемого факта пока нет; overlap_wind_change=1.376m/s>=0.5.
2026-02-14 15:00:00+00:00,2026-02-13 18:00:00+00:00,21.0,4.37,-0.9,0.1161777777777778,0.22470941280856346,0.1161777777777778,baseline,turbine_2,2026-02-14 00:00:00+00:00,turbine_2: на 2026-02-14T00:00:00+00:00 проверяемого факта пока нет; overlap_wind_change=1.376m/s>=0.5.
2026-02-14 16:00:00+00:00,2026-02-13 18:00:00+00:00,22.0,2.66,-0.9,0.025211111111111115,0.10998376286662759,0.025211111111111115,baseline,turbine_2,2026-02-14 00:00:00+00:00,turbine_2: на 2026-02-14T00:00:00+00:00 проверяемого факта пока нет; overlap_wind_change=1.376m/s>=0.5.
2026-02-14 17:00:00+00:00,2026-02-13 18:00:00+00:00,23.0,2.09,-1.3,0.01933333333333333,0.10093208573713199,0.01933333333333333,baseline,turbine_2,2026-02-14 00:00:00+00:00,turbine_2: на 2026-02-14T00:00:00+00:00 проверяемого факта пока нет; overlap_wind_change=1.376m/s>=0.5.
2026-02-14 18:00:00+00:00,2026-02-13 18:00:00+00:00,24.0,0.43,-1.0,0.01,0.06543987330798545,0.01,baseline,turbine_2,2026-02-14 00:00:00+00:00,turbine_2: на 2026-02-14T00:00:00+00:00 проверяемого факта пока нет; overlap_wind_change=1.376m/s>=0.5.
2026-02-14 19:00:00+00:00,2026-02-13 18:00:00+00:00,25.0,0.6,-0.6,0.01,0.06433377085799473,0.01,baseline,turbine_2,2026-02-14 00:00:00+00:00,turbine_2: на 2026-02-14T00:00:00+00:00 проверяемого факта пока нет; overlap_wind_change=1.376m/s>=0.5.
2026-02-14 20:00:00+00:00,2026-02-13 18:00:00+00:00,26.0,1.16,-0.1,0.013188888888888887,0.07935287611212044,0.013188888888888887,baseline,turbine_2,2026-02-14 00:00:00+00:00,turbine_2: на 2026-02-14T00:00:00+00:00 проверяемого факта пока нет; overlap_wind_change=1.376m/s>=0.5.
2026-02-14 21:00:00+00:00,2026-02-13 18:00:00+00:00,27.0,1.32,-1.4,0.014122222222222222,0.08849041861962349,0.014122222222222222,baseline,turbine_2,2026-02-14 00:00:00+00:00,turbine_2: на 2026-02-14T00:00:00+00:00 проверяемого факта пока нет; overlap_wind_change=1.376m/s>=0.5.
2026-02-14 22:00:00+00:00,2026-02-13 18:00:00+00:00,28.0,2.22,-2.2,0.02077777777777778,0.10678105124953777,0.02077777777777778,baseline,turbine_2,2026-02-14 00:00:00+00:00,turbine_2: на 2026-02-14T00:00:00+00:00 проверяемого факта пока нет; overlap_wind_change=1.376m/s>=0.5.
2026-02-14 23:00:00+00:00,2026-02-13 18:00:00+00:00,29.0,3.65,-3.2,0.06244444444444444,0.1638931308118361,0.06244444444444444,baseline,turbine_2,2026-02-14 00:00:00+00:00,turbine_2: на 2026-02-14T00:00:00+00:00 проверяемого факта пока нет; overlap_wind_change=1.376m/s>=0.5.
2026-02-15 00:00:00+00:00,2026-02-13 18:00:00+00:00,30.0,4.54,-2.6,0.1304388888888889,0.18552494344519782,0.1304388888888889,baseline,turbine_2,2026-02-14 00:00:00+00:00,turbine_2: на 2026-02-14T00:00:00+00:00 проверяемого факта пока нет; overlap_wind_change=1.376m/s>=0.5.
2026-02-15 01:00:00+00:00,2026-02-13 18:00:00+00:00,31.0,5.25,-2.5,0.1911111111111111,0.2904152965887458,0.1911111111111111,baseline,turbine_2,2026-02-14 00:00:00+00:00,turbine_2: на 2026-02-14T00:00:00+00:00 проверяемого факта пока нет; overlap_wind_change=1.376m/s>=0.5.
2026-02-15 02:00:00+00:00,2026-02-13 18:00:00+00:00,32.0,5.82,-2.6,0.27476111111111123,0.43921084201066246,0.27476111111111123,baseline,turbine_2,2026-02-14 00:00:00+00:00,turbine_2: на 2026-02-14T00:00:00+00:00 проверяемого факта пока нет; overlap_wind_change=1.376m/s>=0.5.
2026-02-15 03:00:00+00:00,2026-02-13 18:00:00+00:00,33.0,6.33,-1.2,0.3852222222222222,0.6134422806816385,0.3852222222222222,baseline,turbine_2,2026-02-14 00:00:00+00:00,turbine_2: на 2026-02-14T00:00:00+00:00 проверяемого факта пока нет; overlap_wind_change=1.376m/s>=0.5.
2026-02-15 04:00:00+00:00,2026-02-13 18:00:00+00:00,34.0,6.81,1.7,0.4776888888888887,0.6121765837740493,0.4776888888888887,baseline,turbine_2,2026-02-14 00:00:00+00:00,turbine_2: на 2026-02-14T00:00:00+00:00 проверяемого факта пока нет; overlap_wind_change=1.376m/s>=0.5.
2026-02-15 05:00:00+00:00,2026-02-13 18:00:00+00:00,35.0,7.59,3.1,0.6319111111111111,0.6028014366656196,0.6319111111111111,baseline,turbine_2,2026-02-14 00:00:00+00:00,turbine_2: на 2026-02-14T00:00:00+00:00 проверяемого факта пока нет; overlap_wind_change=1.376m/s>=0.5.
2026-02-15 06:00:00+00:00,2026-02-13 18:00:00+00:00,36.0,8.02,4.4,0.7177111111111109,0.5306112423320647,0.7177111111111109,baseline,turbine_2,2026-02-14 00:00:00+00:00,turbine_2: на 2026-02-14T00:00:00+00:00 проверяемого факта пока нет; overlap_wind_change=1.376m/s>=0.5.
2026-02-15 07:00:00+00:00,2026-02-13 18:00:00+00:00,37.0,9.31,6.4,0.9475888888888888,0.9405660629847118,0.9475888888888888,baseline,turbine_2,2026-02-14 00:00:00+00:00,turbine_2: на 2026-02-14T00:00:00+00:00 проверяемого факта пока нет; overlap_wind_change=1.376m/s>=0.5.
2026-02-15 08:00:00+00:00,2026-02-13 18:00:00+00:00,38.0,9.57,6.9,0.960011111111111,0.9573398303040114,0.960011111111111,baseline,turbine_2,2026-02-14 00:00:00+00:00,turbine_2: на 2026-02-14T00:00:00+00:00 проверяемого факта пока нет; overlap_wind_change=1.376m/s>=0.5.
2026-02-15 09:00:00+00:00,2026-02-13 18:00:00+00:00,39.0,9.12,7.5,0.9199499999999997,0.8585560660232365,0.9199499999999997,baseline,turbine_2,2026-02-14 00:00:00+00:00,turbine_2: на 2026-02-14T00:00:00+00:00 проверяемого факта пока нет; overlap_wind_change=1.376m/s>=0.5.
2026-02-15 10:00:00+00:00,2026-02-13 18:00:00+00:00,40.0,8.46,7.6,0.8059444444444445,0.6544938858094967,0.8059444444444445,baseline,turbine_2,2026-02-14 00:00:00+00:00,turbine_2: на 2026-02-14T00:00:00+00:00 проверяемого факта пока нет; overlap_wind_change=1.376m/s>=0.5.
2026-02-15 11:00:00+00:00,2026-02-13 18:00:00+00:00,41.0,8.23,6.1,0.769511111111111,0.6321879361579356,0.769511111111111,baseline,turbine_2,2026-02-14 00:00:00+00:00,turbine_2: на 2026-02-14T00:00:00+00:00 проверяемого факта пока нет; overlap_wind_change=1.376m/s>=0.5.
2026-02-15 12:00:00+00:00,2026-02-13 18:00:00+00:00,42.0,8.08,3.6,0.732511111111111,0.6485248352957779,0.732511111111111,baseline,turbine_2,2026-02-14 00:00:00+00:00,turbine_2: на 2026-02-14T00:00:00+00:00 проверяемого факта пока нет; overlap_wind_change=1.376m/s>=0.5.
2026-02-15 13:00:00+00:00,2026-02-13 18:00:00+00:00,43.0,7.93,1.7,0.695511111111111,0.7817328991468615,0.695511111111111,baseline,turbine_2,2026-02-14 00:00:00+00:00,turbine_2: на 2026-02-14T00:00:00+00:00 проверяемого факта пока нет; overlap_wind_change=1.376m/s>=0.5.
2026-02-15 14:00:00+00:00,2026-02-13 18:00:00+00:00,44.0,8.12,1.3,0.7423777777777775,0.7797734602411593,0.7423777777777775,baseline,turbine_2,2026-02-14 00:00:00+00:00,turbine_2: на 2026-02-14T00:00:00+00:00 проверяемого факта пока нет; overlap_wind_change=1.376m/s>=0.5.
2026-02-15 15:00:00+00:00,2026-02-13 18:00:00+00:00,45.0,8.08,1.2,0.732511111111111,0.7768574081594928,0.732511111111111,baseline,turbine_2,2026-02-14 00:00:00+00:00,turbine_2: на 2026-02-14T00:00:00+00:00 проверяемого факта пока нет; overlap_wind_change=1.376m/s>=0.5.
2026-02-15 16:00:00+00:00,2026-02-13 18:00:00+00:00,46.0,7.83,1.3,0.6708444444444445,0.7892352033361373,0.6708444444444445,baseline,turbine_2,2026-02-14 00:00:00+00:00,turbine_2: на 2026-02-14T00:00:00+00:00 проверяемого факта пока нет; overlap_wind_change=1.376m/s>=0.5.
2026-02-15 17:00:00+00:00,2026-02-13 18:00:00+00:00,47.0,7.01,1.2,0.5292444444444443,0.6969009572904976,0.5292444444444443,baseline,turbine_2,2026-02-14 00:00:00+00:00,turbine_2: на 2026-02-14T00:00:00+00:00 проверяемого факта пока нет; overlap_wind_change=1.376m/s>=0.5.
2026-02-15 18:00:00+00:00,2026-02-13 18:00:00+00:00,48.0,6.72,1.3,0.4567222222222221,0.7024326391000957,0.4567222222222221,baseline,turbine_2,2026-02-14 00:00:00+00:00,turbine_2: на 2026-02-14T00:00:00+00:00 проверяемого факта пока нет; overlap_wind_change=1.376m/s>=0.5.
2026-02-15 19:00:00+00:00,2026-02-13 18:00:00+00:00,49.0,6.68,1.3,0.4493888888888888,0.6969825604542839,0.4493888888888888,baseline,turbine_2,2026-02-14 00:00:00+00:00,turbine_2: на 2026-02-14T00:00:00+00:00 проверяемого факта пока нет; overlap_wind_change=1.376m/s>=0.5.
2026-02-15 20:00:00+00:00,2026-02-13 18:00:00+00:00,50.0,6.77,1.2,0.4673777777777776,0.5859473810312406,0.4673777777777776,baseline,turbine_2,2026-02-14 00:00:00+00:00,turbine_2: на 2026-02-14T00:00:00+00:00 проверяемого факта пока нет; overlap_wind_change=1.376m/s>=0.5.
2026-02-15 21:00:00+00:00,2026-02-13 18:00:00+00:00,51.0,6.61,1.3,0.43655555555555553,0.5629282354673785,0.43655555555555553,baseline,turbine_2,2026-02-14 00:00:00+00:00,turbine_2: на 2026-02-14T00:00:00+00:00 проверяемого факта пока нет; overlap_wind_change=1.376m/s>=0.5.
2026-02-15 22:00:00+00:00,2026-02-13 18:00:00+00:00,52.0,6.22,1.2,0.36387222222222215,0.534932330515017,0.36387222222222215,baseline,turbine_2,2026-02-14 00:00:00+00:00,turbine_2: на 2026-02-14T00:00:00+00:00 проверяемого факта пока нет; overlap_wind_change=1.376m/s>=0.5.
2026-02-15 23:00:00+00:00,2026-02-13 18:00:00+00:00,53.0,5.95,1.5,0.3037222222222223,0.44746383421099495,0.3037222222222223,baseline,turbine_2,2026-02-14 00:00:00+00:00,turbine_2: на 2026-02-14T00:00:00+00:00 проверяемого факта пока нет; overlap_wind_change=1.376m/s>=0.5.
2026-02-16 00:00:00+00:00,2026-02-13 18:00:00+00:00,54.0,5.76,1.3,0.26139444444444443,0.39207603392771606,0.26139444444444443,baseline,turbine_2,2026-02-14 00:00:00+00:00,turbine_2: на 2026-02-14T00:00:00+00:00 проверяемого факта пока нет; overlap_wind_change=1.376m/s>=0.5.
2026-02-15 01:00:00+00:00,2026-02-14 18:00:00+00:00,7.0,5.27,-2.1,0.20935555555555552,0.13208078524660594,0.20935555555555552,baseline,turbine_1,2026-02-15 00:00:00+00:00,turbine_1: на 2026-02-15T00:00:00+00:00 проверяемого факта пока нет; overlap_wind_change=0.547m/s>=0.5.
2026-02-15 02:00:00+00:00,2026-02-14 18:00:00+00:00,8.0,6.24,-1.9,0.36944444444444446,0.3143913877446564,0.36944444444444446,baseline,turbine_1,2026-02-15 00:00:00+00:00,turbine_1: на 2026-02-15T00:00:00+00:00 проверяемого факта пока нет; overlap_wind_change=0.547m/s>=0.5.
2026-02-15 03:00:00+00:00,2026-02-14 18:00:00+00:00,9.0,6.33,-0.6,0.3877555555555555,0.41036043645176745,0.3877555555555555,baseline,turbine_1,2026-02-15 00:00:00+00:00,turbine_1: на 2026-02-15T00:00:00+00:00 проверяемого факта пока нет; overlap_wind_change=0.547m/s>=0.5.
2026-02-15 04:00:00+00:00,2026-02-14 18:00:00+00:00,10.0,7.25,1.8,0.5880555555555556,0.394055649838492,0.5880555555555556,baseline,turbine_1,2026-02-15 00:00:00+00:00,turbine_1: на 2026-02-15T00:00:00+00:00 проверяемого факта пока нет; overlap_wind_change=0.547m/s>=0.5.
2026-02-15 05:00:00+00:00,2026-02-14 18:00:00+00:00,11.0,8.9,4.0,0.8879722222222223,0.7462314409970766,0.8879722222222223,baseline,turbine_1,2026-02-15 00:00:00+00:00,turbine_1: на 2026-02-15T00:00:00+00:00 проверяемого факта пока нет; overlap_wind_change=0.547m/s>=0.5.
2026-02-15 06:00:00+00:00,2026-02-14 18:00:00+00:00,12.0,9.25,5.9,0.9538888888888889,0.792702743940675,0.9538888888888889,baseline,turbine_1,2026-02-15 00:00:00+00:00,turbine_1: на 2026-02-15T00:00:00+00:00 проверяемого факта пока нет; overlap_wind_change=0.547m/s>=0.5.
2026-02-15 07:00:00+00:00,2026-02-14 18:00:00+00:00,13.0,9.41,7.3,0.9625111111111111,0.7999858332406371,0.9625111111111111,baseline,turbine_1,2026-02-15 00:00:00+00:00,turbine_1: на 2026-02-15T00:00:00+00:00 проверяемого факта пока нет; overlap_wind_change=0.547m/s>=0.5.
2026-02-15 08:00:00+00:00,2026-02-14 18:00:00+00:00,14.0,9.26,8.0,0.9544277777777778,0.8246437179328632,0.9544277777777778,baseline,turbine_1,2026-02-15 00:00:00+00:00,turbine_1: на 2026-02-15T00:00:00+00:00 проверяемого факта пока нет; overlap_wind_change=0.547m/s>=0.5.
2026-02-15 09:00:00+00:00,2026-02-14 18:00:00+00:00,15.0,8.71,8.4,0.8521666666666667,0.7478759218702543,0.8521666666666667,baseline,turbine_1,2026-02-15 00:00:00+00:00,turbine_1: на 2026-02-15T00:00:00+00:00 проверяемого факта пока нет; overlap_wind_change=0.547m/s>=0.5.
2026-02-15 10:00:00+00:00,2026-02-14 18:00:00+00:00,16.0,8.1,8.2,0.7305277777777777,0.6079704355743487,0.7305277777777777,baseline,turbine_1,2026-02-15 00:00:00+00:00,turbine_1: на 2026-02-15T00:00:00+00:00 проверяемого факта пока нет; overlap_wind_change=0.547m/s>=0.5.
2026-02-15 11:00:00+00:00,2026-02-14 18:00:00+00:00,17.0,8.27,7.0,0.7690555555555555,0.5398150236485049,0.7690555555555555,baseline,turbine_1,2026-02-15 00:00:00+00:00,turbine_1: на 2026-02-15T00:00:00+00:00 проверяемого факта пока нет; overlap_wind_change=0.547m/s>=0.5.
2026-02-15 12:00:00+00:00,2026-02-14 18:00:00+00:00,18.0,8.45,4.4,0.8030555555555554,0.609114777399786,0.8030555555555554,baseline,turbine_1,2026-02-15 00:00:00+00:00,turbine_1: на 2026-02-15T00:00:00+00:00 проверяемого факта пока нет; overlap_wind_change=0.547m/s>=0.5.
2026-02-15 13:00:00+00:00,2026-02-14 18:00:00+00:00,19.0,7.92,2.5,0.6888277777777777,0.6085600761217876,0.6888277777777777,baseline,turbine_1,2026-02-15 00:00:00+00:00,turbine_1: на 2026-02-15T00:00:00+00:00 проверяемого факта пока нет; overlap_wind_change=0.547m/s>=0.5.
2026-02-15 14:00:00+00:00,2026-02-14 18:00:00+00:00,20.0,7.71,1.6,0.6445333333333333,0.66884116750472,0.6445333333333333,baseline,turbine_1,2026-02-15 00:00:00+00:00,turbine_1: на 2026-02-15T00:00:00+00:00 проверяемого факта пока нет; overlap_wind_change=0.547m/s>=0.5.
2026-02-15 15:00:00+00:00,2026-02-14 18:00:00+00:00,21.0,7.55,1.2,0.6248888888888888,0.6798933272461576,0.6248888888888888,baseline,turbine_1,2026-02-15 00:00:00+00:00,turbine_1: на 2026-02-15T00:00:00+00:00 проверяемого факта пока нет; overlap_wind_change=0.547m/s>=0.5.
2026-02-15 16:00:00+00:00,2026-02-14 18:00:00+00:00,22.0,6.83,1.4,0.4907555555555555,0.6792882929054805,0.4907555555555555,baseline,turbine_1,2026-02-15 00:00:00+00:00,turbine_1: на 2026-02-15T00:00:00+00:00 проверяемого факта пока нет; overlap_wind_change=0.547m/s>=0.5.
2026-02-15 17:00:00+00:00,2026-02-14 18:00:00+00:00,23.0,6.0,1.9,0.3161111111111111,0.4743286294278922,0.3161111111111111,baseline,turbine_1,2026-02-15 00:00:00+00:00,turbine_1: на 2026-02-15T00:00:00+00:00 проверяемого факта пока нет; overlap_wind_change=0.547m/s>=0.5.
2026-02-15 18:00:00+00:00,2026-02-14 18:00:00+00:00,24.0,5.67,2.0,0.25202222222222226,0.32134719822732943,0.25202222222222226,baseline,turbine_1,2026-02-15 00:00:00+00:00,turbine_1: на 2026-02-15T00:00:00+00:00 проверяемого факта пока нет; overlap_wind_change=0.547m/s>=0.5.
2026-02-15 19:00:00+00:00,2026-02-14 18:00:00+00:00,25.0,5.26,2.2,0.20828888888888886,0.27268669983447286,0.20828888888888886,baseline,turbine_1,2026-02-15 00:00:00+00:00,turbine_1: на 2026-02-15T00:00:00+00:00 проверяемого факта пока нет; overlap_wind_change=0.547m/s>=0.5.
2026-02-15 20:00:00+00:00,2026-02-14 18:00:00+00:00,26.0,5.96,1.9,0.30722222222222223,0.4226247861490057,0.30722222222222223,baseline,turbine_1,2026-02-15 00:00:00+00:00,turbine_1: на 2026-02-15T00:00:00+00:00 проверяемого факта пока нет; overlap_wind_change=0.547m/s>=0.5.
2026-02-15 21:00:00+00:00,2026-02-14 18:00:00+00:00,27.0,6.18,1.9,0.35611111111111104,0.4261637886546797,0.35611111111111104,baseline,turbine_1,2026-02-15 00:00:00+00:00,turbine_1: на 2026-02-15T00:00:00+00:00 проверяемого факта пока нет; overlap_wind_change=0.547m/s>=0.5.
2026-02-15 22:00:00+00:00,2026-02-14 18:00:00+00:00,28.0,6.43,1.7,0.40786666666666654,0.5908921527743208,0.40786666666666654,baseline,turbine_1,2026-02-15 00:00:00+00:00,turbine_1: на 2026-02-15T00:00:00+00:00 проверяемого факта пока нет; overlap_wind_change=0.547m/s>=0.5.
2026-02-15 23:00:00+00:00,2026-02-14 18:00:00+00:00,29.0,6.61,1.5,0.44406666666666667,0.5852481975379337,0.44406666666666667,baseline,turbine_1,2026-02-15 00:00:00+00:00,turbine_1: на 2026-02-15T00:00:00+00:00 проверяемого факта пока нет; overlap_wind_change=0.547m/s>=0.5.
2026-02-16 00:00:00+00:00,2026-02-14 18:00:00+00:00,30.0,6.34,1.1,0.3897666666666666,0.5549713905921894,0.3897666666666666,baseline,turbine_1,2026-02-15 00:00:00+00:00,turbine_1: на 2026-02-15T00:00:00+00:00 проверяемого факта пока нет; overlap_wind_change=0.547m/s>=0.5.
2026-02-16 01:00:00+00:00,2026-02-14 18:00:00+00:00,31.0,4.85,1.0,0.1743333333333333,0.2642097498268414,0.1743333333333333,baseline,turbine_1,2026-02-15 00:00:00+00:00,turbine_1: на 2026-02-15T00:00:00+00:00 проверяемого факта пока нет; overlap_wind_change=0.547m/s>=0.5.
2026-02-16 02:00:00+00:00,2026-02-14 18:00:00+00:00,32.0,4.56,1.2,0.14890555555555554,0.2027405014966615,0.14890555555555554,baseline,turbine_1,2026-02-15 00:00:00+00:00,turbine_1: на 2026-02-15T00:00:00+00:00 проверяемого факта пока нет; overlap_wind_change=0.547m/s>=0.5.
2026-02-16 03:00:00+00:00,2026-02-14 18:00:00+00:00,33.0,5.03,1.7,0.18913333333333335,0.2946316317608886,0.18913333333333335,baseline,turbine_1,2026-02-15 00:00:00+00:00,turbine_1: на 2026-02-15T00:00:00+00:00 проверяемого факта пока нет; overlap_wind_change=0.547m/s>=0.5.
2026-02-16 04:00:00+00:00,2026-02-14 18:00:00+00:00,34.0,6.62,2.8,0.44607777777777774,0.5604933390729394,0.44607777777777774,baseline,turbine_1,2026-02-15 00:00:00+00:00,turbine_1: на 2026-02-15T00:00:00+00:00 проверяемого факта пока нет; overlap_wind_change=0.547m/s>=0.5.
2026-02-16 05:00:00+00:00,2026-02-14 18:00:00+00:00,35.0,7.4,5.1,0.6064722222222222,0.5494586614068837,0.6064722222222222,baseline,turbine_1,2026-02-15 00:00:00+00:00,turbine_1: на 2026-02-15T00:00:00+00:00 проверяемого факта пока нет; overlap_wind_change=0.547m/s>=0.5.
2026-02-16 06:00:00+00:00,2026-02-14 18:00:00+00:00,36.0,6.9,7.3,0.5069722222222223,0.5299991461743706,0.5069722222222223,baseline,turbine_1,2026-02-15 00:00:00+00:00,turbine_1: на 2026-02-15T00:00:00+00:00 проверяемого факта пока нет; overlap_wind_change=0.547m/s>=0.5.
2026-02-16 07:00:00+00:00,2026-02-14 18:00:00+00:00,37.0,7.4,8.5,0.6064722222222222,0.6378294025068573,0.6064722222222222,baseline,turbine_1,2026-02-15 00:00:00+00:00,turbine_1: на 2026-02-15T00:00:00+00:00 проверяемого факта пока нет; overlap_wind_change=0.547m/s>=0.5.
2026-02-16 08:00:00+00:00,2026-02-14 18:00:00+00:00,38.0,7.99,9.1,0.7050444444444445,0.6234280684720178,0.7050444444444445,baseline,turbine_1,2026-02-15 00:00:00+00:00,turbine_1: на 2026-02-15T00:00:00+00:00 проверяемого факта пока нет; overlap_wind_change=0.547m/s>=0.5.
2026-02-16 09:00:00+00:00,2026-02-14 18:00:00+00:00,39.0,7.74,9.9,0.6482166666666667,0.6498171796800665,0.6482166666666667,baseline,turbine_1,2026-02-15 00:00:00+00:00,turbine_1: на 2026-02-15T00:00:00+00:00 проверяемого факта пока нет; overlap_wind_change=0.547m/s>=0.5.
2026-02-16 10:00:00+00:00,2026-02-14 18:00:00+00:00,40.0,7.69,9.2,0.6420777777777777,0.636109628494293,0.6420777777777777,baseline,turbine_1,2026-02-15 00:00:00+00:00,turbine_1: на 2026-02-15T00:00:00+00:00 проверяемого факта пока нет; overlap_wind_change=0.547m/s>=0.5.
2026-02-16 11:00:00+00:00,2026-02-14 18:00:00+00:00,41.0,7.68,8.0,0.6408499999999999,0.5679542165684491,0.6408499999999999,baseline,turbine_1,2026-02-15 00:00:00+00:00,turbine_1: на 2026-02-15T00:00:00+00:00 проверяемого факта пока нет; overlap_wind_change=0.547m/s>=0.5.
2026-02-16 12:00:00+00:00,2026-02-14 18:00:00+00:00,42.0,7.29,5.9,0.5929666666666666,0.5561992542300607,0.5929666666666666,baseline,turbine_1,2026-02-15 00:00:00+00:00,turbine_1: на 2026-02-15T00:00:00+00:00 проверяемого факта пока нет; overlap_wind_change=0.547m/s>=0.5.
2026-02-16 13:00:00+00:00,2026-02-14 18:00:00+00:00,43.0,6.42,3.7,0.4058555555555555,0.6240216070731228,0.4058555555555555,baseline,turbine_1,2026-02-15 00:00:00+00:00,turbine_1: на 2026-02-15T00:00:00+00:00 проверяемого факта пока нет; overlap_wind_change=0.547m/s>=0.5.
2026-02-16 14:00:00+00:00,2026-02-14 18:00:00+00:00,44.0,6.26,2.2,0.3736777777777777,0.5666550178603663,0.3736777777777777,baseline,turbine_1,2026-02-15 00:00:00+00:00,turbine_1: на 2026-02-15T00:00:00+00:00 проверяемого факта пока нет; overlap_wind_change=0.547m/s>=0.5.
2026-02-16 15:00:00+00:00,2026-02-14 18:00:00+00:00,45.0,6.58,1.1,0.4380333333333333,0.6803485732089417,0.4380333333333333,baseline,turbine_1,2026-02-15 00:00:00+00:00,turbine_1: на 2026-02-15T00:00:00+00:00 проверяемого факта пока нет; overlap_wind_change=0.547m/s>=0.5.
2026-02-16 16:00:00+00:00,2026-02-14 18:00:00+00:00,46.0,6.51,0.9,0.4239555555555555,0.687241471290578,0.4239555555555555,baseline,turbine_1,2026-02-15 00:00:00+00:00,turbine_1: на 2026-02-15T00:00:00+00:00 проверяемого факта пока нет; overlap_wind_change=0.547m/s>=0.5.
2026-02-16 17:00:00+00:00,2026-02-14 18:00:00+00:00,47.0,6.46,0.7,0.41389999999999993,0.6823355086373224,0.41389999999999993,baseline,turbine_1,2026-02-15 00:00:00+00:00,turbine_1: на 2026-02-15T00:00:00+00:00 проверяемого факта пока нет; overlap_wind_change=0.547m/s>=0.5.
2026-02-16 18:00:00+00:00,2026-02-14 18:00:00+00:00,48.0,6.36,1.0,0.3937888888888889,0.6643827417198965,0.3937888888888889,baseline,turbine_1,2026-02-15 00:00:00+00:00,turbine_1: на 2026-02-15T00:00:00+00:00 проверяемого факта пока нет; overlap_wind_change=0.547m/s>=0.5.
2026-02-16 19:00:00+00:00,2026-02-14 18:00:00+00:00,49.0,6.06,0.8,0.3294444444444444,0.4596290608608062,0.3294444444444444,baseline,turbine_1,2026-02-15 00:00:00+00:00,turbine_1: на 2026-02-15T00:00:00+00:00 проверяемого факта пока нет; overlap_wind_change=0.547m/s>=0.5.
2026-02-16 20:00:00+00:00,2026-02-14 18:00:00+00:00,50.0,6.22,0.7,0.36499999999999994,0.5099514606471256,0.36499999999999994,baseline,turbine_1,2026-02-15 00:00:00+00:00,turbine_1: на 2026-02-15T00:00:00+00:00 проверяемого факта пока нет; overlap_wind_change=0.547m/s>=0.5.
2026-02-16 21:00:00+00:00,2026-02-14 18:00:00+00:00,51.0,6.26,0.4,0.3736777777777777,0.5228914923619518,0.3736777777777777,baseline,turbine_1,2026-02-15 00:00:00+00:00,turbine_1: на 2026-02-15T00:00:00+00:00 проверяемого факта пока нет; overlap_wind_change=0.547m/s>=0.5.
2026-02-16 22:00:00+00:00,2026-02-14 18:00:00+00:00,52.0,5.88,0.4,0.28944444444444445,0.46279472027269036,0.28944444444444445,baseline,turbine_1,2026-02-15 00:00:00+00:00,turbine_1: на 2026-02-15T00:00:00+00:00 проверяемого факта пока нет; overlap_wind_change=0.547m/s>=0.5.
2026-02-16 23:00:00+00:00,2026-02-14 18:00:00+00:00,53.0,6.07,0.6,0.3316666666666667,0.4536500380512568,0.3316666666666667,baseline,turbine_1,2026-02-15 00:00:00+00:00,turbine_1: на 2026-02-15T00:00:00+00:00 проверяемого факта пока нет; overlap_wind_change=0.547m/s>=0.5.
2026-02-17 00:00:00+00:00,2026-02-14 18:00:00+00:00,54.0,5.16,1.0,0.19982222222222223,0.26132327206757433,0.19982222222222223,baseline,turbine_1,2026-02-15 00:00:00+00:00,turbine_1: на 2026-02-15T00:00:00+00:00 проверяемого факта пока нет; overlap_wind_change=0.547m/s>=0.5.
2026-02-15 01:00:00+00:00,2026-02-14 18:00:00+00:00,7.0,5.27,-2.1,0.19383333333333325,0.1535448713516828,0.19383333333333325,baseline,turbine_2,2026-02-15 00:00:00+00:00,turbine_2: на 2026-02-15T00:00:00+00:00 проверяемого факта пока нет; overlap_wind_change=0.547m/s>=0.5.
2026-02-15 02:00:00+00:00,2026-02-14 18:00:00+00:00,8.0,6.24,-1.9,0.3683277777777778,0.292443858187869,0.3683277777777778,baseline,turbine_2,2026-02-15 00:00:00+00:00,turbine_2: на 2026-02-15T00:00:00+00:00 проверяемого факта пока нет; overlap_wind_change=0.547m/s>=0.5.
2026-02-15 03:00:00+00:00,2026-02-14 18:00:00+00:00,9.0,6.33,-0.6,0.3852222222222222,0.3577814838868424,0.3852222222222222,baseline,turbine_2,2026-02-15 00:00:00+00:00,turbine_2: на 2026-02-15T00:00:00+00:00 проверяемого факта пока нет; overlap_wind_change=0.547m/s>=0.5.
2026-02-15 04:00:00+00:00,2026-02-14 18:00:00+00:00,10.0,7.25,1.8,0.591111111111111,0.3770445091915734,0.591111111111111,baseline,turbine_2,2026-02-15 00:00:00+00:00,turbine_2: на 2026-02-15T00:00:00+00:00 проверяемого факта пока нет; overlap_wind_change=0.547m/s>=0.5.
2026-02-15 05:00:00+00:00,2026-02-14 18:00:00+00:00,11.0,8.9,4.0,0.8780277777777777,0.6729253841359901,0.8780277777777777,baseline,turbine_2,2026-02-15 00:00:00+00:00,turbine_2: на 2026-02-15T00:00:00+00:00 проверяемого факта пока нет; overlap_wind_change=0.547m/s>=0.5.
2026-02-15 06:00:00+00:00,2026-02-14 18:00:00+00:00,12.0,9.25,5.9,0.9447222222222221,0.8827327880583636,0.9447222222222221,baseline,turbine_2,2026-02-15 00:00:00+00:00,turbine_2: на 2026-02-15T00:00:00+00:00 проверяемого факта пока нет; overlap_wind_change=0.547m/s>=0.5.
2026-02-15 07:00:00+00:00,2026-02-14 18:00:00+00:00,13.0,9.41,7.3,0.9523666666666666,0.9291873116906714,0.9523666666666666,baseline,turbine_2,2026-02-15 00:00:00+00:00,turbine_2: на 2026-02-15T00:00:00+00:00 проверяемого факта пока нет; overlap_wind_change=0.547m/s>=0.5.
2026-02-15 08:00:00+00:00,2026-02-14 18:00:00+00:00,14.0,9.26,8.0,0.9451999999999999,0.9376009322815274,0.9451999999999999,baseline,turbine_2,2026-02-15 00:00:00+00:00,turbine_2: на 2026-02-15T00:00:00+00:00 проверяемого факта пока нет; overlap_wind_change=0.547m/s>=0.5.
2026-02-15 09:00:00+00:00,2026-02-14 18:00:00+00:00,15.0,8.71,8.4,0.8434444444444444,0.8241029549622221,0.8434444444444444,baseline,turbine_2,2026-02-15 00:00:00+00:00,turbine_2: на 2026-02-15T00:00:00+00:00 проверяемого факта пока нет; overlap_wind_change=0.547m/s>=0.5.
2026-02-15 10:00:00+00:00,2026-02-14 18:00:00+00:00,16.0,8.1,8.2,0.7374444444444442,0.6379310659913642,0.7374444444444442,baseline,turbine_2,2026-02-15 00:00:00+00:00,turbine_2: на 2026-02-15T00:00:00+00:00 проверяемого факта пока нет; overlap_wind_change=0.547m/s>=0.5.
2026-02-15 11:00:00+00:00,2026-02-14 18:00:00+00:00,17.0,8.27,7.0,0.7774444444444442,0.627095743008226,0.7774444444444442,baseline,turbine_2,2026-02-15 00:00:00+00:00,turbine_2: на 2026-02-15T00:00:00+00:00 проверяемого факта пока нет; overlap_wind_change=0.547m/s>=0.5.
2026-02-15 12:00:00+00:00,2026-02-14 18:00:00+00:00,18.0,8.45,4.4,0.8044444444444442,0.5715859121782285,0.8044444444444442,baseline,turbine_2,2026-02-15 00:00:00+00:00,turbine_2: на 2026-02-15T00:00:00+00:00 проверяемого факта пока нет; overlap_wind_change=0.547m/s>=0.5.
2026-02-15 13:00:00+00:00,2026-02-14 18:00:00+00:00,19.0,7.92,2.5,0.6930444444444444,0.7075522984466821,0.6930444444444444,baseline,turbine_2,2026-02-15 00:00:00+00:00,turbine_2: на 2026-02-15T00:00:00+00:00 проверяемого факта пока нет; overlap_wind_change=0.547m/s>=0.5.
2026-02-15 14:00:00+00:00,2026-02-14 18:00:00+00:00,20.0,7.71,1.6,0.6463111111111111,0.7842566014903304,0.6463111111111111,baseline,turbine_2,2026-02-15 00:00:00+00:00,turbine_2: на 2026-02-15T00:00:00+00:00 проверяемого факта пока нет; overlap_wind_change=0.547m/s>=0.5.
2026-02-15 15:00:00+00:00,2026-02-14 18:00:00+00:00,21.0,7.55,1.2,0.6271111111111111,0.7717100049760954,0.6271111111111111,baseline,turbine_2,2026-02-15 00:00:00+00:00,turbine_2: на 2026-02-15T00:00:00+00:00 проверяемого факта пока нет; overlap_wind_change=0.547m/s>=0.5.
2026-02-15 16:00:00+00:00,2026-02-14 18:00:00+00:00,22.0,6.83,1.4,0.4828444444444444,0.7552680565643035,0.4828444444444444,baseline,turbine_2,2026-02-15 00:00:00+00:00,turbine_2: на 2026-02-15T00:00:00+00:00 проверяемого факта пока нет; overlap_wind_change=0.547m/s>=0.5.
2026-02-15 17:00:00+00:00,2026-02-14 18:00:00+00:00,23.0,6.0,1.9,0.31486111111111115,0.47179801399106475,0.31486111111111115,baseline,turbine_2,2026-02-15 00:00:00+00:00,turbine_2: на 2026-02-15T00:00:00+00:00 проверяемого факта пока нет; overlap_wind_change=0.547m/s>=0.5.
2026-02-15 18:00:00+00:00,2026-02-14 18:00:00+00:00,24.0,5.67,2.0,0.2482777777777778,0.3665805573628373,0.2482777777777778,baseline,turbine_2,2026-02-15 00:00:00+00:00,turbine_2: на 2026-02-15T00:00:00+00:00 проверяемого факта пока нет; overlap_wind_change=0.547m/s>=0.5.
2026-02-15 19:00:00+00:00,2026-02-14 18:00:00+00:00,25.0,5.26,2.2,0.19247222222222218,0.30675488451958316,0.19247222222222218,baseline,turbine_2,2026-02-15 00:00:00+00:00,turbine_2: на 2026-02-15T00:00:00+00:00 проверяемого факта пока нет; overlap_wind_change=0.547m/s>=0.5.
2026-02-15 20:00:00+00:00,2026-02-14 18:00:00+00:00,26.0,5.96,1.9,0.30595,0.4433046352577552,0.30595,baseline,turbine_2,2026-02-15 00:00:00+00:00,turbine_2: на 2026-02-15T00:00:00+00:00 проверяемого факта пока нет; overlap_wind_change=0.547m/s>=0.5.
2026-02-15 21:00:00+00:00,2026-02-14 18:00:00+00:00,27.0,6.18,1.9,0.354961111111111,0.42227525287045004,0.354961111111111,baseline,turbine_2,2026-02-15 00:00:00+00:00,turbine_2: на 2026-02-15T00:00:00+00:00 проверяемого факта пока нет; overlap_wind_change=0.547m/s>=0.5.
2026-02-15 22:00:00+00:00,2026-02-14 18:00:00+00:00,28.0,6.43,1.7,0.40355555555555545,0.606414788770398,0.40355555555555545,baseline,turbine_2,2026-02-15 00:00:00+00:00,turbine_2: на 2026-02-15T00:00:00+00:00 проверяемого факта пока нет; overlap_wind_change=0.547m/s>=0.5.
2026-02-15 23:00:00+00:00,2026-02-14 18:00:00+00:00,29.0,6.61,1.5,0.43655555555555553,0.606414788770398,0.43655555555555553,baseline,turbine_2,2026-02-15 00:00:00+00:00,turbine_2: на 2026-02-15T00:00:00+00:00 проверяемого факта пока нет; overlap_wind_change=0.547m/s>=0.5.
2026-02-16 00:00:00+00:00,2026-02-14 18:00:00+00:00,30.0,6.34,1.1,0.3870555555555555,0.5819864869439267,0.3870555555555555,baseline,turbine_2,2026-02-15 00:00:00+00:00,turbine_2: на 2026-02-15T00:00:00+00:00 проверяемого факта пока нет; overlap_wind_change=0.547m/s>=0.5.
2026-02-16 01:00:00+00:00,2026-02-14 18:00:00+00:00,31.0,4.85,1.0,0.15666666666666665,0.2604205917134804,0.15666666666666665,baseline,turbine_2,2026-02-15 00:00:00+00:00,turbine_2: на 2026-02-15T00:00:00+00:00 проверяемого факта пока нет; overlap_wind_change=0.547m/s>=0.5.
2026-02-16 02:00:00+00:00,2026-02-14 18:00:00+00:00,32.0,4.56,1.2,0.13211666666666666,0.23087537124628832,0.13211666666666666,baseline,turbine_2,2026-02-15 00:00:00+00:00,turbine_2: на 2026-02-15T00:00:00+00:00 проверяемого факта пока нет; overlap_wind_change=0.547m/s>=0.5.
2026-02-16 03:00:00+00:00,2026-02-14 18:00:00+00:00,33.0,5.03,1.7,0.1721666666666667,0.31976247524336937,0.1721666666666667,baseline,turbine_2,2026-02-15 00:00:00+00:00,turbine_2: на 2026-02-15T00:00:00+00:00 проверяемого факта пока нет; overlap_wind_change=0.547m/s>=0.5.
2026-02-16 04:00:00+00:00,2026-02-14 18:00:00+00:00,34.0,6.62,2.8,0.43838888888888883,0.5438473928460354,0.43838888888888883,baseline,turbine_2,2026-02-15 00:00:00+00:00,turbine_2: на 2026-02-15T00:00:00+00:00 проверяемого факта пока нет; overlap_wind_change=0.547m/s>=0.5.
2026-02-16 05:00:00+00:00,2026-02-14 18:00:00+00:00,35.0,7.4,5.1,0.609111111111111,0.514967253944797,0.609111111111111,baseline,turbine_2,2026-02-15 00:00:00+00:00,turbine_2: на 2026-02-15T00:00:00+00:00 проверяемого факта пока нет; overlap_wind_change=0.547m/s>=0.5.
2026-02-16 06:00:00+00:00,2026-02-14 18:00:00+00:00,36.0,6.9,7.3,0.5008888888888889,0.5594471723107199,0.5008888888888889,baseline,turbine_2,2026-02-15 00:00:00+00:00,turbine_2: на 2026-02-15T00:00:00+00:00 проверяемого факта пока нет; overlap_wind_change=0.547m/s>=0.5.
2026-02-16 07:00:00+00:00,2026-02-14 18:00:00+00:00,37.0,7.4,8.5,0.609111111111111,0.701079932114234,0.609111111111111,baseline,turbine_2,2026-02-15 00:00:00+00:00,turbine_2: на 2026-02-15T00:00:00+00:00 проверяемого факта пока нет; overlap_wind_change=0.547m/s>=0.5.
2026-02-16 08:00:00+00:00,2026-02-14 18:00:00+00:00,38.0,7.99,9.1,0.7103111111111111,0.681147843132088,0.7103111111111111,baseline,turbine_2,2026-02-15 00:00:00+00:00,turbine_2: на 2026-02-15T00:00:00+00:00 проверяемого факта пока нет; overlap_wind_change=0.547m/s>=0.5.
2026-02-16 09:00:00+00:00,2026-02-14 18:00:00+00:00,39.0,7.74,9.9,0.6499111111111111,0.678401036489763,0.6499111111111111,baseline,turbine_2,2026-02-15 00:00:00+00:00,turbine_2: на 2026-02-15T00:00:00+00:00 проверяемого факта пока нет; overlap_wind_change=0.547m/s>=0.5.
2026-02-16 10:00:00+00:00,2026-02-14 18:00:00+00:00,40.0,7.69,9.2,0.6439111111111111,0.6705905405184188,0.6439111111111111,baseline,turbine_2,2026-02-15 00:00:00+00:00,turbine_2: на 2026-02-15T00:00:00+00:00 проверяемого факта пока нет; overlap_wind_change=0.547m/s>=0.5.
2026-02-16 11:00:00+00:00,2026-02-14 18:00:00+00:00,41.0,7.68,8.0,0.642711111111111,0.655717130629962,0.642711111111111,baseline,turbine_2,2026-02-15 00:00:00+00:00,turbine_2: на 2026-02-15T00:00:00+00:00 проверяемого факта пока нет; overlap_wind_change=0.547m/s>=0.5.
2026-02-16 12:00:00+00:00,2026-02-14 18:00:00+00:00,42.0,7.29,5.9,0.5959111111111111,0.6578019496186414,0.5959111111111111,baseline,turbine_2,2026-02-15 00:00:00+00:00,turbine_2: на 2026-02-15T00:00:00+00:00 проверяемого факта пока нет; overlap_wind_change=0.547m/s>=0.5.
2026-02-16 13:00:00+00:00,2026-02-14 18:00:00+00:00,43.0,6.42,3.7,0.40172222222222215,0.693633043517399,0.40172222222222215,baseline,turbine_2,2026-02-15 00:00:00+00:00,turbine_2: на 2026-02-15T00:00:00+00:00 проверяемого факта пока нет; overlap_wind_change=0.547m/s>=0.5.
2026-02-16 14:00:00+00:00,2026-02-14 18:00:00+00:00,44.0,6.26,2.2,0.3723888888888888,0.623826537843916,0.3723888888888888,baseline,turbine_2,2026-02-15 00:00:00+00:00,turbine_2: на 2026-02-15T00:00:00+00:00 проверяемого факта пока нет; overlap_wind_change=0.547m/s>=0.5.
2026-02-16 15:00:00+00:00,2026-02-14 18:00:00+00:00,45.0,6.58,1.1,0.4310555555555555,0.7438602270451685,0.4310555555555555,baseline,turbine_2,2026-02-15 00:00:00+00:00,turbine_2: на 2026-02-15T00:00:00+00:00 проверяемого факта пока нет; overlap_wind_change=0.547m/s>=0.5.
2026-02-16 16:00:00+00:00,2026-02-14 18:00:00+00:00,46.0,6.51,0.9,0.4182222222222221,0.744492107684545,0.4182222222222221,baseline,turbine_2,2026-02-15 00:00:00+00:00,turbine_2: на 2026-02-15T00:00:00+00:00 проверяемого факта пока нет; overlap_wind_change=0.547m/s>=0.5.
2026-02-16 17:00:00+00:00,2026-02-14 18:00:00+00:00,47.0,6.46,0.7,0.4090555555555555,0.7301246319000373,0.4090555555555555,baseline,turbine_2,2026-02-15 00:00:00+00:00,turbine_2: на 2026-02-15T00:00:00+00:00 проверяемого факта пока нет; overlap_wind_change=0.547m/s>=0.5.
2026-02-16 18:00:00+00:00,2026-02-14 18:00:00+00:00,48.0,6.36,1.0,0.39072222222222225,0.7307283609033243,0.39072222222222225,baseline,turbine_2,2026-02-15 00:00:00+00:00,turbine_2: на 2026-02-15T00:00:00+00:00 проверяемого факта пока нет; overlap_wind_change=0.547m/s>=0.5.
2026-02-16 19:00:00+00:00,2026-02-14 18:00:00+00:00,49.0,6.06,0.8,0.3282277777777777,0.46882913411438426,0.3282277777777777,baseline,turbine_2,2026-02-15 00:00:00+00:00,turbine_2: на 2026-02-15T00:00:00+00:00 проверяемого факта пока нет; overlap_wind_change=0.547m/s>=0.5.
2026-02-16 20:00:00+00:00,2026-02-14 18:00:00+00:00,50.0,6.22,0.7,0.36387222222222215,0.5362337198156796,0.36387222222222215,baseline,turbine_2,2026-02-15 00:00:00+00:00,turbine_2: на 2026-02-15T00:00:00+00:00 проверяемого факта пока нет; overlap_wind_change=0.547m/s>=0.5.
2026-02-16 21:00:00+00:00,2026-02-14 18:00:00+00:00,51.0,6.26,0.4,0.3723888888888888,0.533703017172524,0.3723888888888888,baseline,turbine_2,2026-02-15 00:00:00+00:00,turbine_2: на 2026-02-15T00:00:00+00:00 проверяемого факта пока нет; overlap_wind_change=0.547m/s>=0.5.
2026-02-16 22:00:00+00:00,2026-02-14 18:00:00+00:00,52.0,5.88,0.4,0.28812777777777776,0.4568831954088029,0.28812777777777776,baseline,turbine_2,2026-02-15 00:00:00+00:00,turbine_2: на 2026-02-15T00:00:00+00:00 проверяемого факта пока нет; overlap_wind_change=0.547m/s>=0.5.
2026-02-16 23:00:00+00:00,2026-02-14 18:00:00+00:00,53.0,6.07,0.6,0.3304555555555556,0.4512246309922114,0.3304555555555556,baseline,turbine_2,2026-02-15 00:00:00+00:00,turbine_2: на 2026-02-15T00:00:00+00:00 проверяемого факта пока нет; overlap_wind_change=0.547m/s>=0.5.
2026-02-17 00:00:00+00:00,2026-02-14 18:00:00+00:00,54.0,5.16,1.0,0.1833611111111111,0.27615889572585983,0.1833611111111111,baseline,turbine_2,2026-02-15 00:00:00+00:00,turbine_2: на 2026-02-15T00:00:00+00:00 проверяемого факта пока нет; overlap_wind_change=0.547m/s>=0.5.
2026-02-16 01:00:00+00:00,2026-02-15 18:00:00+00:00,7.0,6.34,0.5,0.3897666666666666,0.3635549069056983,0.3897666666666666,baseline,turbine_1,2026-02-16 00:00:00+00:00,turbine_1: на 2026-02-16T00:00:00+00:00 проверяемого факта пока нет; overlap_wind_change=1.112m/s>=0.5.
2026-02-16 02:00:00+00:00,2026-02-15 18:00:00+00:00,8.0,6.79,0.6,0.48148888888888886,0.3801113692098568,0.48148888888888886,baseline,turbine_1,2026-02-16 00:00:00+00:00,turbine_1: на 2026-02-16T00:00:00+00:00 проверяемого факта пока нет; overlap_wind_change=1.112m/s>=0.5.
2026-02-16 03:00:00+00:00,2026-02-15 18:00:00+00:00,9.0,6.1,1.9,0.33833333333333326,0.3068962321821839,0.33833333333333326,baseline,turbine_1,2026-02-16 00:00:00+00:00,turbine_1: на 2026-02-16T00:00:00+00:00 проверяемого факта пока нет; overlap_wind_change=1.112m/s>=0.5.
2026-02-16 04:00:00+00:00,2026-02-15 18:00:00+00:00,10.0,7.1,3.7,0.5533055555555555,0.33649396563004424,0.5533055555555555,baseline,turbine_1,2026-02-16 00:00:00+00:00,turbine_1: на 2026-02-16T00:00:00+00:00 проверяемого факта пока нет; overlap_wind_change=1.112m/s>=0.5.
2026-02-16 05:00:00+00:00,2026-02-15 18:00:00+00:00,11.0,6.9,5.7,0.5069722222222223,0.40631523581941964,0.5069722222222223,baseline,turbine_1,2026-02-16 00:00:00+00:00,turbine_1: на 2026-02-16T00:00:00+00:00 проверяемого факта пока нет; overlap_wind_change=1.112m/s>=0.5.
2026-02-16 06:00:00+00:00,2026-02-15 18:00:00+00:00,12.0,6.74,6.5,0.4702111111111111,0.416246598160404,0.4702111111111111,baseline,turbine_1,2026-02-16 00:00:00+00:00,turbine_1: на 2026-02-16T00:00:00+00:00 проверяемого факта пока нет; overlap_wind_change=1.112m/s>=0.5.
2026-02-16 07:00:00+00:00,2026-02-15 18:00:00+00:00,13.0,6.04,7.8,0.325,0.3064068206610426,0.325,baseline,turbine_1,2026-02-16 00:00:00+00:00,turbine_1: на 2026-02-16T00:00:00+00:00 проверяемого факта пока нет; overlap_wind_change=1.112m/s>=0.5.
2026-02-16 08:00:00+00:00,2026-02-15 18:00:00+00:00,14.0,5.82,8.2,0.2761111111111112,0.3760625984728766,0.2761111111111112,baseline,turbine_1,2026-02-16 00:00:00+00:00,turbine_1: на 2026-02-16T00:00:00+00:00 проверяемого факта пока нет; overlap_wind_change=1.112m/s>=0.5.
2026-02-16 09:00:00+00:00,2026-02-15 18:00:00+00:00,15.0,5.01,8.6,0.18748888888888887,0.2828976630271068,0.18748888888888887,baseline,turbine_1,2026-02-16 00:00:00+00:00,turbine_1: на 2026-02-16T00:00:00+00:00 проверяемого факта пока нет; overlap_wind_change=1.112m/s>=0.5.
2026-02-16 10:00:00+00:00,2026-02-15 18:00:00+00:00,16.0,4.48,8.0,0.14166111111111115,0.22255627735097835,0.14166111111111115,baseline,turbine_1,2026-02-16 00:00:00+00:00,turbine_1: на 2026-02-16T00:00:00+00:00 проверяемого факта пока нет; overlap_wind_change=1.112m/s>=0.5.
2026-02-16 11:00:00+00:00,2026-02-15 18:00:00+00:00,17.0,5.38,7.1,0.2210888888888889,0.29497455196386374,0.2210888888888889,baseline,turbine_1,2026-02-16 00:00:00+00:00,turbine_1: на 2026-02-16T00:00:00+00:00 проверяемого факта пока нет; overlap_wind_change=1.112m/s>=0.5.
2026-02-16 12:00:00+00:00,2026-02-15 18:00:00+00:00,18.0,5.1,5.6,0.19488888888888886,0.30502461347532533,0.19488888888888886,baseline,turbine_1,2026-02-16 00:00:00+00:00,turbine_1: на 2026-02-16T00:00:00+00:00 проверяемого факта пока нет; overlap_wind_change=1.112m/s>=0.5.
2026-02-16 13:00:00+00:00,2026-02-15 18:00:00+00:00,19.0,5.82,4.5,0.2761111111111112,0.3604627573594961,0.2761111111111112,baseline,turbine_1,2026-02-16 00:00:00+00:00,turbine_1: на 2026-02-16T00:00:00+00:00 проверяемого факта пока нет; overlap_wind_change=1.112m/s>=0.5.
2026-02-16 14:00:00+00:00,2026-02-15 18:00:00+00:00,20.0,5.96,3.9,0.30722222222222223,0.43646853319190604,0.30722222222222223,baseline,turbine_1,2026-02-16 00:00:00+00:00,turbine_1: на 2026-02-16T00:00:00+00:00 проверяемого факта пока нет; overlap_wind_change=1.112m/s>=0.5.
2026-02-16 15:00:00+00:00,2026-02-15 18:00:00+00:00,21.0,6.04,4.1,0.325,0.44822728144379376,0.325,baseline,turbine_1,2026-02-16 00:00:00+00:00,turbine_1: на 2026-02-16T00:00:00+00:00 проверяемого факта пока нет; overlap_wind_change=1.112m/s>=0.5.
2026-02-16 16:00:00+00:00,2026-02-15 18:00:00+00:00,22.0,6.24,4.1,0.36944444444444446,0.5072412347207619,0.36944444444444446,baseline,turbine_1,2026-02-16 00:00:00+00:00,turbine_1: на 2026-02-16T00:00:00+00:00 проверяемого факта пока нет; overlap_wind_change=1.112m/s>=0.5.
2026-02-16 17:00:00+00:00,2026-02-15 18:00:00+00:00,23.0,5.33,3.8,0.21575555555555556,0.2845176108054714,0.21575555555555556,baseline,turbine_1,2026-02-16 00:00:00+00:00,turbine_1: на 2026-02-16T00:00:00+00:00 проверяемого факта пока нет; overlap_wind_change=1.112m/s>=0.5.
2026-02-16 18:00:00+00:00,2026-02-15 18:00:00+00:00,24.0,5.11,3.9,0.19571111111111114,0.30097382518441995,0.19571111111111114,baseline,turbine_1,2026-02-16 00:00:00+00:00,turbine_1: на 2026-02-16T00:00:00+00:00 проверяемого факта пока нет; overlap_wind_change=1.112m/s>=0.5.
2026-02-16 19:00:00+00:00,2026-02-15 18:00:00+00:00,25.0,4.99,3.9,0.18584444444444448,0.2944292982572224,0.18584444444444448,baseline,turbine_1,2026-02-16 00:00:00+00:00,turbine_1: на 2026-02-16T00:00:00+00:00 проверяемого факта пока нет; overlap_wind_change=1.112m/s>=0.5.
2026-02-16 20:00:00+00:00,2026-02-15 18:00:00+00:00,26.0,5.73,3.9,0.25842222222222233,0.3490528395693003,0.25842222222222233,baseline,turbine_1,2026-02-16 00:00:00+00:00,turbine_1: на 2026-02-16T00:00:00+00:00 проверяемого факта пока нет; overlap_wind_change=1.112m/s>=0.5.
2026-02-16 21:00:00+00:00,2026-02-15 18:00:00+00:00,27.0,6.11,3.7,0.3405555555555556,0.38525847027876853,0.3405555555555556,baseline,turbine_1,2026-02-16 00:00:00+00:00,turbine_1: на 2026-02-16T00:00:00+00:00 проверяемого факта пока нет; overlap_wind_change=1.112m/s>=0.5.
2026-02-16 22:00:00+00:00,2026-02-15 18:00:00+00:00,28.0,6.65,3.9,0.45211111111111113,0.5461812899866665,0.45211111111111113,baseline,turbine_1,2026-02-16 00:00:00+00:00,turbine_1: на 2026-02-16T00:00:00+00:00 проверяемого факта пока нет; overlap_wind_change=1.112m/s>=0.5.
2026-02-16 23:00:00+00:00,2026-02-15 18:00:00+00:00,29.0,6.05,3.8,0.3272222222222222,0.3997999707044637,0.3272222222222222,baseline,turbine_1,2026-02-16 00:00:00+00:00,turbine_1: на 2026-02-16T00:00:00+00:00 проверяемого факта пока нет; overlap_wind_change=1.112m/s>=0.5.
2026-02-17 00:00:00+00:00,2026-02-15 18:00:00+00:00,30.0,4.96,3.3,0.18337777777777778,0.24660837381352974,0.18337777777777778,baseline,turbine_1,2026-02-16 00:00:00+00:00,turbine_1: на 2026-02-16T00:00:00+00:00 проверяемого факта пока нет; overlap_wind_change=1.112m/s>=0.5.
2026-02-17 01:00:00+00:00,2026-02-15 18:00:00+00:00,31.0,3.65,2.9,0.07027777777777777,0.11734521842863489,0.07027777777777777,baseline,turbine_1,2026-02-16 00:00:00+00:00,turbine_1: на 2026-02-16T00:00:00+00:00 проверяемого факта пока нет; overlap_wind_change=1.112m/s>=0.5.
2026-02-17 02:00:00+00:00,2026-02-15 18:00:00+00:00,32.0,3.86,2.5,0.08681666666666665,0.11121219704187109,0.08681666666666665,baseline,turbine_1,2026-02-16 00:00:00+00:00,turbine_1: на 2026-02-16T00:00:00+00:00 проверяемого факта пока нет; overlap_wind_change=1.112m/s>=0.5.
2026-02-17 03:00:00+00:00,2026-02-15 18:00:00+00:00,33.0,3.55,3.0,0.06333333333333332,0.13773630334091203,0.06333333333333332,baseline,turbine_1,2026-02-16 00:00:00+00:00,turbine_1: на 2026-02-16T00:00:00+00:00 проверяемого факта пока нет; overlap_wind_change=1.112m/s>=0.5.
2026-02-17 04:00:00+00:00,2026-02-15 18:00:00+00:00,34.0,3.7,4.2,0.07375000000000001,0.15719961004908883,0.07375000000000001,baseline,turbine_1,2026-02-16 00:00:00+00:00,turbine_1: на 2026-02-16T00:00:00+00:00 проверяемого факта пока нет; overlap_wind_change=1.112m/s>=0.5.
2026-02-17 05:00:00+00:00,2026-02-15 18:00:00+00:00,35.0,4.25,5.2,0.12083333333333333,0.17666648958672304,0.12083333333333333,baseline,turbine_1,2026-02-16 00:00:00+00:00,turbine_1: на 2026-02-16T00:00:00+00:00 проверяемого факта пока нет; overlap_wind_change=1.112m/s>=0.5.
2026-02-17 06:00:00+00:00,2026-02-15 18:00:00+00:00,36.0,5.33,5.6,0.21575555555555556,0.26552601660473774,0.21575555555555556,baseline,turbine_1,2026-02-16 00:00:00+00:00,turbine_1: на 2026-02-16T00:00:00+00:00 проверяемого факта пока нет; overlap_wind_change=1.112m/s>=0.5.
2026-02-17 07:00:00+00:00,2026-02-15 18:00:00+00:00,37.0,5.19,5.3,0.20228888888888893,0.2625635552957141,0.20228888888888893,baseline,turbine_1,2026-02-16 00:00:00+00:00,turbine_1: на 2026-02-16T00:00:00+00:00 проверяемого факта пока нет; overlap_wind_change=1.112m/s>=0.5.
2026-02-17 08:00:00+00:00,2026-02-15 18:00:00+00:00,38.0,4.78,5.4,0.1685777777777778,0.2663412949376325,0.1685777777777778,baseline,turbine_1,2026-02-16 00:00:00+00:00,turbine_1: на 2026-02-16T00:00:00+00:00 проверяемого факта пока нет; overlap_wind_change=1.112m/s>=0.5.
2026-02-17 09:00:00+00:00,2026-02-15 18:00:00+00:00,39.0,4.65,6.0,0.1570555555555556,0.24612704385039214,0.1570555555555556,baseline,turbine_1,2026-02-16 00:00:00+00:00,turbine_1: на 2026-02-16T00:00:00+00:00 проверяемого факта пока нет; overlap_wind_change=1.112m/s>=0.5.
2026-02-17 10:00:00+00:00,2026-02-15 18:00:00+00:00,40.0,4.81,6.1,0.17104444444444442,0.24612704385039214,0.17104444444444442,baseline,turbine_1,2026-02-16 00:00:00+00:00,turbine_1: на 2026-02-16T00:00:00+00:00 проверяемого факта пока нет; overlap_wind_change=1.112m/s>=0.5.
2026-02-17 11:00:00+00:00,2026-02-15 18:00:00+00:00,41.0,5.1,5.7,0.19488888888888886,0.31087876091615696,0.19488888888888886,baseline,turbine_1,2026-02-16 00:00:00+00:00,turbine_1: на 2026-02-16T00:00:00+00:00 проверяемого факта пока нет; overlap_wind_change=1.112m/s>=0.5.
2026-02-17 12:00:00+00:00,2026-02-15 18:00:00+00:00,42.0,5.68,5.1,0.2530888888888889,0.3000521316596951,0.2530888888888889,baseline,turbine_1,2026-02-16 00:00:00+00:00,turbine_1: на 2026-02-16T00:00:00+00:00 проверяемого факта пока нет; overlap_wind_change=1.112m/s>=0.5.
2026-02-17 13:00:00+00:00,2026-02-15 18:00:00+00:00,43.0,7.06,3.9,0.5440388888888887,0.557878534187008,0.5440388888888887,baseline,turbine_1,2026-02-16 00:00:00+00:00,turbine_1: на 2026-02-16T00:00:00+00:00 проверяемого факта пока нет; overlap_wind_change=1.112m/s>=0.5.
2026-02-17 14:00:00+00:00,2026-02-15 18:00:00+00:00,44.0,7.02,3.6,0.5347722222222221,0.5510744589568046,0.5347722222222221,baseline,turbine_1,2026-02-16 00:00:00+00:00,turbine_1: на 2026-02-16T00:00:00+00:00 проверяемого факта пока нет; overlap_wind_change=1.112m/s>=0.5.
2026-02-17 15:00:00+00:00,2026-02-15 18:00:00+00:00,45.0,7.12,3.5,0.5579388888888889,0.5762604188555098,0.5579388888888889,baseline,turbine_1,2026-02-16 00:00:00+00:00,turbine_1: на 2026-02-16T00:00:00+00:00 проверяемого факта пока нет; overlap_wind_change=1.112m/s>=0.5.
2026-02-17 16:00:00+00:00,2026-02-15 18:00:00+00:00,46.0,7.5,2.9,0.6187499999999999,0.6305451605424178,0.6187499999999999,baseline,turbine_1,2026-02-16 00:00:00+00:00,turbine_1: на 2026-02-16T00:00:00+00:00 проверяемого факта пока нет; overlap_wind_change=1.112m/s>=0.5.
2026-02-17 17:00:00+00:00,2026-02-15 18:00:00+00:00,47.0,7.58,2.3,0.6285722222222222,0.6543705982489592,0.6285722222222222,baseline,turbine_1,2026-02-16 00:00:00+00:00,turbine_1: на 2026-02-16T00:00:00+00:00 проверяемого факта пока нет; overlap_wind_change=1.112m/s>=0.5.
2026-02-17 18:00:00+00:00,2026-02-15 18:00:00+00:00,48.0,7.76,1.4,0.651761111111111,0.6685700003110346,0.651761111111111,baseline,turbine_1,2026-02-16 00:00:00+00:00,turbine_1: на 2026-02-16T00:00:00+00:00 проверяемого факта пока нет; overlap_wind_change=1.112m/s>=0.5.
2026-02-17 19:00:00+00:00,2026-02-15 18:00:00+00:00,49.0,8.63,0.8,0.8370555555555557,0.79031969441729,0.8370555555555557,baseline,turbine_1,2026-02-16 00:00:00+00:00,turbine_1: на 2026-02-16T00:00:00+00:00 проверяемого факта пока нет; overlap_wind_change=1.112m/s>=0.5.
2026-02-17 20:00:00+00:00,2026-02-15 18:00:00+00:00,50.0,9.37,1.0,0.9603555555555555,0.8412949130597449,0.9603555555555555,baseline,turbine_1,2026-02-16 00:00:00+00:00,turbine_1: на 2026-02-16T00:00:00+00:00 проверяемого факта пока нет; overlap_wind_change=1.112m/s>=0.5.
2026-02-17 21:00:00+00:00,2026-02-15 18:00:00+00:00,51.0,8.02,0.8,0.7119944444444444,0.6340989236452519,0.7119944444444444,baseline,turbine_1,2026-02-16 00:00:00+00:00,turbine_1: на 2026-02-16T00:00:00+00:00 проверяемого факта пока нет; overlap_wind_change=1.112m/s>=0.5.
2026-02-17 22:00:00+00:00,2026-02-15 18:00:00+00:00,52.0,7.26,0.4,0.5892833333333333,0.619800453351241,0.5892833333333333,baseline,turbine_1,2026-02-16 00:00:00+00:00,turbine_1: на 2026-02-16T00:00:00+00:00 проверяемого факта пока нет; overlap_wind_change=1.112m/s>=0.5.
2026-02-17 23:00:00+00:00,2026-02-15 18:00:00+00:00,53.0,7.17,0.7,0.5695222222222222,0.6106052839181751,0.5695222222222222,baseline,turbine_1,2026-02-16 00:00:00+00:00,turbine_1: на 2026-02-16T00:00:00+00:00 проверяемого факта пока нет; overlap_wind_change=1.112m/s>=0.5.
2026-02-18 00:00:00+00:00,2026-02-15 18:00:00+00:00,54.0,7.9,1.2,0.6841944444444445,0.5745981892436068,0.6841944444444445,baseline,turbine_1,2026-02-16 00:00:00+00:00,turbine_1: на 2026-02-16T00:00:00+00:00 проверяемого факта пока нет; overlap_wind_change=1.112m/s>=0.5.
2026-02-16 01:00:00+00:00,2026-02-15 18:00:00+00:00,7.0,6.34,0.5,0.3870555555555555,0.33936983616527294,0.3870555555555555,baseline,turbine_2,2026-02-16 00:00:00+00:00,turbine_2: на 2026-02-16T00:00:00+00:00 проверяемого факта пока нет; overlap_wind_change=1.112m/s>=0.5.
2026-02-16 02:00:00+00:00,2026-02-15 18:00:00+00:00,8.0,6.79,0.6,0.47253333333333325,0.3427268875302025,0.47253333333333325,baseline,turbine_2,2026-02-16 00:00:00+00:00,turbine_2: на 2026-02-16T00:00:00+00:00 проверяемого факта пока нет; overlap_wind_change=1.112m/s>=0.5.
2026-02-16 03:00:00+00:00,2026-02-15 18:00:00+00:00,9.0,6.1,1.9,0.3371388888888888,0.28960265185024947,0.3371388888888888,baseline,turbine_2,2026-02-16 00:00:00+00:00,turbine_2: на 2026-02-16T00:00:00+00:00 проверяемого факта пока нет; overlap_wind_change=1.112m/s>=0.5.
2026-02-16 04:00:00+00:00,2026-02-15 18:00:00+00:00,10.0,7.1,3.7,0.5524444444444443,0.3440053039656087,0.5524444444444443,baseline,turbine_2,2026-02-16 00:00:00+00:00,turbine_2: на 2026-02-16T00:00:00+00:00 проверяемого факта пока нет; overlap_wind_change=1.112m/s>=0.5.
2026-02-16 05:00:00+00:00,2026-02-15 18:00:00+00:00,11.0,6.9,5.7,0.5008888888888889,0.43274465020165953,0.5008888888888889,baseline,turbine_2,2026-02-16 00:00:00+00:00,turbine_2: на 2026-02-16T00:00:00+00:00 проверяемого факта пока нет; overlap_wind_change=1.112m/s>=0.5.
2026-02-16 06:00:00+00:00,2026-02-15 18:00:00+00:00,12.0,6.74,6.5,0.46038888888888885,0.44534546205305303,0.46038888888888885,baseline,turbine_2,2026-02-16 00:00:00+00:00,turbine_2: на 2026-02-16T00:00:00+00:00 проверяемого факта пока нет; overlap_wind_change=1.112m/s>=0.5.
2026-02-16 07:00:00+00:00,2026-02-15 18:00:00+00:00,13.0,6.04,7.8,0.32377222222222224,0.4068468881669399,0.32377222222222224,baseline,turbine_2,2026-02-16 00:00:00+00:00,turbine_2: на 2026-02-16T00:00:00+00:00 проверяемого факта пока нет; overlap_wind_change=1.112m/s>=0.5.
2026-02-16 08:00:00+00:00,2026-02-15 18:00:00+00:00,14.0,5.82,8.2,0.27476111111111123,0.47480097146385253,0.27476111111111123,baseline,turbine_2,2026-02-16 00:00:00+00:00,turbine_2: на 2026-02-16T00:00:00+00:00 проверяемого факта пока нет; overlap_wind_change=1.112m/s>=0.5.
2026-02-16 09:00:00+00:00,2026-02-15 18:00:00+00:00,15.0,5.01,8.6,0.17044444444444443,0.350318104254023,0.17044444444444443,baseline,turbine_2,2026-02-16 00:00:00+00:00,turbine_2: на 2026-02-16T00:00:00+00:00 проверяемого факта пока нет; overlap_wind_change=1.112m/s>=0.5.
2026-02-16 10:00:00+00:00,2026-02-15 18:00:00+00:00,16.0,4.48,8.0,0.1254055555555556,0.23008987143254359,0.1254055555555556,baseline,turbine_2,2026-02-16 00:00:00+00:00,turbine_2: на 2026-02-16T00:00:00+00:00 проверяемого факта пока нет; overlap_wind_change=1.112m/s>=0.5.
2026-02-16 11:00:00+00:00,2026-02-15 18:00:00+00:00,17.0,5.38,7.1,0.20880555555555555,0.3797396427944303,0.20880555555555555,baseline,turbine_2,2026-02-16 00:00:00+00:00,turbine_2: на 2026-02-16T00:00:00+00:00 проверяемого факта пока нет; overlap_wind_change=1.112m/s>=0.5.
2026-02-16 12:00:00+00:00,2026-02-15 18:00:00+00:00,18.0,5.1,5.6,0.1781944444444444,0.3779686146758229,0.1781944444444444,baseline,turbine_2,2026-02-16 00:00:00+00:00,turbine_2: на 2026-02-16T00:00:00+00:00 проверяемого факта пока нет; overlap_wind_change=1.112m/s>=0.5.
2026-02-16 13:00:00+00:00,2026-02-15 18:00:00+00:00,19.0,5.82,4.5,0.27476111111111123,0.417013731632515,0.27476111111111123,baseline,turbine_2,2026-02-16 00:00:00+00:00,turbine_2: на 2026-02-16T00:00:00+00:00 проверяемого факта пока нет; overlap_wind_change=1.112m/s>=0.5.
2026-02-16 14:00:00+00:00,2026-02-15 18:00:00+00:00,20.0,5.96,3.9,0.30595,0.49808602443372113,0.30595,baseline,turbine_2,2026-02-16 00:00:00+00:00,turbine_2: на 2026-02-16T00:00:00+00:00 проверяемого факта пока нет; overlap_wind_change=1.112m/s>=0.5.
2026-02-16 15:00:00+00:00,2026-02-15 18:00:00+00:00,21.0,6.04,4.1,0.32377222222222224,0.49589664850106135,0.32377222222222224,baseline,turbine_2,2026-02-16 00:00:00+00:00,turbine_2: на 2026-02-16T00:00:00+00:00 проверяемого факта пока нет; overlap_wind_change=1.112m/s>=0.5.
2026-02-16 16:00:00+00:00,2026-02-15 18:00:00+00:00,22.0,6.24,4.1,0.3683277777777778,0.5802700109205035,0.3683277777777778,baseline,turbine_2,2026-02-16 00:00:00+00:00,turbine_2: на 2026-02-16T00:00:00+00:00 проверяемого факта пока нет; overlap_wind_change=1.112m/s>=0.5.
2026-02-16 17:00:00+00:00,2026-02-15 18:00:00+00:00,23.0,5.33,3.8,0.202,0.325025693711776,0.202,baseline,turbine_2,2026-02-16 00:00:00+00:00,turbine_2: на 2026-02-16T00:00:00+00:00 проверяемого факта пока нет; overlap_wind_change=1.112m/s>=0.5.
2026-02-16 18:00:00+00:00,2026-02-15 18:00:00+00:00,24.0,5.11,3.9,0.17905555555555558,0.3504184275722871,0.17905555555555558,baseline,turbine_2,2026-02-16 00:00:00+00:00,turbine_2: на 2026-02-16T00:00:00+00:00 проверяемого факта пока нет; overlap_wind_change=1.112m/s>=0.5.
2026-02-16 19:00:00+00:00,2026-02-15 18:00:00+00:00,25.0,4.99,3.9,0.16872222222222225,0.36047134743284637,0.16872222222222225,baseline,turbine_2,2026-02-16 00:00:00+00:00,turbine_2: на 2026-02-16T00:00:00+00:00 проверяемого факта пока нет; overlap_wind_change=1.112m/s>=0.5.
2026-02-16 20:00:00+00:00,2026-02-15 18:00:00+00:00,26.0,5.73,3.9,0.25644444444444453,0.40422979489238225,0.25644444444444453,baseline,turbine_2,2026-02-16 00:00:00+00:00,turbine_2: на 2026-02-16T00:00:00+00:00 проверяемого факта пока нет; overlap_wind_change=1.112m/s>=0.5.
2026-02-16 21:00:00+00:00,2026-02-15 18:00:00+00:00,27.0,6.11,3.7,0.3393666666666667,0.42402104088770576,0.3393666666666667,baseline,turbine_2,2026-02-16 00:00:00+00:00,turbine_2: на 2026-02-16T00:00:00+00:00 проверяемого факта пока нет; overlap_wind_change=1.112m/s>=0.5.
2026-02-16 22:00:00+00:00,2026-02-15 18:00:00+00:00,28.0,6.65,3.9,0.4438888888888889,0.5634200688710549,0.4438888888888889,baseline,turbine_2,2026-02-16 00:00:00+00:00,turbine_2: на 2026-02-16T00:00:00+00:00 проверяемого факта пока нет; overlap_wind_change=1.112m/s>=0.5.
2026-02-16 23:00:00+00:00,2026-02-15 18:00:00+00:00,29.0,6.05,3.8,0.32599999999999996,0.4482198021260857,0.32599999999999996,baseline,turbine_2,2026-02-16 00:00:00+00:00,turbine_2: на 2026-02-16T00:00:00+00:00 проверяемого факта пока нет; overlap_wind_change=1.112m/s>=0.5.
2026-02-17 00:00:00+00:00,2026-02-15 18:00:00+00:00,30.0,4.96,3.3,0.1661388888888889,0.26929028276094824,0.1661388888888889,baseline,turbine_2,2026-02-16 00:00:00+00:00,turbine_2: на 2026-02-16T00:00:00+00:00 проверяемого факта пока нет; overlap_wind_change=1.112m/s>=0.5.
2026-02-17 01:00:00+00:00,2026-02-15 18:00:00+00:00,31.0,3.65,2.9,0.06244444444444444,0.1570553113510572,0.06244444444444444,baseline,turbine_2,2026-02-16 00:00:00+00:00,turbine_2: на 2026-02-16T00:00:00+00:00 проверяемого факта пока нет; overlap_wind_change=1.112m/s>=0.5.
2026-02-17 02:00:00+00:00,2026-02-15 18:00:00+00:00,32.0,3.86,2.5,0.07729444444444444,0.15553918474016978,0.07729444444444444,baseline,turbine_2,2026-02-16 00:00:00+00:00,turbine_2: на 2026-02-16T00:00:00+00:00 проверяемого факта пока нет; overlap_wind_change=1.112m/s>=0.5.
2026-02-17 03:00:00+00:00,2026-02-15 18:00:00+00:00,33.0,3.55,3.0,0.05572222222222221,0.1780375250832865,0.05572222222222221,baseline,turbine_2,2026-02-16 00:00:00+00:00,turbine_2: на 2026-02-16T00:00:00+00:00 проверяемого факта пока нет; overlap_wind_change=1.112m/s>=0.5.
2026-02-17 04:00:00+00:00,2026-02-15 18:00:00+00:00,34.0,3.7,4.2,0.06580555555555558,0.16900387355975294,0.06580555555555558,baseline,turbine_2,2026-02-16 00:00:00+00:00,turbine_2: на 2026-02-16T00:00:00+00:00 проверяемого факта пока нет; overlap_wind_change=1.112m/s>=0.5.
2026-02-17 05:00:00+00:00,2026-02-15 18:00:00+00:00,35.0,4.25,5.2,0.10611111111111111,0.2063356638672665,0.10611111111111111,baseline,turbine_2,2026-02-16 00:00:00+00:00,turbine_2: на 2026-02-16T00:00:00+00:00 проверяемого факта пока нет; overlap_wind_change=1.112m/s>=0.5.
2026-02-17 06:00:00+00:00,2026-02-15 18:00:00+00:00,36.0,5.33,5.6,0.202,0.3326190983104865,0.202,baseline,turbine_2,2026-02-16 00:00:00+00:00,turbine_2: на 2026-02-16T00:00:00+00:00 проверяемого факта пока нет; overlap_wind_change=1.112m/s>=0.5.
2026-02-17 07:00:00+00:00,2026-02-15 18:00:00+00:00,37.0,5.19,5.3,0.18594444444444447,0.31855062726079375,0.18594444444444447,baseline,turbine_2,2026-02-16 00:00:00+00:00,turbine_2: на 2026-02-16T00:00:00+00:00 проверяемого факта пока нет; overlap_wind_change=1.112m/s>=0.5.
2026-02-17 08:00:00+00:00,2026-02-15 18:00:00+00:00,38.0,4.78,5.4,0.15063888888888893,0.3068097243698207,0.15063888888888893,baseline,turbine_2,2026-02-16 00:00:00+00:00,turbine_2: на 2026-02-16T00:00:00+00:00 проверяемого факта пока нет; overlap_wind_change=1.112m/s>=0.5.
2026-02-17 09:00:00+00:00,2026-02-15 18:00:00+00:00,39.0,4.65,6.0,0.13966666666666672,0.28012346246794295,0.13966666666666672,baseline,turbine_2,2026-02-16 00:00:00+00:00,turbine_2: на 2026-02-16T00:00:00+00:00 проверяемого факта пока нет; overlap_wind_change=1.112m/s>=0.5.
2026-02-17 10:00:00+00:00,2026-02-15 18:00:00+00:00,40.0,4.81,6.1,0.1532222222222222,0.2738760020213051,0.1532222222222222,baseline,turbine_2,2026-02-16 00:00:00+00:00,turbine_2: на 2026-02-16T00:00:00+00:00 проверяемого факта пока нет; overlap_wind_change=1.112m/s>=0.5.
2026-02-17 11:00:00+00:00,2026-02-15 18:00:00+00:00,41.0,5.1,5.7,0.1781944444444444,0.380693695599171,0.1781944444444444,baseline,turbine_2,2026-02-16 00:00:00+00:00,turbine_2: на 2026-02-16T00:00:00+00:00 проверяемого факта пока нет; overlap_wind_change=1.112m/s>=0.5.
2026-02-17 12:00:00+00:00,2026-02-15 18:00:00+00:00,42.0,5.68,5.1,0.24963888888888888,0.3584654668266844,0.24963888888888888,baseline,turbine_2,2026-02-16 00:00:00+00:00,turbine_2: на 2026-02-16T00:00:00+00:00 проверяемого факта пока нет; overlap_wind_change=1.112m/s>=0.5.
2026-02-17 13:00:00+00:00,2026-02-15 18:00:00+00:00,43.0,7.06,3.9,0.5421333333333331,0.6558506850472057,0.5421333333333331,baseline,turbine_2,2026-02-16 00:00:00+00:00,turbine_2: на 2026-02-16T00:00:00+00:00 проверяемого факта пока нет; overlap_wind_change=1.112m/s>=0.5.
2026-02-17 14:00:00+00:00,2026-02-15 18:00:00+00:00,44.0,7.02,3.6,0.5318222222222221,0.6467468188962976,0.5318222222222221,baseline,turbine_2,2026-02-16 00:00:00+00:00,turbine_2: на 2026-02-16T00:00:00+00:00 проверяемого факта пока нет; overlap_wind_change=1.112m/s>=0.5.
2026-02-17 15:00:00+00:00,2026-02-15 18:00:00+00:00,45.0,7.12,3.5,0.5576,0.6777094343762955,0.5576,baseline,turbine_2,2026-02-16 00:00:00+00:00,turbine_2: на 2026-02-16T00:00:00+00:00 проверяемого факта пока нет; overlap_wind_change=1.112m/s>=0.5.
2026-02-17 16:00:00+00:00,2026-02-15 18:00:00+00:00,46.0,7.5,2.9,0.6211111111111111,0.704971072044266,0.6211111111111111,baseline,turbine_2,2026-02-16 00:00:00+00:00,turbine_2: на 2026-02-16T00:00:00+00:00 проверяемого факта пока нет; overlap_wind_change=1.112m/s>=0.5.
2026-02-17 17:00:00+00:00,2026-02-15 18:00:00+00:00,47.0,7.58,2.3,0.6307111111111111,0.7149023680216989,0.6307111111111111,baseline,turbine_2,2026-02-16 00:00:00+00:00,turbine_2: на 2026-02-16T00:00:00+00:00 проверяемого факта пока нет; overlap_wind_change=1.112m/s>=0.5.
2026-02-17 18:00:00+00:00,2026-02-15 18:00:00+00:00,48.0,7.76,1.4,0.6535777777777777,0.7460502515534139,0.6535777777777777,baseline,turbine_2,2026-02-16 00:00:00+00:00,turbine_2: на 2026-02-16T00:00:00+00:00 проверяемого факта пока нет; overlap_wind_change=1.112m/s>=0.5.
2026-02-17 19:00:00+00:00,2026-02-15 18:00:00+00:00,49.0,8.63,0.8,0.8314444444444444,0.8839384378163929,0.8314444444444444,baseline,turbine_2,2026-02-16 00:00:00+00:00,turbine_2: на 2026-02-16T00:00:00+00:00 проверяемого факта пока нет; overlap_wind_change=1.112m/s>=0.5.
2026-02-17 20:00:00+00:00,2026-02-15 18:00:00+00:00,50.0,9.37,1.0,0.9504555555555555,0.9561267406386323,0.9504555555555555,baseline,turbine_2,2026-02-16 00:00:00+00:00,turbine_2: на 2026-02-16T00:00:00+00:00 проверяемого факта пока нет; overlap_wind_change=1.112m/s>=0.5.
2026-02-17 21:00:00+00:00,2026-02-15 18:00:00+00:00,51.0,8.02,0.8,0.7177111111111109,0.6242179540742742,0.7177111111111109,baseline,turbine_2,2026-02-16 00:00:00+00:00,turbine_2: на 2026-02-16T00:00:00+00:00 проверяемого факта пока нет; overlap_wind_change=1.112m/s>=0.5.
2026-02-17 22:00:00+00:00,2026-02-15 18:00:00+00:00,52.0,7.26,0.4,0.592311111111111,0.6194877556827844,0.592311111111111,baseline,turbine_2,2026-02-16 00:00:00+00:00,turbine_2: на 2026-02-16T00:00:00+00:00 проверяемого факта пока нет; overlap_wind_change=1.112m/s>=0.5.
2026-02-17 23:00:00+00:00,2026-02-15 18:00:00+00:00,53.0,7.17,0.7,0.5704888888888888,0.6138291912661928,0.5704888888888888,baseline,turbine_2,2026-02-16 00:00:00+00:00,turbine_2: на 2026-02-16T00:00:00+00:00 проверяемого факта пока нет; overlap_wind_change=1.112m/s>=0.5.
2026-02-18 00:00:00+00:00,2026-02-15 18:00:00+00:00,54.0,7.9,1.2,0.6881111111111111,0.6629478768674032,0.6881111111111111,baseline,turbine_2,2026-02-16 00:00:00+00:00,turbine_2: на 2026-02-16T00:00:00+00:00 проверяемого факта пока нет; overlap_wind_change=1.112m/s>=0.5.
2026-02-17 01:00:00+00:00,2026-02-16 18:00:00+00:00,7.0,5.22,3.1,0.20475555555555555,0.1086580336551538,0.20475555555555555,baseline,turbine_1,2026-02-17 00:00:00+00:00,turbine_1: на 2026-02-17T00:00:00+00:00 проверяемого факта пока нет; overlap_wind_change=0.623m/s>=0.5.
2026-02-17 02:00:00+00:00,2026-02-16 18:00:00+00:00,8.0,3.49,2.8,0.05916666666666668,0.0,0.05916666666666668,baseline,turbine_1,2026-02-17 00:00:00+00:00,turbine_1: на 2026-02-17T00:00:00+00:00 проверяемого факта пока нет; overlap_wind_change=0.623m/s>=0.5.
2026-02-17 03:00:00+00:00,2026-02-16 18:00:00+00:00,9.0,3.66,3.0,0.07097222222222223,0.0,0.07097222222222223,baseline,turbine_1,2026-02-17 00:00:00+00:00,turbine_1: на 2026-02-17T00:00:00+00:00 проверяемого факта пока нет; overlap_wind_change=0.623m/s>=0.5.
2026-02-17 04:00:00+00:00,2026-02-16 18:00:00+00:00,10.0,4.13,3.5,0.11036666666666665,0.08359260421248903,0.11036666666666665,baseline,turbine_1,2026-02-17 00:00:00+00:00,turbine_1: на 2026-02-17T00:00:00+00:00 проверяемого факта пока нет; overlap_wind_change=0.623m/s>=0.5.
2026-02-17 05:00:00+00:00,2026-02-16 18:00:00+00:00,11.0,4.09,3.9,0.10687777777777777,0.1280665378206003,0.10687777777777777,baseline,turbine_1,2026-02-17 00:00:00+00:00,turbine_1: на 2026-02-17T00:00:00+00:00 проверяемого факта пока нет; overlap_wind_change=0.623m/s>=0.5.
2026-02-17 06:00:00+00:00,2026-02-16 18:00:00+00:00,12.0,4.05,5.1,0.10338888888888888,0.04331415457433944,0.10338888888888888,baseline,turbine_1,2026-02-17 00:00:00+00:00,turbine_1: на 2026-02-17T00:00:00+00:00 проверяемого факта пока нет; overlap_wind_change=0.623m/s>=0.5.
2026-02-17 07:00:00+00:00,2026-02-16 18:00:00+00:00,13.0,4.51,5.7,0.14437777777777777,0.10377390966595444,0.14437777777777777,baseline,turbine_1,2026-02-17 00:00:00+00:00,turbine_1: на 2026-02-17T00:00:00+00:00 проверяемого факта пока нет; overlap_wind_change=0.623m/s>=0.5.
2026-02-17 08:00:00+00:00,2026-02-16 18:00:00+00:00,14.0,4.19,6.8,0.11560000000000004,0.18558622151858917,0.11560000000000004,baseline,turbine_1,2026-02-17 00:00:00+00:00,turbine_1: на 2026-02-17T00:00:00+00:00 проверяемого факта пока нет; overlap_wind_change=0.623m/s>=0.5.
2026-02-17 09:00:00+00:00,2026-02-16 18:00:00+00:00,15.0,4.19,8.1,0.11560000000000004,0.20014758513016712,0.11560000000000004,baseline,turbine_1,2026-02-17 00:00:00+00:00,turbine_1: на 2026-02-17T00:00:00+00:00 проверяемого факта пока нет; overlap_wind_change=0.623m/s>=0.5.
2026-02-17 10:00:00+00:00,2026-02-16 18:00:00+00:00,16.0,4.56,8.5,0.14890555555555554,0.2337818872964863,0.14890555555555554,baseline,turbine_1,2026-02-17 00:00:00+00:00,turbine_1: на 2026-02-17T00:00:00+00:00 проверяемого факта пока нет; overlap_wind_change=0.623m/s>=0.5.
2026-02-17 11:00:00+00:00,2026-02-16 18:00:00+00:00,17.0,5.15,8.1,0.19900000000000004,0.2994509052005445,0.19900000000000004,baseline,turbine_1,2026-02-17 00:00:00+00:00,turbine_1: на 2026-02-17T00:00:00+00:00 проверяемого факта пока нет; overlap_wind_change=0.623m/s>=0.5.
2026-02-17 12:00:00+00:00,2026-02-16 18:00:00+00:00,18.0,6.42,6.0,0.4058555555555555,0.5831117122318517,0.4058555555555555,baseline,turbine_1,2026-02-17 00:00:00+00:00,turbine_1: на 2026-02-17T00:00:00+00:00 проверяемого факта пока нет; overlap_wind_change=0.623m/s>=0.5.
2026-02-17 13:00:00+00:00,2026-02-16 18:00:00+00:00,19.0,6.71,4.4,0.4641777777777777,0.5612341955907997,0.4641777777777777,baseline,turbine_1,2026-02-17 00:00:00+00:00,turbine_1: на 2026-02-17T00:00:00+00:00 проверяемого факта пока нет; overlap_wind_change=0.623m/s>=0.5.
2026-02-17 14:00:00+00:00,2026-02-16 18:00:00+00:00,20.0,7.29,4.0,0.5929666666666666,0.5719003946782049,0.5929666666666666,baseline,turbine_1,2026-02-17 00:00:00+00:00,turbine_1: на 2026-02-17T00:00:00+00:00 проверяемого факта пока нет; overlap_wind_change=0.623m/s>=0.5.
2026-02-17 15:00:00+00:00,2026-02-16 18:00:00+00:00,21.0,7.91,3.6,0.6865111111111111,0.5391322126196976,0.6865111111111111,baseline,turbine_1,2026-02-17 00:00:00+00:00,turbine_1: на 2026-02-17T00:00:00+00:00 проверяемого факта пока нет; overlap_wind_change=0.623m/s>=0.5.
2026-02-17 16:00:00+00:00,2026-02-16 18:00:00+00:00,22.0,7.96,3.1,0.6980944444444445,0.5882099886513372,0.6980944444444445,baseline,turbine_1,2026-02-17 00:00:00+00:00,turbine_1: на 2026-02-17T00:00:00+00:00 проверяемого факта пока нет; overlap_wind_change=0.623m/s>=0.5.
2026-02-17 17:00:00+00:00,2026-02-16 18:00:00+00:00,23.0,7.32,2.1,0.59665,0.6658100651097306,0.59665,baseline,turbine_1,2026-02-17 00:00:00+00:00,turbine_1: на 2026-02-17T00:00:00+00:00 проверяемого факта пока нет; overlap_wind_change=0.623m/s>=0.5.
2026-02-17 18:00:00+00:00,2026-02-16 18:00:00+00:00,24.0,7.16,1.3,0.5672055555555556,0.6610522158744689,0.5672055555555556,baseline,turbine_1,2026-02-17 00:00:00+00:00,turbine_1: на 2026-02-17T00:00:00+00:00 проверяемого факта пока нет; overlap_wind_change=0.623m/s>=0.5.
2026-02-17 19:00:00+00:00,2026-02-16 18:00:00+00:00,25.0,7.25,0.5,0.5880555555555556,0.6951317546177994,0.5880555555555556,baseline,turbine_1,2026-02-17 00:00:00+00:00,turbine_1: на 2026-02-17T00:00:00+00:00 проверяемого факта пока нет; overlap_wind_change=0.623m/s>=0.5.
2026-02-17 20:00:00+00:00,2026-02-16 18:00:00+00:00,26.0,7.73,0.7,0.6469888888888888,0.6667439477815776,0.6469888888888888,baseline,turbine_1,2026-02-17 00:00:00+00:00,turbine_1: на 2026-02-17T00:00:00+00:00 проверяемого факта пока нет; overlap_wind_change=0.623m/s>=0.5.
2026-02-17 21:00:00+00:00,2026-02-16 18:00:00+00:00,27.0,6.75,1.1,0.47222222222222215,0.5803241511733911,0.47222222222222215,baseline,turbine_1,2026-02-17 00:00:00+00:00,turbine_1: на 2026-02-17T00:00:00+00:00 проверяемого факта пока нет; overlap_wind_change=0.623m/s>=0.5.
2026-02-17 22:00:00+00:00,2026-02-16 18:00:00+00:00,28.0,6.71,1.2,0.4641777777777777,0.5908921527743208,0.4641777777777777,baseline,turbine_1,2026-02-17 00:00:00+00:00,turbine_1: на 2026-02-17T00:00:00+00:00 проверяемого факта пока нет; overlap_wind_change=0.623m/s>=0.5.
2026-02-17 23:00:00+00:00,2026-02-16 18:00:00+00:00,29.0,7.03,1.3,0.537088888888889,0.5777232120824197,0.537088888888889,baseline,turbine_1,2026-02-17 00:00:00+00:00,turbine_1: на 2026-02-17T00:00:00+00:00 проверяемого факта пока нет; overlap_wind_change=0.623m/s>=0.5.
2026-02-18 00:00:00+00:00,2026-02-16 18:00:00+00:00,30.0,7.34,1.1,0.5991055555555556,0.5577687911088289,0.5991055555555556,baseline,turbine_1,2026-02-17 00:00:00+00:00,turbine_1: на 2026-02-17T00:00:00+00:00 проверяемого факта пока нет; overlap_wind_change=0.623m/s>=0.5.
2026-02-18 01:00:00+00:00,2026-02-16 18:00:00+00:00,31.0,7.88,1.2,0.6795611111111111,0.5694076255103334,0.6795611111111111,baseline,turbine_1,2026-02-17 00:00:00+00:00,turbine_1: на 2026-02-17T00:00:00+00:00 проверяемого факта пока нет; overlap_wind_change=0.623m/s>=0.5.
2026-02-18 02:00:00+00:00,2026-02-16 18:00:00+00:00,32.0,8.53,1.2,0.8181666666666665,0.6986488321555351,0.8181666666666665,baseline,turbine_1,2026-02-17 00:00:00+00:00,turbine_1: на 2026-02-17T00:00:00+00:00 проверяемого факта пока нет; overlap_wind_change=0.623m/s>=0.5.
2026-02-18 03:00:00+00:00,2026-02-16 18:00:00+00:00,33.0,8.11,2.7,0.7328444444444443,0.526779021356785,0.7328444444444443,baseline,turbine_1,2026-02-17 00:00:00+00:00,turbine_1: на 2026-02-17T00:00:00+00:00 проверяемого факта пока нет; overlap_wind_change=0.623m/s>=0.5.
2026-02-18 04:00:00+00:00,2026-02-16 18:00:00+00:00,34.0,8.52,5.9,0.8162777777777777,0.6353564091520112,0.8162777777777777,baseline,turbine_1,2026-02-17 00:00:00+00:00,turbine_1: на 2026-02-17T00:00:00+00:00 проверяемого факта пока нет; overlap_wind_change=0.623m/s>=0.5.
2026-02-18 05:00:00+00:00,2026-02-16 18:00:00+00:00,35.0,9.51,9.5,0.9679,0.8391881586220314,0.9679,baseline,turbine_1,2026-02-17 00:00:00+00:00,turbine_1: на 2026-02-17T00:00:00+00:00 проверяемого факта пока нет; overlap_wind_change=0.623m/s>=0.5.
2026-02-18 06:00:00+00:00,2026-02-16 18:00:00+00:00,36.0,10.03,11.7,0.9814555555555555,0.8617504447675214,0.9814555555555555,baseline,turbine_1,2026-02-17 00:00:00+00:00,turbine_1: на 2026-02-17T00:00:00+00:00 проверяемого факта пока нет; overlap_wind_change=0.623m/s>=0.5.
2026-02-18 07:00:00+00:00,2026-02-16 18:00:00+00:00,37.0,10.03,12.9,0.9814555555555555,0.8489108714111575,0.9814555555555555,baseline,turbine_1,2026-02-17 00:00:00+00:00,turbine_1: на 2026-02-17T00:00:00+00:00 проверяемого факта пока нет; overlap_wind_change=0.623m/s>=0.5.
2026-02-18 08:00:00+00:00,2026-02-16 18:00:00+00:00,38.0,9.09,13.8,0.9237555555555556,0.8117247655344914,0.9237555555555556,baseline,turbine_1,2026-02-17 00:00:00+00:00,turbine_1: на 2026-02-17T00:00:00+00:00 проверяемого факта пока нет; overlap_wind_change=0.623m/s>=0.5.
2026-02-18 09:00:00+00:00,2026-02-16 18:00:00+00:00,39.0,9.55,13.9,0.9700555555555556,0.8492924520045776,0.9700555555555556,baseline,turbine_1,2026-02-17 00:00:00+00:00,turbine_1: на 2026-02-17T00:00:00+00:00 проверяемого факта пока нет; overlap_wind_change=0.623m/s>=0.5.
2026-02-18 10:00:00+00:00,2026-02-16 18:00:00+00:00,40.0,10.06,12.9,0.9815222222222222,0.8322628826929102,0.9815222222222222,baseline,turbine_1,2026-02-17 00:00:00+00:00,turbine_1: на 2026-02-17T00:00:00+00:00 проверяемого факта пока нет; overlap_wind_change=0.623m/s>=0.5.
2026-02-18 11:00:00+00:00,2026-02-16 18:00:00+00:00,41.0,8.83,11.9,0.8747888888888888,0.7072757404707668,0.8747888888888888,baseline,turbine_1,2026-02-17 00:00:00+00:00,turbine_1: на 2026-02-17T00:00:00+00:00 проверяемого факта пока нет; overlap_wind_change=0.623m/s>=0.5.
2026-02-18 12:00:00+00:00,2026-02-16 18:00:00+00:00,42.0,8.05,9.2,0.7189444444444446,0.5358433022740373,0.7189444444444446,baseline,turbine_1,2026-02-17 00:00:00+00:00,turbine_1: на 2026-02-17T00:00:00+00:00 проверяемого факта пока нет; overlap_wind_change=0.623m/s>=0.5.
2026-02-18 13:00:00+00:00,2026-02-16 18:00:00+00:00,43.0,7.73,6.2,0.6469888888888888,0.5497767786971658,0.6469888888888888,baseline,turbine_1,2026-02-17 00:00:00+00:00,turbine_1: на 2026-02-17T00:00:00+00:00 проверяемого факта пока нет; overlap_wind_change=0.623m/s>=0.5.
2026-02-18 14:00:00+00:00,2026-02-16 18:00:00+00:00,44.0,6.74,3.8,0.4702111111111111,0.6253121570901368,0.4702111111111111,baseline,turbine_1,2026-02-17 00:00:00+00:00,turbine_1: на 2026-02-17T00:00:00+00:00 проверяемого факта пока нет; overlap_wind_change=0.623m/s>=0.5.
2026-02-18 15:00:00+00:00,2026-02-16 18:00:00+00:00,45.0,6.66,3.2,0.4541222222222222,0.6126775348981504,0.4541222222222222,baseline,turbine_1,2026-02-17 00:00:00+00:00,turbine_1: на 2026-02-17T00:00:00+00:00 проверяемого факта пока нет; overlap_wind_change=0.623m/s>=0.5.
2026-02-18 16:00:00+00:00,2026-02-16 18:00:00+00:00,46.0,6.38,2.5,0.39781111111111106,0.6586494160659433,0.39781111111111106,baseline,turbine_1,2026-02-17 00:00:00+00:00,turbine_1: на 2026-02-17T00:00:00+00:00 проверяемого факта пока нет; overlap_wind_change=0.623m/s>=0.5.
2026-02-18 17:00:00+00:00,2026-02-16 18:00:00+00:00,47.0,6.77,2.3,0.47685555555555537,0.66552522160662,0.47685555555555537,baseline,turbine_1,2026-02-17 00:00:00+00:00,turbine_1: на 2026-02-17T00:00:00+00:00 проверяемого факта пока нет; overlap_wind_change=0.623m/s>=0.5.
2026-02-18 18:00:00+00:00,2026-02-16 18:00:00+00:00,48.0,6.03,2.4,0.32277777777777783,0.44219076310731753,0.32277777777777783,baseline,turbine_1,2026-02-17 00:00:00+00:00,turbine_1: на 2026-02-17T00:00:00+00:00 проверяемого факта пока нет; overlap_wind_change=0.623m/s>=0.5.
2026-02-18 19:00:00+00:00,2026-02-16 18:00:00+00:00,49.0,6.59,2.1,0.44004444444444435,0.6564318100807653,0.44004444444444435,baseline,turbine_1,2026-02-17 00:00:00+00:00,turbine_1: на 2026-02-17T00:00:00+00:00 проверяемого факта пока нет; overlap_wind_change=0.623m/s>=0.5.
2026-02-18 20:00:00+00:00,2026-02-16 18:00:00+00:00,50.0,5.35,1.1,0.21788888888888885,0.27770111762698985,0.21788888888888885,baseline,turbine_1,2026-02-17 00:00:00+00:00,turbine_1: на 2026-02-17T00:00:00+00:00 проверяемого факта пока нет; overlap_wind_change=0.623m/s>=0.5.
2026-02-18 21:00:00+00:00,2026-02-16 18:00:00+00:00,51.0,5.66,0.9,0.2509555555555556,0.3022451581896506,0.2509555555555556,baseline,turbine_1,2026-02-17 00:00:00+00:00,turbine_1: на 2026-02-17T00:00:00+00:00 проверяемого факта пока нет; overlap_wind_change=0.623m/s>=0.5.
2026-02-18 22:00:00+00:00,2026-02-16 18:00:00+00:00,52.0,5.73,0.9,0.25842222222222233,0.3775018359199176,0.25842222222222233,baseline,turbine_1,2026-02-17 00:00:00+00:00,turbine_1: на 2026-02-17T00:00:00+00:00 проверяемого факта пока нет; overlap_wind_change=0.623m/s>=0.5.
2026-02-18 23:00:00+00:00,2026-02-16 18:00:00+00:00,53.0,4.86,1.3,0.1751555555555556,0.28469554132010283,0.1751555555555556,baseline,turbine_1,2026-02-17 00:00:00+00:00,turbine_1: на 2026-02-17T00:00:00+00:00 проверяемого факта пока нет; overlap_wind_change=0.623m/s>=0.5.
2026-02-19 00:00:00+00:00,2026-02-16 18:00:00+00:00,54.0,5.02,1.1,0.1883111111111111,0.2678083765709682,0.1883111111111111,baseline,turbine_1,2026-02-17 00:00:00+00:00,turbine_1: на 2026-02-17T00:00:00+00:00 проверяемого факта пока нет; overlap_wind_change=0.623m/s>=0.5.
2026-02-17 01:00:00+00:00,2026-02-16 18:00:00+00:00,7.0,5.22,3.1,0.18852777777777774,0.14227854701899378,0.18852777777777774,baseline,turbine_2,2026-02-17 00:00:00+00:00,turbine_2: на 2026-02-17T00:00:00+00:00 проверяемого факта пока нет; overlap_wind_change=0.623m/s>=0.5.
2026-02-17 02:00:00+00:00,2026-02-16 18:00:00+00:00,8.0,3.49,2.8,0.0516888888888889,0.0,0.0516888888888889,baseline,turbine_2,2026-02-17 00:00:00+00:00,turbine_2: на 2026-02-17T00:00:00+00:00 проверяемого факта пока нет; overlap_wind_change=0.623m/s>=0.5.
2026-02-17 03:00:00+00:00,2026-02-16 18:00:00+00:00,9.0,3.66,3.0,0.06311666666666668,0.0,0.06311666666666668,baseline,turbine_2,2026-02-17 00:00:00+00:00,turbine_2: на 2026-02-17T00:00:00+00:00 проверяемого факта пока нет; overlap_wind_change=0.623m/s>=0.5.
2026-02-17 04:00:00+00:00,2026-02-16 18:00:00+00:00,10.0,4.13,3.5,0.09724444444444444,0.09595933583073395,0.09724444444444444,baseline,turbine_2,2026-02-17 00:00:00+00:00,turbine_2: на 2026-02-17T00:00:00+00:00 проверяемого факта пока нет; overlap_wind_change=0.623m/s>=0.5.
2026-02-17 05:00:00+00:00,2026-02-16 18:00:00+00:00,11.0,4.09,3.9,0.09428888888888888,0.15642323597519822,0.09428888888888888,baseline,turbine_2,2026-02-17 00:00:00+00:00,turbine_2: на 2026-02-17T00:00:00+00:00 проверяемого факта пока нет; overlap_wind_change=0.623m/s>=0.5.
2026-02-17 06:00:00+00:00,2026-02-16 18:00:00+00:00,12.0,4.05,5.1,0.09133333333333332,0.04706522184544748,0.09133333333333332,baseline,turbine_2,2026-02-17 00:00:00+00:00,turbine_2: на 2026-02-17T00:00:00+00:00 проверяемого факта пока нет; overlap_wind_change=0.623m/s>=0.5.
2026-02-17 07:00:00+00:00,2026-02-16 18:00:00+00:00,13.0,4.51,5.7,0.12792222222222221,0.14805968388873625,0.12792222222222221,baseline,turbine_2,2026-02-17 00:00:00+00:00,turbine_2: на 2026-02-17T00:00:00+00:00 проверяемого факта пока нет; overlap_wind_change=0.623m/s>=0.5.
2026-02-17 08:00:00+00:00,2026-02-16 18:00:00+00:00,14.0,4.19,6.8,0.10167777777777781,0.22596607617162032,0.10167777777777781,baseline,turbine_2,2026-02-17 00:00:00+00:00,turbine_2: на 2026-02-17T00:00:00+00:00 проверяемого факта пока нет; overlap_wind_change=0.623m/s>=0.5.
2026-02-17 09:00:00+00:00,2026-02-16 18:00:00+00:00,15.0,4.19,8.1,0.10167777777777781,0.22965651758398933,0.10167777777777781,baseline,turbine_2,2026-02-17 00:00:00+00:00,turbine_2: на 2026-02-17T00:00:00+00:00 проверяемого факта пока нет; overlap_wind_change=0.623m/s>=0.5.
2026-02-17 10:00:00+00:00,2026-02-16 18:00:00+00:00,16.0,4.56,8.5,0.13211666666666666,0.242003945970112,0.13211666666666666,baseline,turbine_2,2026-02-17 00:00:00+00:00,turbine_2: на 2026-02-17T00:00:00+00:00 проверяемого факта пока нет; overlap_wind_change=0.623m/s>=0.5.
2026-02-17 11:00:00+00:00,2026-02-16 18:00:00+00:00,17.0,5.15,8.1,0.18250000000000002,0.3797396427944303,0.18250000000000002,baseline,turbine_2,2026-02-17 00:00:00+00:00,turbine_2: на 2026-02-17T00:00:00+00:00 проверяемого факта пока нет; overlap_wind_change=0.623m/s>=0.5.
2026-02-17 12:00:00+00:00,2026-02-16 18:00:00+00:00,18.0,6.42,6.0,0.40172222222222215,0.6427386860790538,0.40172222222222215,baseline,turbine_2,2026-02-17 00:00:00+00:00,turbine_2: на 2026-02-17T00:00:00+00:00 проверяемого факта пока нет; overlap_wind_change=0.623m/s>=0.5.
2026-02-17 13:00:00+00:00,2026-02-16 18:00:00+00:00,19.0,6.71,4.4,0.4548888888888888,0.6078053161420179,0.4548888888888888,baseline,turbine_2,2026-02-17 00:00:00+00:00,turbine_2: на 2026-02-17T00:00:00+00:00 проверяемого факта пока нет; overlap_wind_change=0.623m/s>=0.5.
2026-02-17 14:00:00+00:00,2026-02-16 18:00:00+00:00,20.0,7.29,4.0,0.5959111111111111,0.6638876955172706,0.5959111111111111,baseline,turbine_2,2026-02-17 00:00:00+00:00,turbine_2: на 2026-02-17T00:00:00+00:00 проверяемого факта пока нет; overlap_wind_change=0.623m/s>=0.5.
2026-02-17 15:00:00+00:00,2026-02-16 18:00:00+00:00,21.0,7.91,3.6,0.6905777777777777,0.668728372945934,0.6905777777777777,baseline,turbine_2,2026-02-17 00:00:00+00:00,turbine_2: на 2026-02-17T00:00:00+00:00 проверяемого факта пока нет; overlap_wind_change=0.623m/s>=0.5.
2026-02-17 16:00:00+00:00,2026-02-16 18:00:00+00:00,22.0,7.96,3.1,0.702911111111111,0.6874197244847317,0.702911111111111,baseline,turbine_2,2026-02-17 00:00:00+00:00,turbine_2: на 2026-02-17T00:00:00+00:00 проверяемого факта пока нет; overlap_wind_change=0.623m/s>=0.5.
2026-02-17 17:00:00+00:00,2026-02-16 18:00:00+00:00,23.0,7.32,2.1,0.5995111111111111,0.7396168002352326,0.5995111111111111,baseline,turbine_2,2026-02-17 00:00:00+00:00,turbine_2: на 2026-02-17T00:00:00+00:00 проверяемого факта пока нет; overlap_wind_change=0.623m/s>=0.5.
2026-02-17 18:00:00+00:00,2026-02-16 18:00:00+00:00,24.0,7.16,1.3,0.567911111111111,0.7104683283609534,0.567911111111111,baseline,turbine_2,2026-02-17 00:00:00+00:00,turbine_2: на 2026-02-17T00:00:00+00:00 проверяемого факта пока нет; overlap_wind_change=0.623m/s>=0.5.
2026-02-17 19:00:00+00:00,2026-02-16 18:00:00+00:00,25.0,7.25,0.5,0.591111111111111,0.7269403188869881,0.591111111111111,baseline,turbine_2,2026-02-17 00:00:00+00:00,turbine_2: на 2026-02-17T00:00:00+00:00 проверяемого факта пока нет; overlap_wind_change=0.623m/s>=0.5.
2026-02-17 20:00:00+00:00,2026-02-16 18:00:00+00:00,26.0,7.73,0.7,0.6487111111111111,0.6684475738326009,0.6487111111111111,baseline,turbine_2,2026-02-17 00:00:00+00:00,turbine_2: на 2026-02-17T00:00:00+00:00 проверяемого факта пока нет; overlap_wind_change=0.623m/s>=0.5.
2026-02-17 21:00:00+00:00,2026-02-16 18:00:00+00:00,27.0,6.75,1.1,0.46222222222222215,0.5693693022344523,0.46222222222222215,baseline,turbine_2,2026-02-17 00:00:00+00:00,turbine_2: на 2026-02-17T00:00:00+00:00 проверяемого факта пока нет; overlap_wind_change=0.623m/s>=0.5.
2026-02-17 22:00:00+00:00,2026-02-16 18:00:00+00:00,28.0,6.71,1.2,0.4548888888888888,0.615013015777711,0.4548888888888888,baseline,turbine_2,2026-02-17 00:00:00+00:00,turbine_2: на 2026-02-17T00:00:00+00:00 проверяемого факта пока нет; overlap_wind_change=0.623m/s>=0.5.
2026-02-17 23:00:00+00:00,2026-02-16 18:00:00+00:00,29.0,7.03,1.3,0.5344,0.6047839506021772,0.5344,baseline,turbine_2,2026-02-17 00:00:00+00:00,turbine_2: на 2026-02-17T00:00:00+00:00 проверяемого факта пока нет; overlap_wind_change=0.623m/s>=0.5.
2026-02-18 00:00:00+00:00,2026-02-16 18:00:00+00:00,30.0,7.34,1.1,0.6019111111111111,0.6253821570572498,0.6019111111111111,baseline,turbine_2,2026-02-17 00:00:00+00:00,turbine_2: на 2026-02-17T00:00:00+00:00 проверяемого факта пока нет; overlap_wind_change=0.623m/s>=0.5.
2026-02-18 01:00:00+00:00,2026-02-16 18:00:00+00:00,31.0,7.88,1.2,0.6831777777777777,0.6562225466095216,0.6831777777777777,baseline,turbine_2,2026-02-17 00:00:00+00:00,turbine_2: на 2026-02-17T00:00:00+00:00 проверяемого факта пока нет; overlap_wind_change=0.623m/s>=0.5.
2026-02-18 02:00:00+00:00,2026-02-16 18:00:00+00:00,32.0,8.53,1.2,0.8164444444444442,0.7727264090310478,0.8164444444444442,baseline,turbine_2,2026-02-17 00:00:00+00:00,turbine_2: на 2026-02-17T00:00:00+00:00 проверяемого факта пока нет; overlap_wind_change=0.623m/s>=0.5.
2026-02-18 03:00:00+00:00,2026-02-16 18:00:00+00:00,33.0,8.11,2.7,0.7399111111111109,0.5726417616928301,0.7399111111111109,baseline,turbine_2,2026-02-17 00:00:00+00:00,turbine_2: на 2026-02-17T00:00:00+00:00 проверяемого факта пока нет; overlap_wind_change=0.623m/s>=0.5.
2026-02-18 04:00:00+00:00,2026-02-16 18:00:00+00:00,34.0,8.52,5.9,0.8149444444444442,0.6806646196712437,0.8149444444444442,baseline,turbine_2,2026-02-17 00:00:00+00:00,turbine_2: на 2026-02-17T00:00:00+00:00 проверяемого факта пока нет; overlap_wind_change=0.623m/s>=0.5.
2026-02-18 05:00:00+00:00,2026-02-16 18:00:00+00:00,35.0,9.51,9.5,0.9571444444444444,0.9170632302177588,0.9571444444444444,baseline,turbine_2,2026-02-17 00:00:00+00:00,turbine_2: на 2026-02-17T00:00:00+00:00 проверяемого факта пока нет; overlap_wind_change=0.623m/s>=0.5.
2026-02-18 06:00:00+00:00,2026-02-16 18:00:00+00:00,36.0,10.03,11.7,0.9714111111111111,0.9507040593323807,0.9714111111111111,baseline,turbine_2,2026-02-17 00:00:00+00:00,turbine_2: на 2026-02-17T00:00:00+00:00 проверяемого факта пока нет; overlap_wind_change=0.623m/s>=0.5.
2026-02-18 07:00:00+00:00,2026-02-16 18:00:00+00:00,37.0,10.03,12.9,0.9714111111111111,0.9565582729701451,0.9714111111111111,baseline,turbine_2,2026-02-17 00:00:00+00:00,turbine_2: на 2026-02-17T00:00:00+00:00 проверяемого факта пока нет; overlap_wind_change=0.623m/s>=0.5.
2026-02-18 08:00:00+00:00,2026-02-16 18:00:00+00:00,38.0,9.09,13.8,0.9142333333333332,0.8811407174499362,0.9142333333333332,baseline,turbine_2,2026-02-17 00:00:00+00:00,turbine_2: на 2026-02-17T00:00:00+00:00 проверяемого факта пока нет; overlap_wind_change=0.623m/s>=0.5.
2026-02-18 09:00:00+00:00,2026-02-16 18:00:00+00:00,39.0,9.55,13.9,0.9590555555555556,0.9347551788773117,0.9590555555555556,baseline,turbine_2,2026-02-17 00:00:00+00:00,turbine_2: на 2026-02-17T00:00:00+00:00 проверяемого факта пока нет; overlap_wind_change=0.623m/s>=0.5.
2026-02-18 10:00:00+00:00,2026-02-16 18:00:00+00:00,40.0,10.06,12.9,0.9717111111111111,0.930008921980707,0.9717111111111111,baseline,turbine_2,2026-02-17 00:00:00+00:00,turbine_2: на 2026-02-17T00:00:00+00:00 проверяемого факта пока нет; overlap_wind_change=0.623m/s>=0.5.
2026-02-18 11:00:00+00:00,2026-02-16 18:00:00+00:00,41.0,8.83,11.9,0.8646888888888888,0.8210050249071021,0.8646888888888888,baseline,turbine_2,2026-02-17 00:00:00+00:00,turbine_2: на 2026-02-17T00:00:00+00:00 проверяемого факта пока нет; overlap_wind_change=0.623m/s>=0.5.
2026-02-18 12:00:00+00:00,2026-02-16 18:00:00+00:00,42.0,8.05,9.2,0.7251111111111112,0.6328160336145198,0.7251111111111112,baseline,turbine_2,2026-02-17 00:00:00+00:00,turbine_2: на 2026-02-17T00:00:00+00:00 проверяемого факта пока нет; overlap_wind_change=0.623m/s>=0.5.
2026-02-18 13:00:00+00:00,2026-02-16 18:00:00+00:00,43.0,7.73,6.2,0.6487111111111111,0.6502547528237028,0.6487111111111111,baseline,turbine_2,2026-02-17 00:00:00+00:00,turbine_2: на 2026-02-17T00:00:00+00:00 проверяемого факта пока нет; overlap_wind_change=0.623m/s>=0.5.
2026-02-18 14:00:00+00:00,2026-02-16 18:00:00+00:00,44.0,6.74,3.8,0.46038888888888885,0.6936578600047902,0.46038888888888885,baseline,turbine_2,2026-02-17 00:00:00+00:00,turbine_2: на 2026-02-17T00:00:00+00:00 проверяемого факта пока нет; overlap_wind_change=0.623m/s>=0.5.
2026-02-18 15:00:00+00:00,2026-02-16 18:00:00+00:00,45.0,6.66,3.2,0.4457222222222222,0.6721466431718643,0.4457222222222222,baseline,turbine_2,2026-02-17 00:00:00+00:00,turbine_2: на 2026-02-17T00:00:00+00:00 проверяемого факта пока нет; overlap_wind_change=0.623m/s>=0.5.
2026-02-18 16:00:00+00:00,2026-02-16 18:00:00+00:00,46.0,6.38,2.5,0.39438888888888884,0.6968221096174901,0.39438888888888884,baseline,turbine_2,2026-02-17 00:00:00+00:00,turbine_2: на 2026-02-17T00:00:00+00:00 проверяемого факта пока нет; overlap_wind_change=0.623m/s>=0.5.
2026-02-18 17:00:00+00:00,2026-02-16 18:00:00+00:00,47.0,6.77,2.3,0.4673777777777776,0.6962928211982597,0.4673777777777776,baseline,turbine_2,2026-02-17 00:00:00+00:00,turbine_2: на 2026-02-17T00:00:00+00:00 проверяемого факта пока нет; overlap_wind_change=0.623m/s>=0.5.
2026-02-18 18:00:00+00:00,2026-02-16 18:00:00+00:00,48.0,6.03,2.4,0.3215444444444445,0.45876304225426207,0.3215444444444445,baseline,turbine_2,2026-02-17 00:00:00+00:00,turbine_2: на 2026-02-17T00:00:00+00:00 проверяемого факта пока нет; overlap_wind_change=0.623m/s>=0.5.
2026-02-18 19:00:00+00:00,2026-02-16 18:00:00+00:00,49.0,6.59,2.1,0.4328888888888888,0.6969993337216602,0.4328888888888888,baseline,turbine_2,2026-02-17 00:00:00+00:00,turbine_2: на 2026-02-17T00:00:00+00:00 проверяемого факта пока нет; overlap_wind_change=0.623m/s>=0.5.
2026-02-18 20:00:00+00:00,2026-02-16 18:00:00+00:00,50.0,5.35,1.1,0.20472222222222217,0.3078330519097483,0.20472222222222217,baseline,turbine_2,2026-02-17 00:00:00+00:00,turbine_2: на 2026-02-17T00:00:00+00:00 проверяемого факта пока нет; overlap_wind_change=0.623m/s>=0.5.
2026-02-18 21:00:00+00:00,2026-02-16 18:00:00+00:00,51.0,5.66,0.9,0.24691666666666673,0.33225598020617775,0.24691666666666673,baseline,turbine_2,2026-02-17 00:00:00+00:00,turbine_2: на 2026-02-17T00:00:00+00:00 проверяемого факта пока нет; overlap_wind_change=0.623m/s>=0.5.
2026-02-18 22:00:00+00:00,2026-02-16 18:00:00+00:00,52.0,5.73,0.9,0.25644444444444453,0.4054475770015997,0.25644444444444453,baseline,turbine_2,2026-02-17 00:00:00+00:00,turbine_2: на 2026-02-17T00:00:00+00:00 проверяемого факта пока нет; overlap_wind_change=0.623m/s>=0.5.
2026-02-18 23:00:00+00:00,2026-02-16 18:00:00+00:00,53.0,4.86,1.3,0.15752777777777782,0.27845990376524005,0.15752777777777782,baseline,turbine_2,2026-02-17 00:00:00+00:00,turbine_2: на 2026-02-17T00:00:00+00:00 проверяемого факта пока нет; overlap_wind_change=0.623m/s>=0.5.
2026-02-19 00:00:00+00:00,2026-02-16 18:00:00+00:00,54.0,5.02,1.1,0.17130555555555552,0.28167041443738017,0.17130555555555552,baseline,turbine_2,2026-02-17 00:00:00+00:00,turbine_2: на 2026-02-17T00:00:00+00:00 проверяемого факта пока нет; overlap_wind_change=0.623m/s>=0.5.
2026-02-18 01:00:00+00:00,2026-02-17 18:00:00+00:00,7.0,7.06,1.9,0.5440388888888887,0.3484646950822969,0.5440388888888887,baseline,turbine_1,2026-02-18 00:00:00+00:00,turbine_1: на 2026-02-18T00:00:00+00:00 проверяемого факта пока нет; weather_change_below_threshold_or_no_overlap.
2026-02-18 02:00:00+00:00,2026-02-17 18:00:00+00:00,8.0,7.89,1.8,0.6818777777777777,0.41375145279051456,0.6818777777777777,baseline,turbine_1,2026-02-18 00:00:00+00:00,turbine_1: на 2026-02-18T00:00:00+00:00 проверяемого факта пока нет; weather_change_below_threshold_or_no_overlap.
2026-02-18 03:00:00+00:00,2026-02-17 18:00:00+00:00,9.0,7.89,2.9,0.6818777777777777,0.4232765407035693,0.6818777777777777,baseline,turbine_1,2026-02-18 00:00:00+00:00,turbine_1: на 2026-02-18T00:00:00+00:00 проверяемого факта пока нет; weather_change_below_threshold_or_no_overlap.
2026-02-18 04:00:00+00:00,2026-02-17 18:00:00+00:00,10.0,8.19,5.2,0.7513777777777777,0.38295494132028596,0.7513777777777777,baseline,turbine_1,2026-02-18 00:00:00+00:00,turbine_1: на 2026-02-18T00:00:00+00:00 проверяемого факта пока нет; weather_change_below_threshold_or_no_overlap.
2026-02-18 05:00:00+00:00,2026-02-17 18:00:00+00:00,11.0,9.08,8.7,0.9218722222222222,0.7605052986698445,0.9218722222222222,baseline,turbine_1,2026-02-18 00:00:00+00:00,turbine_1: на 2026-02-18T00:00:00+00:00 проверяемого факта пока нет; weather_change_below_threshold_or_no_overlap.
2026-02-18 06:00:00+00:00,2026-02-17 18:00:00+00:00,12.0,10.51,10.6,0.9835333333333333,0.8375801240824126,0.9835333333333333,baseline,turbine_1,2026-02-18 00:00:00+00:00,turbine_1: на 2026-02-18T00:00:00+00:00 проверяемого факта пока нет; weather_change_below_threshold_or_no_overlap.
2026-02-18 07:00:00+00:00,2026-02-17 18:00:00+00:00,13.0,10.22,12.6,0.9818777777777777,0.8385500285695036,0.9818777777777777,baseline,turbine_1,2026-02-18 00:00:00+00:00,turbine_1: на 2026-02-18T00:00:00+00:00 проверяемого факта пока нет; weather_change_below_threshold_or_no_overlap.
2026-02-18 08:00:00+00:00,2026-02-17 18:00:00+00:00,14.0,9.74,13.9,0.9802944444444445,0.8557457348633535,0.9802944444444445,baseline,turbine_1,2026-02-18 00:00:00+00:00,turbine_1: на 2026-02-18T00:00:00+00:00 проверяемого факта пока нет; weather_change_below_threshold_or_no_overlap.
2026-02-18 09:00:00+00:00,2026-02-17 18:00:00+00:00,15.0,9.6,14.1,0.97275,0.8546124944898523,0.97275,baseline,turbine_1,2026-02-18 00:00:00+00:00,turbine_1: на 2026-02-18T00:00:00+00:00 проверяемого факта пока нет; weather_change_below_threshold_or_no_overlap.
2026-02-18 10:00:00+00:00,2026-02-17 18:00:00+00:00,16.0,8.92,13.6,0.8917388888888889,0.7767559058562922,0.8917388888888889,baseline,turbine_1,2026-02-18 00:00:00+00:00,turbine_1: на 2026-02-18T00:00:00+00:00 проверяемого факта пока нет; weather_change_below_threshold_or_no_overlap.
2026-02-18 11:00:00+00:00,2026-02-17 18:00:00+00:00,17.0,9.62,12.1,0.9738277777777777,0.7668126475545658,0.9738277777777777,baseline,turbine_1,2026-02-18 00:00:00+00:00,turbine_1: на 2026-02-18T00:00:00+00:00 проверяемого факта пока нет; weather_change_below_threshold_or_no_overlap.
2026-02-18 12:00:00+00:00,2026-02-17 18:00:00+00:00,18.0,8.64,9.2,0.8389444444444445,0.6528479140578822,0.8389444444444445,baseline,turbine_1,2026-02-18 00:00:00+00:00,turbine_1: на 2026-02-18T00:00:00+00:00 проверяемого факта пока нет; weather_change_below_threshold_or_no_overlap.
2026-02-18 13:00:00+00:00,2026-02-17 18:00:00+00:00,19.0,7.1,6.0,0.5533055555555555,0.5369036458290887,0.5533055555555555,baseline,turbine_1,2026-02-18 00:00:00+00:00,turbine_1: на 2026-02-18T00:00:00+00:00 проверяемого факта пока нет; weather_change_below_threshold_or_no_overlap.
2026-02-18 14:00:00+00:00,2026-02-17 18:00:00+00:00,20.0,7.51,4.2,0.6199777777777777,0.5532773350191749,0.6199777777777777,baseline,turbine_1,2026-02-18 00:00:00+00:00,turbine_1: на 2026-02-18T00:00:00+00:00 проверяемого факта пока нет; weather_change_below_threshold_or_no_overlap.
2026-02-18 15:00:00+00:00,2026-02-17 18:00:00+00:00,21.0,7.31,3.8,0.5954222222222222,0.5712301753622607,0.5954222222222222,baseline,turbine_1,2026-02-18 00:00:00+00:00,turbine_1: на 2026-02-18T00:00:00+00:00 проверяемого факта пока нет; weather_change_below_threshold_or_no_overlap.
2026-02-18 16:00:00+00:00,2026-02-17 18:00:00+00:00,22.0,6.78,3.4,0.4791722222222222,0.6098480589241864,0.4791722222222222,baseline,turbine_1,2026-02-18 00:00:00+00:00,turbine_1: на 2026-02-18T00:00:00+00:00 проверяемого факта пока нет; weather_change_below_threshold_or_no_overlap.
2026-02-18 17:00:00+00:00,2026-02-17 18:00:00+00:00,23.0,6.3,3.1,0.3817222222222222,0.6020568204270021,0.3817222222222222,baseline,turbine_1,2026-02-18 00:00:00+00:00,turbine_1: на 2026-02-18T00:00:00+00:00 проверяемого факта пока нет; weather_change_below_threshold_or_no_overlap.
2026-02-18 18:00:00+00:00,2026-02-17 18:00:00+00:00,24.0,5.92,2.5,0.29833333333333334,0.42979964157667977,0.29833333333333334,baseline,turbine_1,2026-02-18 00:00:00+00:00,turbine_1: на 2026-02-18T00:00:00+00:00 проверяемого факта пока нет; weather_change_below_threshold_or_no_overlap.
2026-02-18 19:00:00+00:00,2026-02-17 18:00:00+00:00,25.0,6.17,2.5,0.35388888888888886,0.4245937171313119,0.35388888888888886,baseline,turbine_1,2026-02-18 00:00:00+00:00,turbine_1: на 2026-02-18T00:00:00+00:00 проверяемого факта пока нет; weather_change_below_threshold_or_no_overlap.
2026-02-18 20:00:00+00:00,2026-02-17 18:00:00+00:00,26.0,5.1,1.8,0.19488888888888886,0.28270841611757325,0.19488888888888886,baseline,turbine_1,2026-02-18 00:00:00+00:00,turbine_1: на 2026-02-18T00:00:00+00:00 проверяемого факта пока нет; weather_change_below_threshold_or_no_overlap.
2026-02-18 21:00:00+00:00,2026-02-17 18:00:00+00:00,27.0,5.12,2.0,0.19653333333333334,0.2750685356962262,0.19653333333333334,baseline,turbine_1,2026-02-18 00:00:00+00:00,turbine_1: на 2026-02-18T00:00:00+00:00 проверяемого факта пока нет; weather_change_below_threshold_or_no_overlap.
2026-02-18 22:00:00+00:00,2026-02-17 18:00:00+00:00,28.0,4.97,2.3,0.1842,0.2829261511190581,0.1842,baseline,turbine_1,2026-02-18 00:00:00+00:00,turbine_1: на 2026-02-18T00:00:00+00:00 проверяемого факта пока нет; weather_change_below_threshold_or_no_overlap.
2026-02-18 23:00:00+00:00,2026-02-17 18:00:00+00:00,29.0,5.16,2.5,0.19982222222222223,0.2674361201965437,0.19982222222222223,baseline,turbine_1,2026-02-18 00:00:00+00:00,turbine_1: на 2026-02-18T00:00:00+00:00 проверяемого факта пока нет; weather_change_below_threshold_or_no_overlap.
2026-02-19 00:00:00+00:00,2026-02-17 18:00:00+00:00,30.0,4.95,2.8,0.18255555555555558,0.2513335810053165,0.18255555555555558,baseline,turbine_1,2026-02-18 00:00:00+00:00,turbine_1: на 2026-02-18T00:00:00+00:00 проверяемого факта пока нет; weather_change_below_threshold_or_no_overlap.
2026-02-19 01:00:00+00:00,2026-02-17 18:00:00+00:00,31.0,4.27,1.0,0.1226444444444444,0.16342247427811496,0.1226444444444444,baseline,turbine_1,2026-02-18 00:00:00+00:00,turbine_1: на 2026-02-18T00:00:00+00:00 проверяемого факта пока нет; weather_change_below_threshold_or_no_overlap.
2026-02-19 02:00:00+00:00,2026-02-17 18:00:00+00:00,32.0,4.68,1.4,0.1597722222222222,0.2027405014966615,0.1597722222222222,baseline,turbine_1,2026-02-18 00:00:00+00:00,turbine_1: на 2026-02-18T00:00:00+00:00 проверяемого факта пока нет; weather_change_below_threshold_or_no_overlap.
2026-02-19 03:00:00+00:00,2026-02-17 18:00:00+00:00,33.0,5.28,4.5,0.21042222222222226,0.24037604545494873,0.21042222222222226,baseline,turbine_1,2026-02-18 00:00:00+00:00,turbine_1: на 2026-02-18T00:00:00+00:00 проверяемого факта пока нет; weather_change_below_threshold_or_no_overlap.
2026-02-19 04:00:00+00:00,2026-02-17 18:00:00+00:00,34.0,6.83,8.1,0.4907555555555555,0.5275153904716507,0.4907555555555555,baseline,turbine_1,2026-02-18 00:00:00+00:00,turbine_1: на 2026-02-18T00:00:00+00:00 проверяемого факта пока нет; weather_change_below_threshold_or_no_overlap.
2026-02-19 05:00:00+00:00,2026-02-17 18:00:00+00:00,35.0,4.92,10.2,0.18008888888888888,0.279316804599169,0.18008888888888888,baseline,turbine_1,2026-02-18 00:00:00+00:00,turbine_1: на 2026-02-18T00:00:00+00:00 проверяемого факта пока нет; weather_change_below_threshold_or_no_overlap.
2026-02-19 06:00:00+00:00,2026-02-17 18:00:00+00:00,36.0,4.62,11.7,0.15433888888888891,0.22349729573705324,0.15433888888888891,baseline,turbine_1,2026-02-18 00:00:00+00:00,turbine_1: на 2026-02-18T00:00:00+00:00 проверяемого факта пока нет; weather_change_below_threshold_or_no_overlap.
2026-02-19 07:00:00+00:00,2026-02-17 18:00:00+00:00,37.0,4.44,13.3,0.13803888888888893,0.2074802216099951,0.13803888888888893,baseline,turbine_1,2026-02-18 00:00:00+00:00,turbine_1: на 2026-02-18T00:00:00+00:00 проверяемого факта пока нет; weather_change_below_threshold_or_no_overlap.
2026-02-19 08:00:00+00:00,2026-02-17 18:00:00+00:00,38.0,4.37,14.3,0.1317,0.210169250438164,0.1317,baseline,turbine_1,2026-02-18 00:00:00+00:00,turbine_1: на 2026-02-18T00:00:00+00:00 проверяемого факта пока нет; weather_change_below_threshold_or_no_overlap.
2026-02-19 09:00:00+00:00,2026-02-17 18:00:00+00:00,39.0,3.75,15.2,0.07722222222222222,0.17036015242803884,0.07722222222222222,baseline,turbine_1,2026-02-18 00:00:00+00:00,turbine_1: на 2026-02-18T00:00:00+00:00 проверяемого факта пока нет; weather_change_below_threshold_or_no_overlap.
2026-02-19 10:00:00+00:00,2026-02-17 18:00:00+00:00,40.0,3.79,15.0,0.08071111111111111,0.16851078335756567,0.08071111111111111,baseline,turbine_1,2026-02-18 00:00:00+00:00,turbine_1: на 2026-02-18T00:00:00+00:00 проверяемого факта пока нет; weather_change_below_threshold_or_no_overlap.
2026-02-19 11:00:00+00:00,2026-02-17 18:00:00+00:00,41.0,4.21,13.7,0.11734444444444445,0.22845935736344655,0.11734444444444445,baseline,turbine_1,2026-02-18 00:00:00+00:00,turbine_1: на 2026-02-18T00:00:00+00:00 проверяемого факта пока нет; weather_change_below_threshold_or_no_overlap.
2026-02-19 12:00:00+00:00,2026-02-17 18:00:00+00:00,42.0,3.25,9.9,0.0425,0.13796913940532646,0.0425,baseline,turbine_1,2026-02-18 00:00:00+00:00,turbine_1: на 2026-02-18T00:00:00+00:00 проверяемого факта пока нет; weather_change_below_threshold_or_no_overlap.
2026-02-19 13:00:00+00:00,2026-02-17 18:00:00+00:00,43.0,3.39,8.8,0.05222222222222223,0.15137738644303556,0.05222222222222223,baseline,turbine_1,2026-02-18 00:00:00+00:00,turbine_1: на 2026-02-18T00:00:00+00:00 проверяемого факта пока нет; weather_change_below_threshold_or_no_overlap.
2026-02-19 14:00:00+00:00,2026-02-17 18:00:00+00:00,44.0,2.12,9.8,0.021661111111111114,0.09641019842726835,0.021661111111111114,baseline,turbine_1,2026-02-18 00:00:00+00:00,turbine_1: на 2026-02-18T00:00:00+00:00 проверяемого факта пока нет; weather_change_below_threshold_or_no_overlap.
2026-02-19 15:00:00+00:00,2026-02-17 18:00:00+00:00,45.0,1.46,10.1,0.015466666666666667,0.10023406646849113,0.015466666666666667,baseline,turbine_1,2026-02-18 00:00:00+00:00,turbine_1: на 2026-02-18T00:00:00+00:00 проверяемого факта пока нет; weather_change_below_threshold_or_no_overlap.
2026-02-19 16:00:00+00:00,2026-02-17 18:00:00+00:00,46.0,1.97,8.2,0.01941111111111111,0.10023406646849113,0.01941111111111111,baseline,turbine_1,2026-02-18 00:00:00+00:00,turbine_1: на 2026-02-18T00:00:00+00:00 проверяемого факта пока нет; weather_change_below_threshold_or_no_overlap.
2026-02-19 17:00:00+00:00,2026-02-17 18:00:00+00:00,47.0,5.06,8.5,0.19159999999999996,0.2655003473633284,0.19159999999999996,baseline,turbine_1,2026-02-18 00:00:00+00:00,turbine_1: на 2026-02-18T00:00:00+00:00 проверяемого факта пока нет; weather_change_below_threshold_or_no_overlap.
2026-02-19 18:00:00+00:00,2026-02-17 18:00:00+00:00,48.0,6.63,8.8,0.4480888888888888,0.5811509717613687,0.4480888888888888,baseline,turbine_1,2026-02-18 00:00:00+00:00,turbine_1: на 2026-02-18T00:00:00+00:00 проверяемого факта пока нет; weather_change_below_threshold_or_no_overlap.
2026-02-19 19:00:00+00:00,2026-02-17 18:00:00+00:00,49.0,5.64,8.3,0.24882222222222222,0.2806614608613873,0.24882222222222222,baseline,turbine_1,2026-02-18 00:00:00+00:00,turbine_1: на 2026-02-18T00:00:00+00:00 проверяемого факта пока нет; weather_change_below_threshold_or_no_overlap.
2026-02-19 20:00:00+00:00,2026-02-17 18:00:00+00:00,50.0,4.87,6.8,0.1759777777777778,0.24955501140398623,0.1759777777777778,baseline,turbine_1,2026-02-18 00:00:00+00:00,turbine_1: на 2026-02-18T00:00:00+00:00 проверяемого факта пока нет; weather_change_below_threshold_or_no_overlap.
2026-02-19 21:00:00+00:00,2026-02-17 18:00:00+00:00,51.0,6.04,7.1,0.325,0.3521878076362233,0.325,baseline,turbine_1,2026-02-18 00:00:00+00:00,turbine_1: на 2026-02-18T00:00:00+00:00 проверяемого факта пока нет; weather_change_below_threshold_or_no_overlap.
2026-02-19 22:00:00+00:00,2026-02-17 18:00:00+00:00,52.0,6.88,7.5,0.5023388888888888,0.5194980660381242,0.5023388888888888,baseline,turbine_1,2026-02-18 00:00:00+00:00,turbine_1: на 2026-02-18T00:00:00+00:00 проверяемого факта пока нет; weather_change_below_threshold_or_no_overlap.
2026-02-19 23:00:00+00:00,2026-02-17 18:00:00+00:00,53.0,6.82,7.2,0.4884388888888889,0.5138541108017372,0.4884388888888889,baseline,turbine_1,2026-02-18 00:00:00+00:00,turbine_1: на 2026-02-18T00:00:00+00:00 проверяемого факта пока нет; weather_change_below_threshold_or_no_overlap.
2026-02-20 00:00:00+00:00,2026-02-17 18:00:00+00:00,54.0,7.06,7.1,0.5440388888888887,0.4514147559169378,0.5440388888888887,baseline,turbine_1,2026-02-18 00:00:00+00:00,turbine_1: на 2026-02-18T00:00:00+00:00 проверяемого факта пока нет; weather_change_below_threshold_or_no_overlap.
2026-02-18 01:00:00+00:00,2026-02-17 18:00:00+00:00,7.0,7.06,1.9,0.5421333333333331,0.35999700179661975,0.5421333333333331,baseline,turbine_2,2026-02-18 00:00:00+00:00,turbine_2: на 2026-02-18T00:00:00+00:00 проверяемого факта пока нет; weather_change_below_threshold_or_no_overlap.
2026-02-18 02:00:00+00:00,2026-02-17 18:00:00+00:00,8.0,7.89,1.8,0.6856444444444443,0.41510622096206795,0.6856444444444443,baseline,turbine_2,2026-02-18 00:00:00+00:00,turbine_2: на 2026-02-18T00:00:00+00:00 проверяемого факта пока нет; weather_change_below_threshold_or_no_overlap.
2026-02-18 03:00:00+00:00,2026-02-17 18:00:00+00:00,9.0,7.89,2.9,0.6856444444444443,0.3905791175333798,0.6856444444444443,baseline,turbine_2,2026-02-18 00:00:00+00:00,turbine_2: на 2026-02-18T00:00:00+00:00 проверяемого факта пока нет; weather_change_below_threshold_or_no_overlap.
2026-02-18 04:00:00+00:00,2026-02-17 18:00:00+00:00,10.0,8.19,5.2,0.7596444444444441,0.3286182124384558,0.7596444444444441,baseline,turbine_2,2026-02-18 00:00:00+00:00,turbine_2: на 2026-02-18T00:00:00+00:00 проверяемого факта пока нет; weather_change_below_threshold_or_no_overlap.
2026-02-18 05:00:00+00:00,2026-02-17 18:00:00+00:00,11.0,9.08,8.7,0.9123277777777777,0.6901532301382199,0.9123277777777777,baseline,turbine_2,2026-02-18 00:00:00+00:00,turbine_2: на 2026-02-18T00:00:00+00:00 проверяемого факта пока нет; weather_change_below_threshold_or_no_overlap.
2026-02-18 06:00:00+00:00,2026-02-17 18:00:00+00:00,12.0,10.51,10.6,0.9747666666666666,0.9182984561742783,0.9747666666666666,baseline,turbine_2,2026-02-18 00:00:00+00:00,turbine_2: на 2026-02-18T00:00:00+00:00 проверяемого факта пока нет; weather_change_below_threshold_or_no_overlap.
2026-02-18 07:00:00+00:00,2026-02-17 18:00:00+00:00,13.0,10.22,12.6,0.9733111111111111,0.9451795216761046,0.9733111111111111,baseline,turbine_2,2026-02-18 00:00:00+00:00,turbine_2: на 2026-02-18T00:00:00+00:00 проверяемого факта пока нет; weather_change_below_threshold_or_no_overlap.
2026-02-18 08:00:00+00:00,2026-02-17 18:00:00+00:00,14.0,9.74,13.9,0.9681333333333333,0.9535931422669607,0.9681333333333333,baseline,turbine_2,2026-02-18 00:00:00+00:00,turbine_2: на 2026-02-18T00:00:00+00:00 проверяемого факта пока нет; weather_change_below_threshold_or_no_overlap.
2026-02-18 09:00:00+00:00,2026-02-17 18:00:00+00:00,15.0,9.6,14.1,0.9614444444444444,0.9242529020778699,0.9614444444444444,baseline,turbine_2,2026-02-18 00:00:00+00:00,turbine_2: на 2026-02-18T00:00:00+00:00 проверяемого факта пока нет; weather_change_below_threshold_or_no_overlap.
2026-02-18 10:00:00+00:00,2026-02-17 18:00:00+00:00,16.0,8.92,13.6,0.8818388888888887,0.8230436778573461,0.8818388888888887,baseline,turbine_2,2026-02-18 00:00:00+00:00,turbine_2: на 2026-02-18T00:00:00+00:00 проверяемого факта пока нет; weather_change_below_threshold_or_no_overlap.
2026-02-18 11:00:00+00:00,2026-02-17 18:00:00+00:00,17.0,9.62,12.1,0.9623999999999999,0.8989063022962516,0.9623999999999999,baseline,turbine_2,2026-02-18 00:00:00+00:00,turbine_2: на 2026-02-18T00:00:00+00:00 проверяемого факта пока нет; weather_change_below_threshold_or_no_overlap.
2026-02-18 12:00:00+00:00,2026-02-17 18:00:00+00:00,18.0,8.64,9.2,0.8329444444444444,0.7926288638747968,0.8329444444444444,baseline,turbine_2,2026-02-18 00:00:00+00:00,turbine_2: на 2026-02-18T00:00:00+00:00 проверяемого факта пока нет; weather_change_below_threshold_or_no_overlap.
2026-02-18 13:00:00+00:00,2026-02-17 18:00:00+00:00,19.0,7.1,6.0,0.5524444444444443,0.6378778282861202,0.5524444444444443,baseline,turbine_2,2026-02-18 00:00:00+00:00,turbine_2: на 2026-02-18T00:00:00+00:00 проверяемого факта пока нет; weather_change_below_threshold_or_no_overlap.
2026-02-18 14:00:00+00:00,2026-02-17 18:00:00+00:00,20.0,7.51,4.2,0.622311111111111,0.6063036309404188,0.622311111111111,baseline,turbine_2,2026-02-18 00:00:00+00:00,turbine_2: на 2026-02-18T00:00:00+00:00 проверяемого факта пока нет; weather_change_below_threshold_or_no_overlap.
2026-02-18 15:00:00+00:00,2026-02-17 18:00:00+00:00,21.0,7.31,3.8,0.598311111111111,0.6786879769459709,0.598311111111111,baseline,turbine_2,2026-02-18 00:00:00+00:00,turbine_2: на 2026-02-18T00:00:00+00:00 проверяемого факта пока нет; weather_change_below_threshold_or_no_overlap.
2026-02-18 16:00:00+00:00,2026-02-17 18:00:00+00:00,22.0,6.78,3.4,0.4699555555555555,0.6827079264144194,0.4699555555555555,baseline,turbine_2,2026-02-18 00:00:00+00:00,turbine_2: на 2026-02-18T00:00:00+00:00 проверяемого факта пока нет; weather_change_below_threshold_or_no_overlap.
2026-02-18 17:00:00+00:00,2026-02-17 18:00:00+00:00,23.0,6.3,3.1,0.3797222222222222,0.6443473527212661,0.3797222222222222,baseline,turbine_2,2026-02-18 00:00:00+00:00,turbine_2: на 2026-02-18T00:00:00+00:00 проверяемого факта пока нет; weather_change_below_threshold_or_no_overlap.
2026-02-18 18:00:00+00:00,2026-02-17 18:00:00+00:00,24.0,5.92,2.5,0.2970388888888889,0.4606428439673734,0.2970388888888889,baseline,turbine_2,2026-02-18 00:00:00+00:00,turbine_2: на 2026-02-18T00:00:00+00:00 проверяемого факта пока нет; weather_change_below_threshold_or_no_overlap.
2026-02-18 19:00:00+00:00,2026-02-17 18:00:00+00:00,25.0,6.17,2.5,0.3527333333333333,0.44999189067955253,0.3527333333333333,baseline,turbine_2,2026-02-18 00:00:00+00:00,turbine_2: на 2026-02-18T00:00:00+00:00 проверяемого факта пока нет; weather_change_below_threshold_or_no_overlap.
2026-02-18 20:00:00+00:00,2026-02-17 18:00:00+00:00,26.0,5.1,1.8,0.1781944444444444,0.2979313766963876,0.1781944444444444,baseline,turbine_2,2026-02-18 00:00:00+00:00,turbine_2: на 2026-02-18T00:00:00+00:00 проверяемого факта пока нет; weather_change_below_threshold_or_no_overlap.
2026-02-18 21:00:00+00:00,2026-02-17 18:00:00+00:00,27.0,5.12,2.0,0.17991666666666667,0.27690199430908236,0.17991666666666667,baseline,turbine_2,2026-02-18 00:00:00+00:00,turbine_2: на 2026-02-18T00:00:00+00:00 проверяемого факта пока нет; weather_change_below_threshold_or_no_overlap.
2026-02-18 22:00:00+00:00,2026-02-17 18:00:00+00:00,28.0,4.97,2.3,0.16699999999999998,0.30271613681639564,0.16699999999999998,baseline,turbine_2,2026-02-18 00:00:00+00:00,turbine_2: на 2026-02-18T00:00:00+00:00 проверяемого факта пока нет; weather_change_below_threshold_or_no_overlap.
2026-02-18 23:00:00+00:00,2026-02-17 18:00:00+00:00,29.0,5.16,2.5,0.1833611111111111,0.2967865168563033,0.1833611111111111,baseline,turbine_2,2026-02-18 00:00:00+00:00,turbine_2: на 2026-02-18T00:00:00+00:00 проверяемого факта пока нет; weather_change_below_threshold_or_no_overlap.
2026-02-19 00:00:00+00:00,2026-02-17 18:00:00+00:00,30.0,4.95,2.8,0.1652777777777778,0.27535061138516115,0.1652777777777778,baseline,turbine_2,2026-02-18 00:00:00+00:00,turbine_2: на 2026-02-18T00:00:00+00:00 проверяемого факта пока нет; weather_change_below_threshold_or_no_overlap.
2026-02-19 01:00:00+00:00,2026-02-17 18:00:00+00:00,31.0,4.27,1.0,0.10778888888888885,0.189864860664155,0.10778888888888885,baseline,turbine_2,2026-02-18 00:00:00+00:00,turbine_2: на 2026-02-18T00:00:00+00:00 проверяемого факта пока нет; weather_change_below_threshold_or_no_overlap.
2026-02-19 02:00:00+00:00,2026-02-17 18:00:00+00:00,32.0,4.68,1.4,0.14218333333333333,0.2374058630750246,0.14218333333333333,baseline,turbine_2,2026-02-18 00:00:00+00:00,turbine_2: на 2026-02-18T00:00:00+00:00 проверяемого факта пока нет; weather_change_below_threshold_or_no_overlap.
2026-02-19 03:00:00+00:00,2026-02-17 18:00:00+00:00,33.0,5.28,4.5,0.19519444444444448,0.2854754950447901,0.19519444444444448,baseline,turbine_2,2026-02-18 00:00:00+00:00,turbine_2: на 2026-02-18T00:00:00+00:00 проверяемого факта пока нет; weather_change_below_threshold_or_no_overlap.
2026-02-19 04:00:00+00:00,2026-02-17 18:00:00+00:00,34.0,6.83,8.1,0.4828444444444444,0.5374023658773359,0.4828444444444444,baseline,turbine_2,2026-02-18 00:00:00+00:00,turbine_2: на 2026-02-18T00:00:00+00:00 проверяемого факта пока нет; weather_change_below_threshold_or_no_overlap.
2026-02-19 05:00:00+00:00,2026-02-17 18:00:00+00:00,35.0,4.92,10.2,0.16269444444444445,0.3337756056411894,0.16269444444444445,baseline,turbine_2,2026-02-18 00:00:00+00:00,turbine_2: на 2026-02-18T00:00:00+00:00 проверяемого факта пока нет; weather_change_below_threshold_or_no_overlap.
2026-02-19 06:00:00+00:00,2026-02-17 18:00:00+00:00,36.0,4.62,11.7,0.13715000000000002,0.2642269337849226,0.13715000000000002,baseline,turbine_2,2026-02-18 00:00:00+00:00,turbine_2: на 2026-02-18T00:00:00+00:00 проверяемого факта пока нет; weather_change_below_threshold_or_no_overlap.
2026-02-19 07:00:00+00:00,2026-02-17 18:00:00+00:00,37.0,4.44,13.3,0.12205000000000005,0.2324259218036437,0.12205000000000005,baseline,turbine_2,2026-02-18 00:00:00+00:00,turbine_2: на 2026-02-18T00:00:00+00:00 проверяемого факта пока нет; weather_change_below_threshold_or_no_overlap.
2026-02-19 08:00:00+00:00,2026-02-17 18:00:00+00:00,38.0,4.37,14.3,0.1161777777777778,0.24463200907429508,0.1161777777777778,baseline,turbine_2,2026-02-18 00:00:00+00:00,turbine_2: на 2026-02-18T00:00:00+00:00 проверяемого факта пока нет; weather_change_below_threshold_or_no_overlap.
2026-02-19 09:00:00+00:00,2026-02-17 18:00:00+00:00,39.0,3.75,15.2,0.06916666666666667,0.1969053752152216,0.06916666666666667,baseline,turbine_2,2026-02-18 00:00:00+00:00,turbine_2: на 2026-02-18T00:00:00+00:00 проверяемого факта пока нет; weather_change_below_threshold_or_no_overlap.
2026-02-19 10:00:00+00:00,2026-02-17 18:00:00+00:00,40.0,3.79,15.0,0.07212222222222223,0.1872088908068966,0.07212222222222223,baseline,turbine_2,2026-02-18 00:00:00+00:00,turbine_2: на 2026-02-18T00:00:00+00:00 проверяемого факта пока нет; weather_change_below_threshold_or_no_overlap.
2026-02-19 11:00:00+00:00,2026-02-17 18:00:00+00:00,41.0,4.21,13.7,0.10315555555555556,0.2769376679061885,0.10315555555555556,baseline,turbine_2,2026-02-18 00:00:00+00:00,turbine_2: на 2026-02-18T00:00:00+00:00 проверяемого факта пока нет; weather_change_below_threshold_or_no_overlap.
2026-02-19 12:00:00+00:00,2026-02-17 18:00:00+00:00,42.0,3.25,9.9,0.035555555555555556,0.16006299520598727,0.035555555555555556,baseline,turbine_2,2026-02-18 00:00:00+00:00,turbine_2: на 2026-02-18T00:00:00+00:00 проверяемого факта пока нет; weather_change_below_threshold_or_no_overlap.
2026-02-19 13:00:00+00:00,2026-02-17 18:00:00+00:00,43.0,3.39,8.8,0.044966666666666676,0.17713080193100184,0.044966666666666676,baseline,turbine_2,2026-02-18 00:00:00+00:00,turbine_2: на 2026-02-18T00:00:00+00:00 проверяемого факта пока нет; weather_change_below_threshold_or_no_overlap.
2026-02-19 14:00:00+00:00,2026-02-17 18:00:00+00:00,44.0,2.12,9.8,0.01966666666666667,0.11187953144609415,0.01966666666666667,baseline,turbine_2,2026-02-18 00:00:00+00:00,turbine_2: на 2026-02-18T00:00:00+00:00 проверяемого факта пока нет; weather_change_below_threshold_or_no_overlap.
2026-02-19 15:00:00+00:00,2026-02-17 18:00:00+00:00,45.0,1.46,10.1,0.014588888888888887,0.1163796950194818,0.014588888888888887,baseline,turbine_2,2026-02-18 00:00:00+00:00,turbine_2: на 2026-02-18T00:00:00+00:00 проверяемого факта пока нет; weather_change_below_threshold_or_no_overlap.
2026-02-19 16:00:00+00:00,2026-02-17 18:00:00+00:00,46.0,1.97,8.2,0.018,0.11623534228731376,0.018,baseline,turbine_2,2026-02-18 00:00:00+00:00,turbine_2: на 2026-02-18T00:00:00+00:00 проверяемого факта пока нет; weather_change_below_threshold_or_no_overlap.
2026-02-19 17:00:00+00:00,2026-02-17 18:00:00+00:00,47.0,5.06,8.5,0.17474999999999996,0.3017144219124415,0.17474999999999996,baseline,turbine_2,2026-02-18 00:00:00+00:00,turbine_2: на 2026-02-18T00:00:00+00:00 проверяемого факта пока нет; weather_change_below_threshold_or_no_overlap.
2026-02-19 18:00:00+00:00,2026-02-17 18:00:00+00:00,48.0,6.63,8.8,0.4402222222222221,0.616979435789935,0.4402222222222221,baseline,turbine_2,2026-02-18 00:00:00+00:00,turbine_2: на 2026-02-18T00:00:00+00:00 проверяемого факта пока нет; weather_change_below_threshold_or_no_overlap.
2026-02-19 19:00:00+00:00,2026-02-17 18:00:00+00:00,49.0,5.64,8.3,0.24419444444444444,0.3420355233142957,0.24419444444444444,baseline,turbine_2,2026-02-18 00:00:00+00:00,turbine_2: на 2026-02-18T00:00:00+00:00 проверяемого факта пока нет; weather_change_below_threshold_or_no_overlap.
2026-02-19 20:00:00+00:00,2026-02-17 18:00:00+00:00,50.0,4.87,6.8,0.1583888888888889,0.27157128381764684,0.1583888888888889,baseline,turbine_2,2026-02-18 00:00:00+00:00,turbine_2: на 2026-02-18T00:00:00+00:00 проверяемого факта пока нет; weather_change_below_threshold_or_no_overlap.
2026-02-19 21:00:00+00:00,2026-02-17 18:00:00+00:00,51.0,6.04,7.1,0.32377222222222224,0.3952103525114458,0.32377222222222224,baseline,turbine_2,2026-02-18 00:00:00+00:00,turbine_2: на 2026-02-18T00:00:00+00:00 проверяемого факта пока нет; weather_change_below_threshold_or_no_overlap.
2026-02-19 22:00:00+00:00,2026-02-17 18:00:00+00:00,52.0,6.88,7.5,0.49573333333333325,0.5352554167789524,0.49573333333333325,baseline,turbine_2,2026-02-18 00:00:00+00:00,turbine_2: на 2026-02-18T00:00:00+00:00 проверяемого факта пока нет; weather_change_below_threshold_or_no_overlap.
2026-02-19 23:00:00+00:00,2026-02-17 18:00:00+00:00,53.0,6.82,7.2,0.4802666666666667,0.5352554167789524,0.4802666666666667,baseline,turbine_2,2026-02-18 00:00:00+00:00,turbine_2: на 2026-02-18T00:00:00+00:00 проверяемого факта пока нет; weather_change_below_threshold_or_no_overlap.
2026-02-20 00:00:00+00:00,2026-02-17 18:00:00+00:00,54.0,7.06,7.1,0.5421333333333331,0.5120092258907868,0.5421333333333331,baseline,turbine_2,2026-02-18 00:00:00+00:00,turbine_2: на 2026-02-18T00:00:00+00:00 проверяемого факта пока нет; weather_change_below_threshold_or_no_overlap.
2026-02-19 01:00:00+00:00,2026-02-18 18:00:00+00:00,7.0,5.49,1.1,0.23282222222222226,0.15318970410150284,0.23282222222222226,baseline,turbine_1,2026-02-19 00:00:00+00:00,turbine_1: на 2026-02-19T00:00:00+00:00 проверяемого факта пока нет; overlap_wind_change=1.036m/s>=0.5.
2026-02-19 02:00:00+00:00,2026-02-18 18:00:00+00:00,8.0,6.18,2.0,0.35611111111111104,0.2536565883569946,0.35611111111111104,baseline,turbine_1,2026-02-19 00:00:00+00:00,turbine_1: на 2026-02-19T00:00:00+00:00 проверяемого факта пока нет; overlap_wind_change=1.036m/s>=0.5.
2026-02-19 03:00:00+00:00,2026-02-18 18:00:00+00:00,9.0,6.51,4.5,0.4239555555555555,0.3142686742854556,0.4239555555555555,baseline,turbine_1,2026-02-19 00:00:00+00:00,turbine_1: на 2026-02-19T00:00:00+00:00 проверяемого факта пока нет; overlap_wind_change=1.036m/s>=0.5.
2026-02-19 04:00:00+00:00,2026-02-18 18:00:00+00:00,10.0,5.63,7.4,0.24775555555555556,0.16421395849990805,0.24775555555555556,baseline,turbine_1,2026-02-19 00:00:00+00:00,turbine_1: на 2026-02-19T00:00:00+00:00 проверяемого факта пока нет; overlap_wind_change=1.036m/s>=0.5.
2026-02-19 05:00:00+00:00,2026-02-18 18:00:00+00:00,11.0,4.92,10.1,0.18008888888888888,0.15428195466923225,0.18008888888888888,baseline,turbine_1,2026-02-19 00:00:00+00:00,turbine_1: на 2026-02-19T00:00:00+00:00 проверяемого факта пока нет; overlap_wind_change=1.036m/s>=0.5.
2026-02-19 06:00:00+00:00,2026-02-18 18:00:00+00:00,12.0,5.57,11.1,0.2413555555555556,0.1615041749188397,0.2413555555555556,baseline,turbine_1,2026-02-19 00:00:00+00:00,turbine_1: на 2026-02-19T00:00:00+00:00 проверяемого факта пока нет; overlap_wind_change=1.036m/s>=0.5.
2026-02-19 07:00:00+00:00,2026-02-18 18:00:00+00:00,13.0,4.55,13.0,0.148,0.11499951961146232,0.148,baseline,turbine_1,2026-02-19 00:00:00+00:00,turbine_1: на 2026-02-19T00:00:00+00:00 проверяемого факта пока нет; overlap_wind_change=1.036m/s>=0.5.
2026-02-19 08:00:00+00:00,2026-02-18 18:00:00+00:00,14.0,4.4,14.2,0.1344166666666667,0.18558622151858917,0.1344166666666667,baseline,turbine_1,2026-02-19 00:00:00+00:00,turbine_1: на 2026-02-19T00:00:00+00:00 проверяемого факта пока нет; overlap_wind_change=1.036m/s>=0.5.
2026-02-19 09:00:00+00:00,2026-02-18 18:00:00+00:00,15.0,4.17,14.9,0.11385555555555554,0.20014758513016712,0.11385555555555554,baseline,turbine_1,2026-02-19 00:00:00+00:00,turbine_1: на 2026-02-19T00:00:00+00:00 проверяемого факта пока нет; overlap_wind_change=1.036m/s>=0.5.
2026-02-19 10:00:00+00:00,2026-02-18 18:00:00+00:00,16.0,3.81,15.1,0.08245555555555556,0.1469251579585962,0.08245555555555556,baseline,turbine_1,2026-02-19 00:00:00+00:00,turbine_1: на 2026-02-19T00:00:00+00:00 проверяемого факта пока нет; overlap_wind_change=1.036m/s>=0.5.
2026-02-19 11:00:00+00:00,2026-02-18 18:00:00+00:00,17.0,3.4,14.1,0.05291666666666666,0.1299261861818843,0.05291666666666666,baseline,turbine_1,2026-02-19 00:00:00+00:00,turbine_1: на 2026-02-19T00:00:00+00:00 проверяемого факта пока нет; overlap_wind_change=1.036m/s>=0.5.
2026-02-19 12:00:00+00:00,2026-02-18 18:00:00+00:00,18.0,4.3,10.1,0.1253611111111111,0.2222745355783859,0.1253611111111111,baseline,turbine_1,2026-02-19 00:00:00+00:00,turbine_1: на 2026-02-19T00:00:00+00:00 проверяемого факта пока нет; overlap_wind_change=1.036m/s>=0.5.
2026-02-19 13:00:00+00:00,2026-02-18 18:00:00+00:00,19.0,1.29,8.8,0.01508888888888889,0.054817650687307345,0.01508888888888889,baseline,turbine_1,2026-02-19 00:00:00+00:00,turbine_1: на 2026-02-19T00:00:00+00:00 проверяемого факта пока нет; overlap_wind_change=1.036m/s>=0.5.
2026-02-19 14:00:00+00:00,2026-02-18 18:00:00+00:00,20.0,3.5,8.6,0.059861111111111115,0.1332539318608486,0.059861111111111115,baseline,turbine_1,2026-02-19 00:00:00+00:00,turbine_1: на 2026-02-19T00:00:00+00:00 проверяемого факта пока нет; overlap_wind_change=1.036m/s>=0.5.
2026-02-19 15:00:00+00:00,2026-02-18 18:00:00+00:00,21.0,4.63,9.5,0.15524444444444443,0.26439143358769873,0.15524444444444443,baseline,turbine_1,2026-02-19 00:00:00+00:00,turbine_1: на 2026-02-19T00:00:00+00:00 проверяемого факта пока нет; overlap_wind_change=1.036m/s>=0.5.
2026-02-19 16:00:00+00:00,2026-02-18 18:00:00+00:00,22.0,4.39,9.2,0.13351111111111108,0.19056442444676103,0.13351111111111108,baseline,turbine_1,2026-02-19 00:00:00+00:00,turbine_1: на 2026-02-19T00:00:00+00:00 проверяемого факта пока нет; overlap_wind_change=1.036m/s>=0.5.
2026-02-19 17:00:00+00:00,2026-02-18 18:00:00+00:00,23.0,5.33,9.0,0.21575555555555556,0.24252440741357723,0.21575555555555556,baseline,turbine_1,2026-02-19 00:00:00+00:00,turbine_1: на 2026-02-19T00:00:00+00:00 проверяемого факта пока нет; overlap_wind_change=1.036m/s>=0.5.
2026-02-19 18:00:00+00:00,2026-02-18 18:00:00+00:00,24.0,6.15,8.3,0.3494444444444445,0.3754823488523127,0.3494444444444445,baseline,turbine_1,2026-02-19 00:00:00+00:00,turbine_1: на 2026-02-19T00:00:00+00:00 проверяемого факта пока нет; overlap_wind_change=1.036m/s>=0.5.
2026-02-19 19:00:00+00:00,2026-02-18 18:00:00+00:00,25.0,7.07,8.2,0.5463555555555556,0.5293312230278437,0.5463555555555556,baseline,turbine_1,2026-02-19 00:00:00+00:00,turbine_1: на 2026-02-19T00:00:00+00:00 проверяемого факта пока нет; overlap_wind_change=1.036m/s>=0.5.
2026-02-19 20:00:00+00:00,2026-02-18 18:00:00+00:00,26.0,7.44,8.3,0.6113833333333334,0.5196781240544548,0.6113833333333334,baseline,turbine_1,2026-02-19 00:00:00+00:00,turbine_1: на 2026-02-19T00:00:00+00:00 проверяемого факта пока нет; overlap_wind_change=1.036m/s>=0.5.
2026-02-19 21:00:00+00:00,2026-02-18 18:00:00+00:00,27.0,7.45,8.1,0.6126111111111111,0.5078505392538026,0.6126111111111111,baseline,turbine_1,2026-02-19 00:00:00+00:00,turbine_1: на 2026-02-19T00:00:00+00:00 проверяемого факта пока нет; overlap_wind_change=1.036m/s>=0.5.
2026-02-19 22:00:00+00:00,2026-02-18 18:00:00+00:00,28.0,6.96,7.8,0.5208722222222222,0.5194980660381242,0.5208722222222222,baseline,turbine_1,2026-02-19 00:00:00+00:00,turbine_1: на 2026-02-19T00:00:00+00:00 проверяемого факта пока нет; overlap_wind_change=1.036m/s>=0.5.
2026-02-19 23:00:00+00:00,2026-02-18 18:00:00+00:00,29.0,7.34,7.5,0.5991055555555556,0.4582312751148555,0.5991055555555556,baseline,turbine_1,2026-02-19 00:00:00+00:00,turbine_1: на 2026-02-19T00:00:00+00:00 проверяемого факта пока нет; overlap_wind_change=1.036m/s>=0.5.
2026-02-20 00:00:00+00:00,2026-02-18 18:00:00+00:00,30.0,7.56,7.3,0.6261166666666665,0.4588643760136326,0.6261166666666665,baseline,turbine_1,2026-02-19 00:00:00+00:00,turbine_1: на 2026-02-19T00:00:00+00:00 проверяемого факта пока нет; overlap_wind_change=1.036m/s>=0.5.
2026-02-20 01:00:00+00:00,2026-02-18 18:00:00+00:00,31.0,7.96,7.0,0.6980944444444445,0.47003421982106597,0.6980944444444445,baseline,turbine_1,2026-02-19 00:00:00+00:00,turbine_1: на 2026-02-19T00:00:00+00:00 проверяемого факта пока нет; overlap_wind_change=1.036m/s>=0.5.
2026-02-20 02:00:00+00:00,2026-02-18 18:00:00+00:00,32.0,8.2,6.9,0.7536944444444443,0.47003421982106597,0.7536944444444443,baseline,turbine_1,2026-02-19 00:00:00+00:00,turbine_1: на 2026-02-19T00:00:00+00:00 проверяемого факта пока нет; overlap_wind_change=1.036m/s>=0.5.
2026-02-20 03:00:00+00:00,2026-02-18 18:00:00+00:00,33.0,7.86,7.9,0.6749277777777778,0.47960610514096663,0.6749277777777778,baseline,turbine_1,2026-02-19 00:00:00+00:00,turbine_1: на 2026-02-19T00:00:00+00:00 проверяемого факта пока нет; overlap_wind_change=1.036m/s>=0.5.
2026-02-20 04:00:00+00:00,2026-02-18 18:00:00+00:00,34.0,6.23,9.2,0.3672222222222223,0.41520553173935354,0.3672222222222223,baseline,turbine_1,2026-02-19 00:00:00+00:00,turbine_1: на 2026-02-19T00:00:00+00:00 проверяемого факта пока нет; overlap_wind_change=1.036m/s>=0.5.
2026-02-20 05:00:00+00:00,2026-02-18 18:00:00+00:00,35.0,4.95,10.2,0.18255555555555558,0.279316804599169,0.18255555555555558,baseline,turbine_1,2026-02-19 00:00:00+00:00,turbine_1: на 2026-02-19T00:00:00+00:00 проверяемого факта пока нет; overlap_wind_change=1.036m/s>=0.5.
2026-02-20 06:00:00+00:00,2026-02-18 18:00:00+00:00,36.0,5.1,11.4,0.19488888888888886,0.279316804599169,0.19488888888888886,baseline,turbine_1,2026-02-19 00:00:00+00:00,turbine_1: на 2026-02-19T00:00:00+00:00 проверяемого факта пока нет; overlap_wind_change=1.036m/s>=0.5.
2026-02-20 07:00:00+00:00,2026-02-18 18:00:00+00:00,37.0,4.79,12.9,0.16940000000000002,0.2320689009586272,0.16940000000000002,baseline,turbine_1,2026-02-19 00:00:00+00:00,turbine_1: на 2026-02-19T00:00:00+00:00 проверяемого факта пока нет; overlap_wind_change=1.036m/s>=0.5.
2026-02-20 08:00:00+00:00,2026-02-18 18:00:00+00:00,38.0,4.11,13.9,0.10862222222222224,0.211878114562468,0.10862222222222224,baseline,turbine_1,2026-02-19 00:00:00+00:00,turbine_1: на 2026-02-19T00:00:00+00:00 проверяемого факта пока нет; overlap_wind_change=1.036m/s>=0.5.
2026-02-20 09:00:00+00:00,2026-02-18 18:00:00+00:00,39.0,3.34,14.5,0.048749999999999995,0.166947597881716,0.048749999999999995,baseline,turbine_1,2026-02-19 00:00:00+00:00,turbine_1: на 2026-02-19T00:00:00+00:00 проверяемого факта пока нет; overlap_wind_change=1.036m/s>=0.5.
2026-02-20 10:00:00+00:00,2026-02-18 18:00:00+00:00,40.0,2.7,14.4,0.031111111111111117,0.12391300464712837,0.031111111111111117,baseline,turbine_1,2026-02-19 00:00:00+00:00,turbine_1: на 2026-02-19T00:00:00+00:00 проверяемого факта пока нет; overlap_wind_change=1.036m/s>=0.5.
2026-02-20 11:00:00+00:00,2026-02-18 18:00:00+00:00,41.0,1.86,13.1,0.017761111111111116,0.0894417452562953,0.017761111111111116,baseline,turbine_1,2026-02-19 00:00:00+00:00,turbine_1: на 2026-02-19T00:00:00+00:00 проверяемого факта пока нет; overlap_wind_change=1.036m/s>=0.5.
2026-02-20 12:00:00+00:00,2026-02-18 18:00:00+00:00,42.0,2.15,9.3,0.02211111111111111,0.09217105651969106,0.02211111111111111,baseline,turbine_1,2026-02-19 00:00:00+00:00,turbine_1: на 2026-02-19T00:00:00+00:00 проверяемого факта пока нет; overlap_wind_change=1.036m/s>=0.5.
2026-02-20 13:00:00+00:00,2026-02-18 18:00:00+00:00,43.0,1.56,6.9,0.01568888888888889,0.09271987466479996,0.01568888888888889,baseline,turbine_1,2026-02-19 00:00:00+00:00,turbine_1: на 2026-02-19T00:00:00+00:00 проверяемого факта пока нет; overlap_wind_change=1.036m/s>=0.5.
2026-02-20 14:00:00+00:00,2026-02-18 18:00:00+00:00,44.0,5.82,6.8,0.2761111111111112,0.3845564288099806,0.2761111111111112,baseline,turbine_1,2026-02-19 00:00:00+00:00,turbine_1: на 2026-02-19T00:00:00+00:00 проверяемого факта пока нет; overlap_wind_change=1.036m/s>=0.5.
2026-02-20 15:00:00+00:00,2026-02-18 18:00:00+00:00,45.0,7.52,7.1,0.6212055555555555,0.574485962847134,0.6212055555555555,baseline,turbine_1,2026-02-19 00:00:00+00:00,turbine_1: на 2026-02-19T00:00:00+00:00 проверяемого факта пока нет; overlap_wind_change=1.036m/s>=0.5.
2026-02-20 16:00:00+00:00,2026-02-18 18:00:00+00:00,46.0,8.12,6.7,0.7351611111111109,0.542410152428739,0.7351611111111109,baseline,turbine_1,2026-02-19 00:00:00+00:00,turbine_1: на 2026-02-19T00:00:00+00:00 проверяемого факта пока нет; overlap_wind_change=1.036m/s>=0.5.
2026-02-20 17:00:00+00:00,2026-02-18 18:00:00+00:00,47.0,7.76,5.2,0.651761111111111,0.5339679353172434,0.651761111111111,baseline,turbine_1,2026-02-19 00:00:00+00:00,turbine_1: на 2026-02-19T00:00:00+00:00 проверяемого факта пока нет; overlap_wind_change=1.036m/s>=0.5.
2026-02-20 18:00:00+00:00,2026-02-18 18:00:00+00:00,48.0,8.16,4.0,0.7444277777777778,0.5524327360515465,0.7444277777777778,baseline,turbine_1,2026-02-19 00:00:00+00:00,turbine_1: на 2026-02-19T00:00:00+00:00 проверяемого факта пока нет; overlap_wind_change=1.036m/s>=0.5.
2026-02-20 19:00:00+00:00,2026-02-18 18:00:00+00:00,49.0,8.27,3.5,0.7690555555555555,0.5654445409810525,0.7690555555555555,baseline,turbine_1,2026-02-19 00:00:00+00:00,turbine_1: на 2026-02-19T00:00:00+00:00 проверяемого факта пока нет; overlap_wind_change=1.036m/s>=0.5.
2026-02-20 20:00:00+00:00,2026-02-18 18:00:00+00:00,50.0,7.92,3.3,0.6888277777777777,0.5430056294058596,0.6888277777777777,baseline,turbine_1,2026-02-19 00:00:00+00:00,turbine_1: на 2026-02-19T00:00:00+00:00 проверяемого факта пока нет; overlap_wind_change=1.036m/s>=0.5.
2026-02-20 21:00:00+00:00,2026-02-18 18:00:00+00:00,51.0,7.17,3.7,0.5695222222222222,0.4754380888789961,0.5695222222222222,baseline,turbine_1,2026-02-19 00:00:00+00:00,turbine_1: на 2026-02-19T00:00:00+00:00 проверяемого факта пока нет; overlap_wind_change=1.036m/s>=0.5.
2026-02-20 22:00:00+00:00,2026-02-18 18:00:00+00:00,52.0,6.54,3.9,0.42998888888888886,0.5461812899866665,0.42998888888888886,baseline,turbine_1,2026-02-19 00:00:00+00:00,turbine_1: на 2026-02-19T00:00:00+00:00 проверяемого факта пока нет; overlap_wind_change=1.036m/s>=0.5.
2026-02-20 23:00:00+00:00,2026-02-18 18:00:00+00:00,53.0,5.42,3.6,0.22535555555555556,0.2778358716060657,0.22535555555555556,baseline,turbine_1,2026-02-19 00:00:00+00:00,turbine_1: на 2026-02-19T00:00:00+00:00 проверяемого факта пока нет; overlap_wind_change=1.036m/s>=0.5.
2026-02-21 00:00:00+00:00,2026-02-18 18:00:00+00:00,54.0,4.0,2.8,0.09902777777777777,0.16179275521706574,0.09902777777777777,baseline,turbine_1,2026-02-19 00:00:00+00:00,turbine_1: на 2026-02-19T00:00:00+00:00 проверяемого факта пока нет; overlap_wind_change=1.036m/s>=0.5.
2026-02-19 01:00:00+00:00,2026-02-18 18:00:00+00:00,7.0,5.49,1.1,0.22377777777777783,0.1841877196018928,0.22377777777777783,baseline,turbine_2,2026-02-19 00:00:00+00:00,turbine_2: на 2026-02-19T00:00:00+00:00 проверяемого факта пока нет; overlap_wind_change=1.036m/s>=0.5.
2026-02-19 02:00:00+00:00,2026-02-18 18:00:00+00:00,8.0,6.18,2.0,0.354961111111111,0.268059928866732,0.354961111111111,baseline,turbine_2,2026-02-19 00:00:00+00:00,turbine_2: на 2026-02-19T00:00:00+00:00 проверяемого факта пока нет; overlap_wind_change=1.036m/s>=0.5.
2026-02-19 03:00:00+00:00,2026-02-18 18:00:00+00:00,9.0,6.51,4.5,0.4182222222222221,0.2912406992385548,0.4182222222222221,baseline,turbine_2,2026-02-19 00:00:00+00:00,turbine_2: на 2026-02-19T00:00:00+00:00 проверяемого факта пока нет; overlap_wind_change=1.036m/s>=0.5.
2026-02-19 04:00:00+00:00,2026-02-18 18:00:00+00:00,10.0,5.63,7.4,0.24283333333333335,0.211435929090794,0.24283333333333335,baseline,turbine_2,2026-02-19 00:00:00+00:00,turbine_2: на 2026-02-19T00:00:00+00:00 проверяемого факта пока нет; overlap_wind_change=1.036m/s>=0.5.
2026-02-19 05:00:00+00:00,2026-02-18 18:00:00+00:00,11.0,4.92,10.1,0.16269444444444445,0.18656679291524222,0.16269444444444445,baseline,turbine_2,2026-02-19 00:00:00+00:00,turbine_2: на 2026-02-19T00:00:00+00:00 проверяемого факта пока нет; overlap_wind_change=1.036m/s>=0.5.
2026-02-19 06:00:00+00:00,2026-02-18 18:00:00+00:00,12.0,5.57,11.1,0.23466666666666672,0.23167537427350718,0.23466666666666672,baseline,turbine_2,2026-02-19 00:00:00+00:00,turbine_2: на 2026-02-19T00:00:00+00:00 проверяемого факта пока нет; overlap_wind_change=1.036m/s>=0.5.
2026-02-19 07:00:00+00:00,2026-02-18 18:00:00+00:00,13.0,4.55,13.0,0.13127777777777777,0.15997375842630454,0.13127777777777777,baseline,turbine_2,2026-02-19 00:00:00+00:00,turbine_2: на 2026-02-19T00:00:00+00:00 проверяемого факта пока нет; overlap_wind_change=1.036m/s>=0.5.
2026-02-19 08:00:00+00:00,2026-02-18 18:00:00+00:00,14.0,4.4,14.2,0.11869444444444448,0.22508694092605383,0.11869444444444448,baseline,turbine_2,2026-02-19 00:00:00+00:00,turbine_2: на 2026-02-19T00:00:00+00:00 проверяемого факта пока нет; overlap_wind_change=1.036m/s>=0.5.
2026-02-19 09:00:00+00:00,2026-02-18 18:00:00+00:00,15.0,4.17,14.9,0.1002,0.22965651758398933,0.1002,baseline,turbine_2,2026-02-19 00:00:00+00:00,turbine_2: на 2026-02-19T00:00:00+00:00 проверяемого факта пока нет; overlap_wind_change=1.036m/s>=0.5.
2026-02-19 10:00:00+00:00,2026-02-18 18:00:00+00:00,16.0,3.81,15.1,0.0736,0.17583027393010442,0.0736,baseline,turbine_2,2026-02-19 00:00:00+00:00,turbine_2: на 2026-02-19T00:00:00+00:00 проверяемого факта пока нет; overlap_wind_change=1.036m/s>=0.5.
2026-02-19 11:00:00+00:00,2026-02-18 18:00:00+00:00,17.0,3.4,14.1,0.04563888888888888,0.17065766129906476,0.04563888888888888,baseline,turbine_2,2026-02-19 00:00:00+00:00,turbine_2: на 2026-02-19T00:00:00+00:00 проверяемого факта пока нет; overlap_wind_change=1.036m/s>=0.5.
2026-02-19 12:00:00+00:00,2026-02-18 18:00:00+00:00,18.0,4.3,10.1,0.11030555555555555,0.26692247103703665,0.11030555555555555,baseline,turbine_2,2026-02-19 00:00:00+00:00,turbine_2: на 2026-02-19T00:00:00+00:00 проверяемого факта пока нет; overlap_wind_change=1.036m/s>=0.5.
2026-02-19 13:00:00+00:00,2026-02-18 18:00:00+00:00,19.0,1.29,8.8,0.01402222222222222,0.09189359767017895,0.01402222222222222,baseline,turbine_2,2026-02-19 00:00:00+00:00,turbine_2: на 2026-02-19T00:00:00+00:00 проверяемого факта пока нет; overlap_wind_change=1.036m/s>=0.5.
2026-02-19 14:00:00+00:00,2026-02-18 18:00:00+00:00,20.0,3.5,8.6,0.05236111111111111,0.1694471424317456,0.05236111111111111,baseline,turbine_2,2026-02-19 00:00:00+00:00,turbine_2: на 2026-02-19T00:00:00+00:00 проверяемого факта пока нет; overlap_wind_change=1.036m/s>=0.5.
2026-02-19 15:00:00+00:00,2026-02-18 18:00:00+00:00,21.0,4.63,9.5,0.1379888888888889,0.3032397089799263,0.1379888888888889,baseline,turbine_2,2026-02-19 00:00:00+00:00,turbine_2: на 2026-02-19T00:00:00+00:00 проверяемого факта пока нет; overlap_wind_change=1.036m/s>=0.5.
2026-02-19 16:00:00+00:00,2026-02-18 18:00:00+00:00,22.0,4.39,9.2,0.11785555555555553,0.2186201422463754,0.11785555555555553,baseline,turbine_2,2026-02-19 00:00:00+00:00,turbine_2: на 2026-02-19T00:00:00+00:00 проверяемого факта пока нет; overlap_wind_change=1.036m/s>=0.5.
2026-02-19 17:00:00+00:00,2026-02-18 18:00:00+00:00,23.0,5.33,9.0,0.202,0.29023241773331215,0.202,baseline,turbine_2,2026-02-19 00:00:00+00:00,turbine_2: на 2026-02-19T00:00:00+00:00 проверяемого факта пока нет; overlap_wind_change=1.036m/s>=0.5.
2026-02-19 18:00:00+00:00,2026-02-18 18:00:00+00:00,24.0,6.15,8.3,0.34827777777777785,0.4321243677528544,0.34827777777777785,baseline,turbine_2,2026-02-19 00:00:00+00:00,turbine_2: на 2026-02-19T00:00:00+00:00 проверяемого факта пока нет; overlap_wind_change=1.036m/s>=0.5.
2026-02-19 19:00:00+00:00,2026-02-18 18:00:00+00:00,25.0,7.07,8.2,0.5447111111111111,0.6013686613694678,0.5447111111111111,baseline,turbine_2,2026-02-19 00:00:00+00:00,turbine_2: на 2026-02-19T00:00:00+00:00 проверяемого факта пока нет; overlap_wind_change=1.036m/s>=0.5.
2026-02-19 20:00:00+00:00,2026-02-18 18:00:00+00:00,26.0,7.44,8.3,0.6139111111111111,0.5189810793804501,0.6139111111111111,baseline,turbine_2,2026-02-19 00:00:00+00:00,turbine_2: на 2026-02-19T00:00:00+00:00 проверяемого факта пока нет; overlap_wind_change=1.036m/s>=0.5.
2026-02-19 21:00:00+00:00,2026-02-18 18:00:00+00:00,27.0,7.45,8.1,0.615111111111111,0.5199351321851907,0.615111111111111,baseline,turbine_2,2026-02-19 00:00:00+00:00,turbine_2: на 2026-02-19T00:00:00+00:00 проверяемого факта пока нет; overlap_wind_change=1.036m/s>=0.5.
2026-02-19 22:00:00+00:00,2026-02-18 18:00:00+00:00,28.0,6.96,7.8,0.5163555555555555,0.5352554167789524,0.5163555555555555,baseline,turbine_2,2026-02-19 00:00:00+00:00,turbine_2: на 2026-02-19T00:00:00+00:00 проверяемого факта пока нет; overlap_wind_change=1.036m/s>=0.5.
2026-02-19 23:00:00+00:00,2026-02-18 18:00:00+00:00,29.0,7.34,7.5,0.6019111111111111,0.5439885128348191,0.6019111111111111,baseline,turbine_2,2026-02-19 00:00:00+00:00,turbine_2: на 2026-02-19T00:00:00+00:00 проверяемого факта пока нет; overlap_wind_change=1.036m/s>=0.5.
2026-02-20 00:00:00+00:00,2026-02-18 18:00:00+00:00,30.0,7.56,7.3,0.628311111111111,0.54263795902671,0.628311111111111,baseline,turbine_2,2026-02-19 00:00:00+00:00,turbine_2: на 2026-02-19T00:00:00+00:00 проверяемого факта пока нет; overlap_wind_change=1.036m/s>=0.5.
2026-02-20 01:00:00+00:00,2026-02-18 18:00:00+00:00,31.0,7.96,7.0,0.702911111111111,0.5252048383147819,0.702911111111111,baseline,turbine_2,2026-02-19 00:00:00+00:00,turbine_2: на 2026-02-19T00:00:00+00:00 проверяемого факта пока нет; overlap_wind_change=1.036m/s>=0.5.
2026-02-20 02:00:00+00:00,2026-02-18 18:00:00+00:00,32.0,8.2,6.9,0.7621111111111107,0.5209312568162826,0.7621111111111107,baseline,turbine_2,2026-02-19 00:00:00+00:00,turbine_2: на 2026-02-19T00:00:00+00:00 проверяемого факта пока нет; overlap_wind_change=1.036m/s>=0.5.
2026-02-20 03:00:00+00:00,2026-02-18 18:00:00+00:00,33.0,7.86,7.9,0.6782444444444444,0.53873978823301,0.6782444444444444,baseline,turbine_2,2026-02-19 00:00:00+00:00,turbine_2: на 2026-02-19T00:00:00+00:00 проверяемого факта пока нет; overlap_wind_change=1.036m/s>=0.5.
2026-02-20 04:00:00+00:00,2026-02-18 18:00:00+00:00,34.0,6.23,9.2,0.3661000000000001,0.5015129033598363,0.3661000000000001,baseline,turbine_2,2026-02-19 00:00:00+00:00,turbine_2: на 2026-02-19T00:00:00+00:00 проверяемого факта пока нет; overlap_wind_change=1.036m/s>=0.5.
2026-02-20 05:00:00+00:00,2026-02-18 18:00:00+00:00,35.0,4.95,10.2,0.1652777777777778,0.3337756056411894,0.1652777777777778,baseline,turbine_2,2026-02-19 00:00:00+00:00,turbine_2: на 2026-02-19T00:00:00+00:00 проверяемого факта пока нет; overlap_wind_change=1.036m/s>=0.5.
2026-02-20 06:00:00+00:00,2026-02-18 18:00:00+00:00,36.0,5.1,11.4,0.1781944444444444,0.3326190983104865,0.1781944444444444,baseline,turbine_2,2026-02-19 00:00:00+00:00,turbine_2: на 2026-02-19T00:00:00+00:00 проверяемого факта пока нет; overlap_wind_change=1.036m/s>=0.5.
2026-02-20 07:00:00+00:00,2026-02-18 18:00:00+00:00,37.0,4.79,12.9,0.15150000000000002,0.2642269337849226,0.15150000000000002,baseline,turbine_2,2026-02-19 00:00:00+00:00,turbine_2: на 2026-02-19T00:00:00+00:00 проверяемого факта пока нет; overlap_wind_change=1.036m/s>=0.5.
2026-02-20 08:00:00+00:00,2026-02-18 18:00:00+00:00,38.0,4.11,13.9,0.0957666666666667,0.24551114431986157,0.0957666666666667,baseline,turbine_2,2026-02-19 00:00:00+00:00,turbine_2: на 2026-02-19T00:00:00+00:00 проверяемого факта пока нет; overlap_wind_change=1.036m/s>=0.5.
2026-02-20 09:00:00+00:00,2026-02-18 18:00:00+00:00,39.0,3.34,14.5,0.04160555555555555,0.1969053752152216,0.04160555555555555,baseline,turbine_2,2026-02-19 00:00:00+00:00,turbine_2: на 2026-02-19T00:00:00+00:00 проверяемого факта пока нет; overlap_wind_change=1.036m/s>=0.5.
2026-02-20 10:00:00+00:00,2026-02-18 18:00:00+00:00,40.0,2.7,14.4,0.025611111111111116,0.1275748700154607,0.025611111111111116,baseline,turbine_2,2026-02-19 00:00:00+00:00,turbine_2: на 2026-02-19T00:00:00+00:00 проверяемого факта пока нет; overlap_wind_change=1.036m/s>=0.5.
2026-02-20 11:00:00+00:00,2026-02-18 18:00:00+00:00,41.0,1.86,13.1,0.016777777777777777,0.11275536193091205,0.016777777777777777,baseline,turbine_2,2026-02-19 00:00:00+00:00,turbine_2: на 2026-02-19T00:00:00+00:00 проверяемого факта пока нет; overlap_wind_change=1.036m/s>=0.5.
2026-02-20 12:00:00+00:00,2026-02-18 18:00:00+00:00,42.0,2.15,9.3,0.02,0.11131902219480592,0.02,baseline,turbine_2,2026-02-19 00:00:00+00:00,turbine_2: на 2026-02-19T00:00:00+00:00 проверяемого факта пока нет; overlap_wind_change=1.036m/s>=0.5.
2026-02-20 13:00:00+00:00,2026-02-18 18:00:00+00:00,43.0,1.56,6.9,0.01492222222222222,0.11098433381230464,0.01492222222222222,baseline,turbine_2,2026-02-19 00:00:00+00:00,turbine_2: на 2026-02-19T00:00:00+00:00 проверяемого факта пока нет; overlap_wind_change=1.036m/s>=0.5.
2026-02-20 14:00:00+00:00,2026-02-18 18:00:00+00:00,44.0,5.82,6.8,0.27476111111111123,0.4529717455140636,0.27476111111111123,baseline,turbine_2,2026-02-19 00:00:00+00:00,turbine_2: на 2026-02-19T00:00:00+00:00 проверяемого факта пока нет; overlap_wind_change=1.036m/s>=0.5.
2026-02-20 15:00:00+00:00,2026-02-18 18:00:00+00:00,45.0,7.52,7.1,0.623511111111111,0.6651666401503485,0.623511111111111,baseline,turbine_2,2026-02-19 00:00:00+00:00,turbine_2: на 2026-02-19T00:00:00+00:00 проверяемого факта пока нет; overlap_wind_change=1.036m/s>=0.5.
2026-02-20 16:00:00+00:00,2026-02-18 18:00:00+00:00,46.0,8.12,6.7,0.7423777777777775,0.641595828892772,0.7423777777777775,baseline,turbine_2,2026-02-19 00:00:00+00:00,turbine_2: на 2026-02-19T00:00:00+00:00 проверяемого факта пока нет; overlap_wind_change=1.036m/s>=0.5.
2026-02-20 17:00:00+00:00,2026-02-18 18:00:00+00:00,47.0,7.76,5.2,0.6535777777777777,0.5655598436771636,0.6535777777777777,baseline,turbine_2,2026-02-19 00:00:00+00:00,turbine_2: на 2026-02-19T00:00:00+00:00 проверяемого факта пока нет; overlap_wind_change=1.036m/s>=0.5.
2026-02-20 18:00:00+00:00,2026-02-18 18:00:00+00:00,48.0,8.16,4.0,0.7522444444444444,0.6057476279702069,0.7522444444444444,baseline,turbine_2,2026-02-19 00:00:00+00:00,turbine_2: на 2026-02-19T00:00:00+00:00 проверяемого факта пока нет; overlap_wind_change=1.036m/s>=0.5.
2026-02-20 19:00:00+00:00,2026-02-18 18:00:00+00:00,49.0,8.27,3.5,0.7774444444444442,0.6635936987597937,0.7774444444444442,baseline,turbine_2,2026-02-19 00:00:00+00:00,turbine_2: на 2026-02-19T00:00:00+00:00 проверяемого факта пока нет; overlap_wind_change=1.036m/s>=0.5.
2026-02-20 20:00:00+00:00,2026-02-18 18:00:00+00:00,50.0,7.92,3.3,0.6930444444444444,0.55505582278599,0.6930444444444444,baseline,turbine_2,2026-02-19 00:00:00+00:00,turbine_2: на 2026-02-19T00:00:00+00:00 проверяемого факта пока нет; overlap_wind_change=1.036m/s>=0.5.
2026-02-20 21:00:00+00:00,2026-02-18 18:00:00+00:00,51.0,7.17,3.7,0.5704888888888888,0.4918928292580238,0.5704888888888888,baseline,turbine_2,2026-02-19 00:00:00+00:00,turbine_2: на 2026-02-19T00:00:00+00:00 проверяемого факта пока нет; overlap_wind_change=1.036m/s>=0.5.
2026-02-20 22:00:00+00:00,2026-02-18 18:00:00+00:00,52.0,6.54,3.9,0.42372222222222217,0.5634200688710549,0.42372222222222217,baseline,turbine_2,2026-02-19 00:00:00+00:00,turbine_2: на 2026-02-19T00:00:00+00:00 проверяемого факта пока нет; overlap_wind_change=1.036m/s>=0.5.
2026-02-20 23:00:00+00:00,2026-02-18 18:00:00+00:00,53.0,5.42,3.6,0.21425,0.30832123552346713,0.21425,baseline,turbine_2,2026-02-19 00:00:00+00:00,turbine_2: на 2026-02-19T00:00:00+00:00 проверяемого факта пока нет; overlap_wind_change=1.036m/s>=0.5.
2026-02-21 00:00:00+00:00,2026-02-18 18:00:00+00:00,54.0,4.0,2.8,0.08763888888888889,0.1792036046713075,0.08763888888888889,baseline,turbine_2,2026-02-19 00:00:00+00:00,turbine_2: на 2026-02-19T00:00:00+00:00 проверяемого факта пока нет; overlap_wind_change=1.036m/s>=0.5.
2026-02-20 01:00:00+00:00,2026-02-19 18:00:00+00:00,7.0,7.77,6.7,0.6540777777777776,0.3415786735505812,0.6540777777777776,baseline,turbine_1,2026-02-20 00:00:00+00:00,turbine_1: на 2026-02-20T00:00:00+00:00 проверяемого факта пока нет; overlap_wind_change=0.553m/s>=0.5.
2026-02-20 02:00:00+00:00,2026-02-19 18:00:00+00:00,8.0,6.7,7.3,0.4621666666666666,0.3021296965662831,0.4621666666666666,baseline,turbine_1,2026-02-20 00:00:00+00:00,turbine_1: на 2026-02-20T00:00:00+00:00 проверяемого факта пока нет; overlap_wind_change=0.553m/s>=0.5.
2026-02-20 03:00:00+00:00,2026-02-19 18:00:00+00:00,9.0,6.11,8.3,0.3405555555555556,0.2335064654279991,0.3405555555555556,baseline,turbine_1,2026-02-20 00:00:00+00:00,turbine_1: на 2026-02-20T00:00:00+00:00 проверяемого факта пока нет; overlap_wind_change=0.553m/s>=0.5.
2026-02-20 04:00:00+00:00,2026-02-19 18:00:00+00:00,10.0,5.48,9.6,0.23175555555555563,0.14115523470552566,0.23175555555555563,baseline,turbine_1,2026-02-20 00:00:00+00:00,turbine_1: на 2026-02-20T00:00:00+00:00 проверяемого факта пока нет; overlap_wind_change=0.553m/s>=0.5.
2026-02-20 05:00:00+00:00,2026-02-19 18:00:00+00:00,11.0,4.82,10.4,0.1718666666666667,0.0997832942382948,0.1718666666666667,baseline,turbine_1,2026-02-20 00:00:00+00:00,turbine_1: на 2026-02-20T00:00:00+00:00 проверяемого факта пока нет; overlap_wind_change=0.553m/s>=0.5.
2026-02-20 06:00:00+00:00,2026-02-19 18:00:00+00:00,12.0,4.72,11.5,0.16339444444444443,0.0997832942382948,0.16339444444444443,baseline,turbine_1,2026-02-20 00:00:00+00:00,turbine_1: на 2026-02-20T00:00:00+00:00 проверяемого факта пока нет; overlap_wind_change=0.553m/s>=0.5.
2026-02-20 07:00:00+00:00,2026-02-19 18:00:00+00:00,13.0,4.71,12.9,0.1624888888888889,0.11499951961146232,0.1624888888888889,baseline,turbine_1,2026-02-20 00:00:00+00:00,turbine_1: на 2026-02-20T00:00:00+00:00 проверяемого факта пока нет; overlap_wind_change=0.553m/s>=0.5.
2026-02-20 08:00:00+00:00,2026-02-19 18:00:00+00:00,14.0,4.14,13.8,0.11123888888888886,0.18729508564289316,0.11123888888888886,baseline,turbine_1,2026-02-20 00:00:00+00:00,turbine_1: на 2026-02-20T00:00:00+00:00 проверяемого факта пока нет; overlap_wind_change=0.553m/s>=0.5.
2026-02-20 09:00:00+00:00,2026-02-19 18:00:00+00:00,15.0,3.52,14.5,0.06125,0.13276337190195855,0.06125,baseline,turbine_1,2026-02-20 00:00:00+00:00,turbine_1: на 2026-02-20T00:00:00+00:00 проверяемого факта пока нет; overlap_wind_change=0.553m/s>=0.5.
2026-02-20 10:00:00+00:00,2026-02-19 18:00:00+00:00,16.0,2.82,14.7,0.03342222222222222,0.10066160655464612,0.03342222222222222,baseline,turbine_1,2026-02-20 00:00:00+00:00,turbine_1: на 2026-02-20T00:00:00+00:00 проверяемого факта пока нет; overlap_wind_change=0.553m/s>=0.5.
2026-02-20 11:00:00+00:00,2026-02-19 18:00:00+00:00,17.0,2.22,13.9,0.023161111111111115,0.06983105465582172,0.023161111111111115,baseline,turbine_1,2026-02-20 00:00:00+00:00,turbine_1: на 2026-02-20T00:00:00+00:00 проверяемого факта пока нет; overlap_wind_change=0.553m/s>=0.5.
2026-02-20 12:00:00+00:00,2026-02-19 18:00:00+00:00,18.0,2.3,10.1,0.024444444444444442,0.06891965842720872,0.024444444444444442,baseline,turbine_1,2026-02-20 00:00:00+00:00,turbine_1: на 2026-02-20T00:00:00+00:00 проверяемого факта пока нет; overlap_wind_change=0.553m/s>=0.5.
2026-02-20 13:00:00+00:00,2026-02-19 18:00:00+00:00,19.0,1.39,7.7,0.015311111111111112,0.057961100851402346,0.015311111111111112,baseline,turbine_1,2026-02-20 00:00:00+00:00,turbine_1: на 2026-02-20T00:00:00+00:00 проверяемого факта пока нет; overlap_wind_change=0.553m/s>=0.5.
2026-02-20 14:00:00+00:00,2026-02-19 18:00:00+00:00,20.0,3.9,6.9,0.09030555555555554,0.13140456279037538,0.09030555555555554,baseline,turbine_1,2026-02-20 00:00:00+00:00,turbine_1: на 2026-02-20T00:00:00+00:00 проверяемого факта пока нет; overlap_wind_change=0.553m/s>=0.5.
2026-02-20 15:00:00+00:00,2026-02-19 18:00:00+00:00,21.0,6.49,6.8,0.4199333333333333,0.5969465748998494,0.4199333333333333,baseline,turbine_1,2026-02-20 00:00:00+00:00,turbine_1: на 2026-02-20T00:00:00+00:00 проверяемого факта пока нет; overlap_wind_change=0.553m/s>=0.5.
2026-02-20 16:00:00+00:00,2026-02-19 18:00:00+00:00,22.0,7.38,7.0,0.6040166666666666,0.5520869411113323,0.6040166666666666,baseline,turbine_1,2026-02-20 00:00:00+00:00,turbine_1: на 2026-02-20T00:00:00+00:00 проверяемого факта пока нет; overlap_wind_change=0.553m/s>=0.5.
2026-02-20 17:00:00+00:00,2026-02-19 18:00:00+00:00,23.0,8.21,5.6,0.7560111111111113,0.5360192441796424,0.7560111111111113,baseline,turbine_1,2026-02-20 00:00:00+00:00,turbine_1: на 2026-02-20T00:00:00+00:00 проверяемого факта пока нет; overlap_wind_change=0.553m/s>=0.5.
2026-02-20 18:00:00+00:00,2026-02-19 18:00:00+00:00,24.0,8.31,4.5,0.7766111111111113,0.5117221081382711,0.7766111111111113,baseline,turbine_1,2026-02-20 00:00:00+00:00,turbine_1: на 2026-02-20T00:00:00+00:00 проверяемого факта пока нет; overlap_wind_change=0.553m/s>=0.5.
2026-02-20 19:00:00+00:00,2026-02-19 18:00:00+00:00,25.0,7.99,3.9,0.7050444444444445,0.5448483037689044,0.7050444444444445,baseline,turbine_1,2026-02-20 00:00:00+00:00,turbine_1: на 2026-02-20T00:00:00+00:00 проверяемого факта пока нет; overlap_wind_change=0.553m/s>=0.5.
2026-02-20 20:00:00+00:00,2026-02-19 18:00:00+00:00,26.0,7.53,4.1,0.6224333333333333,0.5308543832893725,0.6224333333333333,baseline,turbine_1,2026-02-20 00:00:00+00:00,turbine_1: на 2026-02-20T00:00:00+00:00 проверяемого факта пока нет; overlap_wind_change=0.553m/s>=0.5.
2026-02-20 21:00:00+00:00,2026-02-19 18:00:00+00:00,27.0,7.3,4.2,0.5941944444444445,0.4533160152170317,0.5941944444444445,baseline,turbine_1,2026-02-20 00:00:00+00:00,turbine_1: на 2026-02-20T00:00:00+00:00 проверяемого факта пока нет; overlap_wind_change=0.553m/s>=0.5.
2026-02-20 22:00:00+00:00,2026-02-19 18:00:00+00:00,28.0,6.85,4.2,0.49538888888888877,0.514385154070956,0.49538888888888877,baseline,turbine_1,2026-02-20 00:00:00+00:00,turbine_1: на 2026-02-20T00:00:00+00:00 проверяемого факта пока нет; overlap_wind_change=0.553m/s>=0.5.
2026-02-20 23:00:00+00:00,2026-02-19 18:00:00+00:00,29.0,6.36,4.0,0.3937888888888889,0.5278958653825188,0.3937888888888889,baseline,turbine_1,2026-02-20 00:00:00+00:00,turbine_1: на 2026-02-20T00:00:00+00:00 проверяемого факта пока нет; overlap_wind_change=0.553m/s>=0.5.
2026-02-21 00:00:00+00:00,2026-02-19 18:00:00+00:00,30.0,5.15,3.9,0.19900000000000004,0.27519116211722344,0.19900000000000004,baseline,turbine_1,2026-02-20 00:00:00+00:00,turbine_1: на 2026-02-20T00:00:00+00:00 проверяемого факта пока нет; overlap_wind_change=0.553m/s>=0.5.
2026-02-21 01:00:00+00:00,2026-02-19 18:00:00+00:00,31.0,4.31,3.2,0.12626666666666664,0.15706118633627528,0.12626666666666664,baseline,turbine_1,2026-02-20 00:00:00+00:00,turbine_1: на 2026-02-20T00:00:00+00:00 проверяемого факта пока нет; overlap_wind_change=0.553m/s>=0.5.
2026-02-21 02:00:00+00:00,2026-02-19 18:00:00+00:00,32.0,3.95,3.1,0.09466666666666668,0.1597725572997588,0.09466666666666668,baseline,turbine_1,2026-02-20 00:00:00+00:00,turbine_1: на 2026-02-20T00:00:00+00:00 проверяемого факта пока нет; overlap_wind_change=0.553m/s>=0.5.
2026-02-21 03:00:00+00:00,2026-02-19 18:00:00+00:00,33.0,4.94,4.3,0.18173333333333339,0.27132954174724516,0.18173333333333339,baseline,turbine_1,2026-02-20 00:00:00+00:00,turbine_1: на 2026-02-20T00:00:00+00:00 проверяемого факта пока нет; overlap_wind_change=0.553m/s>=0.5.
2026-02-21 04:00:00+00:00,2026-02-19 18:00:00+00:00,34.0,0.92,6.0,0.0117,0.03943154518775185,0.0117,baseline,turbine_1,2026-02-20 00:00:00+00:00,turbine_1: на 2026-02-20T00:00:00+00:00 проверяемого факта пока нет; overlap_wind_change=0.553m/s>=0.5.
2026-02-21 05:00:00+00:00,2026-02-19 18:00:00+00:00,35.0,6.54,7.9,0.42998888888888886,0.5294233069237666,0.42998888888888886,baseline,turbine_1,2026-02-20 00:00:00+00:00,turbine_1: на 2026-02-20T00:00:00+00:00 проверяемого факта пока нет; overlap_wind_change=0.553m/s>=0.5.
2026-02-21 06:00:00+00:00,2026-02-19 18:00:00+00:00,36.0,11.28,7.1,0.9852999999999998,0.8373072618819704,0.9852999999999998,baseline,turbine_1,2026-02-20 00:00:00+00:00,turbine_1: на 2026-02-20T00:00:00+00:00 проверяемого факта пока нет; overlap_wind_change=0.553m/s>=0.5.
2026-02-21 07:00:00+00:00,2026-02-19 18:00:00+00:00,37.0,13.12,7.1,0.986711111111111,0.8298433192689534,0.986711111111111,baseline,turbine_1,2026-02-20 00:00:00+00:00,turbine_1: на 2026-02-20T00:00:00+00:00 проверяемого факта пока нет; overlap_wind_change=0.553m/s>=0.5.
2026-02-21 08:00:00+00:00,2026-02-19 18:00:00+00:00,38.0,12.55,6.9,0.9899999999999999,0.8313581402358746,0.9899999999999999,baseline,turbine_1,2026-02-20 00:00:00+00:00,turbine_1: на 2026-02-20T00:00:00+00:00 проверяемого факта пока нет; overlap_wind_change=0.553m/s>=0.5.
2026-02-21 09:00:00+00:00,2026-02-19 18:00:00+00:00,39.0,10.48,7.2,0.98335,0.8507808407364339,0.98335,baseline,turbine_1,2026-02-20 00:00:00+00:00,turbine_1: на 2026-02-20T00:00:00+00:00 проверяемого факта пока нет; overlap_wind_change=0.553m/s>=0.5.
2026-02-21 10:00:00+00:00,2026-02-19 18:00:00+00:00,40.0,9.9,7.3,0.9811666666666666,0.831907734334555,0.9811666666666666,baseline,turbine_1,2026-02-20 00:00:00+00:00,turbine_1: на 2026-02-20T00:00:00+00:00 проверяемого факта пока нет; overlap_wind_change=0.553m/s>=0.5.
2026-02-21 11:00:00+00:00,2026-02-19 18:00:00+00:00,41.0,6.5,6.7,0.4219444444444444,0.5952628377745426,0.4219444444444444,baseline,turbine_1,2026-02-20 00:00:00+00:00,turbine_1: на 2026-02-20T00:00:00+00:00 проверяемого факта пока нет; overlap_wind_change=0.553m/s>=0.5.
2026-02-21 12:00:00+00:00,2026-02-19 18:00:00+00:00,42.0,6.35,6.4,0.39177777777777767,0.5795398379713392,0.39177777777777767,baseline,turbine_1,2026-02-20 00:00:00+00:00,turbine_1: на 2026-02-20T00:00:00+00:00 проверяемого факта пока нет; overlap_wind_change=0.553m/s>=0.5.
2026-02-21 13:00:00+00:00,2026-02-19 18:00:00+00:00,43.0,5.59,5.4,0.2434888888888889,0.34572623774154243,0.2434888888888889,baseline,turbine_1,2026-02-20 00:00:00+00:00,turbine_1: на 2026-02-20T00:00:00+00:00 проверяемого факта пока нет; overlap_wind_change=0.553m/s>=0.5.
2026-02-21 14:00:00+00:00,2026-02-19 18:00:00+00:00,44.0,5.59,5.7,0.2434888888888889,0.3233925775350786,0.2434888888888889,baseline,turbine_1,2026-02-20 00:00:00+00:00,turbine_1: на 2026-02-20T00:00:00+00:00 проверяемого факта пока нет; overlap_wind_change=0.553m/s>=0.5.
2026-02-21 15:00:00+00:00,2026-02-19 18:00:00+00:00,45.0,6.14,5.1,0.34722222222222215,0.37786479161890196,0.34722222222222215,baseline,turbine_1,2026-02-20 00:00:00+00:00,turbine_1: на 2026-02-20T00:00:00+00:00 проверяемого факта пока нет; overlap_wind_change=0.553m/s>=0.5.
2026-02-21 16:00:00+00:00,2026-02-19 18:00:00+00:00,46.0,6.61,4.9,0.44406666666666667,0.5727437969577199,0.44406666666666667,baseline,turbine_1,2026-02-20 00:00:00+00:00,turbine_1: на 2026-02-20T00:00:00+00:00 проверяемого факта пока нет; overlap_wind_change=0.553m/s>=0.5.
2026-02-21 17:00:00+00:00,2026-02-19 18:00:00+00:00,47.0,7.16,4.0,0.5672055555555556,0.5526533110314188,0.5672055555555556,baseline,turbine_1,2026-02-20 00:00:00+00:00,turbine_1: на 2026-02-20T00:00:00+00:00 проверяемого факта пока нет; overlap_wind_change=0.553m/s>=0.5.
2026-02-21 18:00:00+00:00,2026-02-19 18:00:00+00:00,48.0,7.69,2.9,0.6420777777777777,0.6176445481172794,0.6420777777777777,baseline,turbine_1,2026-02-20 00:00:00+00:00,turbine_1: на 2026-02-20T00:00:00+00:00 проверяемого факта пока нет; overlap_wind_change=0.553m/s>=0.5.
2026-02-21 19:00:00+00:00,2026-02-19 18:00:00+00:00,49.0,8.03,2.3,0.714311111111111,0.6265904302461972,0.714311111111111,baseline,turbine_1,2026-02-20 00:00:00+00:00,turbine_1: на 2026-02-20T00:00:00+00:00 проверяемого факта пока нет; overlap_wind_change=0.553m/s>=0.5.
2026-02-21 20:00:00+00:00,2026-02-19 18:00:00+00:00,50.0,7.26,1.5,0.5892833333333333,0.5797061055921591,0.5892833333333333,baseline,turbine_1,2026-02-20 00:00:00+00:00,turbine_1: на 2026-02-20T00:00:00+00:00 проверяемого факта пока нет; overlap_wind_change=0.553m/s>=0.5.
2026-02-21 21:00:00+00:00,2026-02-19 18:00:00+00:00,51.0,6.05,0.6,0.3272222222222222,0.44547591993264674,0.3272222222222222,baseline,turbine_1,2026-02-20 00:00:00+00:00,turbine_1: на 2026-02-20T00:00:00+00:00 проверяемого факта пока нет; overlap_wind_change=0.553m/s>=0.5.
2026-02-21 22:00:00+00:00,2026-02-19 18:00:00+00:00,52.0,5.35,0.2,0.21788888888888885,0.30649177397209443,0.21788888888888885,baseline,turbine_1,2026-02-20 00:00:00+00:00,turbine_1: на 2026-02-20T00:00:00+00:00 проверяемого факта пока нет; overlap_wind_change=0.553m/s>=0.5.
2026-02-21 23:00:00+00:00,2026-02-19 18:00:00+00:00,53.0,4.0,-1.0,0.09902777777777777,0.17475628524788853,0.09902777777777777,baseline,turbine_1,2026-02-20 00:00:00+00:00,turbine_1: на 2026-02-20T00:00:00+00:00 проверяемого факта пока нет; overlap_wind_change=0.553m/s>=0.5.
2026-02-22 00:00:00+00:00,2026-02-19 18:00:00+00:00,54.0,1.96,-1.8,0.01926111111111111,0.08615798644886723,0.01926111111111111,baseline,turbine_1,2026-02-20 00:00:00+00:00,turbine_1: на 2026-02-20T00:00:00+00:00 проверяемого факта пока нет; overlap_wind_change=0.553m/s>=0.5.
2026-02-20 01:00:00+00:00,2026-02-19 18:00:00+00:00,7.0,7.77,6.7,0.6560444444444443,0.37855505595853994,0.6560444444444443,baseline,turbine_2,2026-02-20 00:00:00+00:00,turbine_2: на 2026-02-20T00:00:00+00:00 проверяемого факта пока нет; overlap_wind_change=0.553m/s>=0.5.
2026-02-20 02:00:00+00:00,2026-02-19 18:00:00+00:00,8.0,6.7,7.3,0.4530555555555555,0.3185215284169831,0.4530555555555555,baseline,turbine_2,2026-02-20 00:00:00+00:00,turbine_2: на 2026-02-20T00:00:00+00:00 проверяемого факта пока нет; overlap_wind_change=0.553m/s>=0.5.
2026-02-20 03:00:00+00:00,2026-02-19 18:00:00+00:00,9.0,6.11,8.3,0.3393666666666667,0.2766448038056891,0.3393666666666667,baseline,turbine_2,2026-02-20 00:00:00+00:00,turbine_2: на 2026-02-20T00:00:00+00:00 проверяемого факта пока нет; overlap_wind_change=0.553m/s>=0.5.
2026-02-20 04:00:00+00:00,2026-02-19 18:00:00+00:00,10.0,5.48,9.6,0.22241666666666673,0.17679167548180708,0.22241666666666673,baseline,turbine_2,2026-02-20 00:00:00+00:00,turbine_2: на 2026-02-20T00:00:00+00:00 проверяемого факта пока нет; overlap_wind_change=0.553m/s>=0.5.
2026-02-20 05:00:00+00:00,2026-02-19 18:00:00+00:00,11.0,4.82,10.4,0.15408333333333338,0.1368723617414758,0.15408333333333338,baseline,turbine_2,2026-02-20 00:00:00+00:00,turbine_2: на 2026-02-20T00:00:00+00:00 проверяемого факта пока нет; overlap_wind_change=0.553m/s>=0.5.
2026-02-20 06:00:00+00:00,2026-02-19 18:00:00+00:00,12.0,4.72,11.5,0.14553888888888888,0.12856217529815975,0.14553888888888888,baseline,turbine_2,2026-02-20 00:00:00+00:00,turbine_2: на 2026-02-20T00:00:00+00:00 проверяемого факта пока нет; overlap_wind_change=0.553m/s>=0.5.
2026-02-20 07:00:00+00:00,2026-02-19 18:00:00+00:00,13.0,4.71,12.9,0.14470000000000002,0.1730736943525645,0.14470000000000002,baseline,turbine_2,2026-02-20 00:00:00+00:00,turbine_2: на 2026-02-20T00:00:00+00:00 проверяемого факта пока нет; overlap_wind_change=0.553m/s>=0.5.
2026-02-20 08:00:00+00:00,2026-02-19 18:00:00+00:00,14.0,4.14,13.8,0.09798333333333331,0.22596607617162032,0.09798333333333331,baseline,turbine_2,2026-02-20 00:00:00+00:00,turbine_2: на 2026-02-20T00:00:00+00:00 проверяемого факта пока нет; overlap_wind_change=0.553m/s>=0.5.
2026-02-20 09:00:00+00:00,2026-02-19 18:00:00+00:00,15.0,3.52,14.5,0.053705555555555555,0.16954567912877191,0.053705555555555555,baseline,turbine_2,2026-02-20 00:00:00+00:00,turbine_2: на 2026-02-20T00:00:00+00:00 проверяемого факта пока нет; overlap_wind_change=0.553m/s>=0.5.
2026-02-20 10:00:00+00:00,2026-02-19 18:00:00+00:00,16.0,2.82,14.7,0.02743333333333333,0.12361721413424817,0.02743333333333333,baseline,turbine_2,2026-02-20 00:00:00+00:00,turbine_2: на 2026-02-20T00:00:00+00:00 проверяемого факта пока нет; overlap_wind_change=0.553m/s>=0.5.
2026-02-20 11:00:00+00:00,2026-02-19 18:00:00+00:00,17.0,2.22,13.9,0.02077777777777778,0.1091323944322007,0.02077777777777778,baseline,turbine_2,2026-02-20 00:00:00+00:00,turbine_2: на 2026-02-20T00:00:00+00:00 проверяемого факта пока нет; overlap_wind_change=0.553m/s>=0.5.
2026-02-20 12:00:00+00:00,2026-02-19 18:00:00+00:00,18.0,2.3,10.1,0.02161111111111111,0.10736136631359335,0.02161111111111111,baseline,turbine_2,2026-02-20 00:00:00+00:00,turbine_2: на 2026-02-20T00:00:00+00:00 проверяемого факта пока нет; overlap_wind_change=0.553m/s>=0.5.
2026-02-20 13:00:00+00:00,2026-02-19 18:00:00+00:00,19.0,1.39,7.7,0.014355555555555554,0.09189359767017895,0.014355555555555554,baseline,turbine_2,2026-02-20 00:00:00+00:00,turbine_2: на 2026-02-20T00:00:00+00:00 проверяемого факта пока нет; overlap_wind_change=0.553m/s>=0.5.
2026-02-20 14:00:00+00:00,2026-02-19 18:00:00+00:00,20.0,3.9,6.9,0.08025,0.1663126943054979,0.08025,baseline,turbine_2,2026-02-20 00:00:00+00:00,turbine_2: на 2026-02-20T00:00:00+00:00 проверяемого факта пока нет; overlap_wind_change=0.553m/s>=0.5.
2026-02-20 15:00:00+00:00,2026-02-19 18:00:00+00:00,21.0,6.49,6.8,0.41455555555555557,0.6567211512990808,0.41455555555555557,baseline,turbine_2,2026-02-20 00:00:00+00:00,turbine_2: на 2026-02-20T00:00:00+00:00 проверяемого факта пока нет; overlap_wind_change=0.553m/s>=0.5.
2026-02-20 16:00:00+00:00,2026-02-19 18:00:00+00:00,22.0,7.38,7.0,0.606711111111111,0.6643489567420169,0.606711111111111,baseline,turbine_2,2026-02-20 00:00:00+00:00,turbine_2: на 2026-02-20T00:00:00+00:00 проверяемого факта пока нет; overlap_wind_change=0.553m/s>=0.5.
2026-02-20 17:00:00+00:00,2026-02-19 18:00:00+00:00,23.0,8.21,5.6,0.7645777777777778,0.5980869064558529,0.7645777777777778,baseline,turbine_2,2026-02-20 00:00:00+00:00,turbine_2: на 2026-02-20T00:00:00+00:00 проверяемого факта пока нет; overlap_wind_change=0.553m/s>=0.5.
2026-02-20 18:00:00+00:00,2026-02-19 18:00:00+00:00,24.0,8.31,4.5,0.7834444444444444,0.5521555296541323,0.7834444444444444,baseline,turbine_2,2026-02-20 00:00:00+00:00,turbine_2: на 2026-02-20T00:00:00+00:00 проверяемого факта пока нет; overlap_wind_change=0.553m/s>=0.5.
2026-02-20 19:00:00+00:00,2026-02-19 18:00:00+00:00,25.0,7.99,3.9,0.7103111111111111,0.615525509102829,0.7103111111111111,baseline,turbine_2,2026-02-20 00:00:00+00:00,turbine_2: на 2026-02-20T00:00:00+00:00 проверяемого факта пока нет; overlap_wind_change=0.553m/s>=0.5.
2026-02-20 20:00:00+00:00,2026-02-19 18:00:00+00:00,26.0,7.53,4.1,0.6247111111111111,0.5214059298992862,0.6247111111111111,baseline,turbine_2,2026-02-20 00:00:00+00:00,turbine_2: на 2026-02-20T00:00:00+00:00 проверяемого факта пока нет; overlap_wind_change=0.553m/s>=0.5.
2026-02-20 21:00:00+00:00,2026-02-19 18:00:00+00:00,27.0,7.3,4.2,0.597111111111111,0.4475666825141544,0.597111111111111,baseline,turbine_2,2026-02-20 00:00:00+00:00,turbine_2: на 2026-02-20T00:00:00+00:00 проверяемого факта пока нет; overlap_wind_change=0.553m/s>=0.5.
2026-02-20 22:00:00+00:00,2026-02-19 18:00:00+00:00,28.0,6.85,4.2,0.4879999999999998,0.4939749141918931,0.4879999999999998,baseline,turbine_2,2026-02-20 00:00:00+00:00,turbine_2: на 2026-02-20T00:00:00+00:00 проверяемого факта пока нет; overlap_wind_change=0.553m/s>=0.5.
2026-02-20 23:00:00+00:00,2026-02-19 18:00:00+00:00,29.0,6.36,4.0,0.39072222222222225,0.5525943235722804,0.39072222222222225,baseline,turbine_2,2026-02-20 00:00:00+00:00,turbine_2: на 2026-02-20T00:00:00+00:00 проверяемого факта пока нет; overlap_wind_change=0.553m/s>=0.5.
2026-02-21 00:00:00+00:00,2026-02-19 18:00:00+00:00,30.0,5.15,3.9,0.18250000000000002,0.329362831094009,0.18250000000000002,baseline,turbine_2,2026-02-20 00:00:00+00:00,turbine_2: на 2026-02-20T00:00:00+00:00 проверяемого факта пока нет; overlap_wind_change=0.553m/s>=0.5.
2026-02-21 01:00:00+00:00,2026-02-19 18:00:00+00:00,31.0,4.31,3.2,0.11114444444444442,0.1951506968158836,0.11114444444444442,baseline,turbine_2,2026-02-20 00:00:00+00:00,turbine_2: на 2026-02-20T00:00:00+00:00 проверяемого факта пока нет; overlap_wind_change=0.553m/s>=0.5.
2026-02-21 02:00:00+00:00,2026-02-19 18:00:00+00:00,32.0,3.95,3.1,0.08394444444444446,0.17670378201568637,0.08394444444444446,baseline,turbine_2,2026-02-20 00:00:00+00:00,turbine_2: на 2026-02-20T00:00:00+00:00 проверяемого факта пока нет; overlap_wind_change=0.553m/s>=0.5.
2026-02-21 03:00:00+00:00,2026-02-19 18:00:00+00:00,33.0,4.94,4.3,0.1644166666666667,0.3045464643455632,0.1644166666666667,baseline,turbine_2,2026-02-20 00:00:00+00:00,turbine_2: на 2026-02-20T00:00:00+00:00 проверяемого факта пока нет; overlap_wind_change=0.553m/s>=0.5.
2026-02-21 04:00:00+00:00,2026-02-19 18:00:00+00:00,34.0,0.92,6.0,0.011322222222222223,0.08299792693063875,0.011322222222222223,baseline,turbine_2,2026-02-20 00:00:00+00:00,turbine_2: на 2026-02-20T00:00:00+00:00 проверяемого факта пока нет; overlap_wind_change=0.553m/s>=0.5.
2026-02-21 05:00:00+00:00,2026-02-19 18:00:00+00:00,35.0,6.54,7.9,0.42372222222222217,0.5551443631331479,0.42372222222222217,baseline,turbine_2,2026-02-20 00:00:00+00:00,turbine_2: на 2026-02-20T00:00:00+00:00 проверяемого факта пока нет; overlap_wind_change=0.553m/s>=0.5.
2026-02-21 06:00:00+00:00,2026-02-19 18:00:00+00:00,36.0,11.28,7.1,0.9771555555555556,0.900233306155718,0.9771555555555556,baseline,turbine_2,2026-02-20 00:00:00+00:00,turbine_2: на 2026-02-20T00:00:00+00:00 проверяемого факта пока нет; overlap_wind_change=0.553m/s>=0.5.
2026-02-21 07:00:00+00:00,2026-02-19 18:00:00+00:00,37.0,13.12,7.1,0.9719777777777777,0.9060875197934823,0.9719777777777777,baseline,turbine_2,2026-02-20 00:00:00+00:00,turbine_2: на 2026-02-20T00:00:00+00:00 проверяемого факта пока нет; overlap_wind_change=0.553m/s>=0.5.
2026-02-21 08:00:00+00:00,2026-02-19 18:00:00+00:00,38.0,12.55,6.9,0.9747777777777777,0.9136246658897398,0.9747777777777777,baseline,turbine_2,2026-02-20 00:00:00+00:00,turbine_2: на 2026-02-20T00:00:00+00:00 проверяемого факта пока нет; overlap_wind_change=0.553m/s>=0.5.
2026-02-21 09:00:00+00:00,2026-02-19 18:00:00+00:00,39.0,10.48,7.2,0.9746333333333332,0.9415107676397029,0.9746333333333332,baseline,turbine_2,2026-02-20 00:00:00+00:00,turbine_2: на 2026-02-20T00:00:00+00:00 проверяемого факта пока нет; overlap_wind_change=0.553m/s>=0.5.
2026-02-21 10:00:00+00:00,2026-02-19 18:00:00+00:00,40.0,9.9,7.3,0.9701111111111111,0.930008921980707,0.9701111111111111,baseline,turbine_2,2026-02-20 00:00:00+00:00,turbine_2: на 2026-02-20T00:00:00+00:00 проверяемого факта пока нет; overlap_wind_change=0.553m/s>=0.5.
2026-02-21 11:00:00+00:00,2026-02-19 18:00:00+00:00,41.0,6.5,6.7,0.4163888888888888,0.6570344471104751,0.4163888888888888,baseline,turbine_2,2026-02-20 00:00:00+00:00,turbine_2: на 2026-02-20T00:00:00+00:00 проверяемого факта пока нет; overlap_wind_change=0.553m/s>=0.5.
2026-02-21 12:00:00+00:00,2026-02-19 18:00:00+00:00,42.0,6.35,6.4,0.3888888888888888,0.6552634189918677,0.3888888888888888,baseline,turbine_2,2026-02-20 00:00:00+00:00,turbine_2: на 2026-02-20T00:00:00+00:00 проверяемого факта пока нет; overlap_wind_change=0.553m/s>=0.5.
2026-02-21 13:00:00+00:00,2026-02-19 18:00:00+00:00,43.0,5.59,5.4,0.2373888888888889,0.40946989885928226,0.2373888888888889,baseline,turbine_2,2026-02-20 00:00:00+00:00,turbine_2: на 2026-02-20T00:00:00+00:00 проверяемого факта пока нет; overlap_wind_change=0.553m/s>=0.5.
2026-02-21 14:00:00+00:00,2026-02-19 18:00:00+00:00,44.0,5.59,5.7,0.2373888888888889,0.38951250065569654,0.2373888888888889,baseline,turbine_2,2026-02-20 00:00:00+00:00,turbine_2: на 2026-02-20T00:00:00+00:00 проверяемого факта пока нет; overlap_wind_change=0.553m/s>=0.5.
2026-02-21 15:00:00+00:00,2026-02-19 18:00:00+00:00,45.0,6.14,5.1,0.3460499999999999,0.415058774762375,0.3460499999999999,baseline,turbine_2,2026-02-20 00:00:00+00:00,turbine_2: на 2026-02-20T00:00:00+00:00 проверяемого факта пока нет; overlap_wind_change=0.553m/s>=0.5.
2026-02-21 16:00:00+00:00,2026-02-19 18:00:00+00:00,46.0,6.61,4.9,0.43655555555555553,0.6045126414762725,0.43655555555555553,baseline,turbine_2,2026-02-20 00:00:00+00:00,turbine_2: на 2026-02-20T00:00:00+00:00 проверяемого факта пока нет; overlap_wind_change=0.553m/s>=0.5.
2026-02-21 17:00:00+00:00,2026-02-19 18:00:00+00:00,47.0,7.16,4.0,0.567911111111111,0.6057417611100221,0.567911111111111,baseline,turbine_2,2026-02-20 00:00:00+00:00,turbine_2: на 2026-02-20T00:00:00+00:00 проверяемого факта пока нет; overlap_wind_change=0.553m/s>=0.5.
2026-02-21 18:00:00+00:00,2026-02-19 18:00:00+00:00,48.0,7.69,2.9,0.6439111111111111,0.6720594015469342,0.6439111111111111,baseline,turbine_2,2026-02-20 00:00:00+00:00,turbine_2: на 2026-02-20T00:00:00+00:00 проверяемого факта пока нет; overlap_wind_change=0.553m/s>=0.5.
2026-02-21 19:00:00+00:00,2026-02-19 18:00:00+00:00,49.0,8.03,2.3,0.7201777777777775,0.7149351872375874,0.7201777777777775,baseline,turbine_2,2026-02-20 00:00:00+00:00,turbine_2: на 2026-02-20T00:00:00+00:00 проверяемого факта пока нет; overlap_wind_change=0.553m/s>=0.5.
2026-02-21 20:00:00+00:00,2026-02-19 18:00:00+00:00,50.0,7.26,1.5,0.592311111111111,0.5936980917221367,0.592311111111111,baseline,turbine_2,2026-02-20 00:00:00+00:00,turbine_2: на 2026-02-20T00:00:00+00:00 проверяемого факта пока нет; overlap_wind_change=0.553m/s>=0.5.
2026-02-21 21:00:00+00:00,2026-02-19 18:00:00+00:00,51.0,6.05,0.6,0.32599999999999996,0.4378692509032401,0.32599999999999996,baseline,turbine_2,2026-02-20 00:00:00+00:00,turbine_2: на 2026-02-20T00:00:00+00:00 проверяемого факта пока нет; overlap_wind_change=0.553m/s>=0.5.
2026-02-21 22:00:00+00:00,2026-02-19 18:00:00+00:00,52.0,5.35,0.2,0.20472222222222217,0.3058513724308437,0.20472222222222217,baseline,turbine_2,2026-02-20 00:00:00+00:00,turbine_2: на 2026-02-20T00:00:00+00:00 проверяемого факта пока нет; overlap_wind_change=0.553m/s>=0.5.
2026-02-21 23:00:00+00:00,2026-02-19 18:00:00+00:00,53.0,4.0,-1.0,0.08763888888888889,0.17276966372887076,0.08763888888888889,baseline,turbine_2,2026-02-20 00:00:00+00:00,turbine_2: на 2026-02-20T00:00:00+00:00 проверяемого факта пока нет; overlap_wind_change=0.553m/s>=0.5.
2026-02-22 00:00:00+00:00,2026-02-19 18:00:00+00:00,54.0,1.96,-1.8,0.017888888888888888,0.08521773663058575,0.017888888888888888,baseline,turbine_2,2026-02-20 00:00:00+00:00,turbine_2: на 2026-02-20T00:00:00+00:00 проверяемого факта пока нет; overlap_wind_change=0.553m/s>=0.5.
2026-02-21 01:00:00+00:00,2026-02-20 18:00:00+00:00,7.0,5.81,3.7,0.27388888888888885,0.20694699290936366,0.27388888888888885,baseline,turbine_1,2026-02-21 00:00:00+00:00,turbine_1: на 2026-02-21T00:00:00+00:00 проверяемого факта пока нет; overlap_wind_change=1.912m/s>=0.5.
2026-02-21 02:00:00+00:00,2026-02-20 18:00:00+00:00,8.0,5.82,3.3,0.2761111111111112,0.2085406421409981,0.2761111111111112,baseline,turbine_1,2026-02-21 00:00:00+00:00,turbine_1: на 2026-02-21T00:00:00+00:00 проверяемого факта пока нет; overlap_wind_change=1.912m/s>=0.5.
2026-02-21 03:00:00+00:00,2026-02-20 18:00:00+00:00,9.0,5.76,4.5,0.2627777777777778,0.18240604430691618,0.2627777777777778,baseline,turbine_1,2026-02-21 00:00:00+00:00,turbine_1: на 2026-02-21T00:00:00+00:00 проверяемого факта пока нет; overlap_wind_change=1.912m/s>=0.5.
2026-02-21 04:00:00+00:00,2026-02-20 18:00:00+00:00,10.0,4.44,6.2,0.13803888888888893,0.07258536382824006,0.13803888888888893,baseline,turbine_1,2026-02-21 00:00:00+00:00,turbine_1: на 2026-02-21T00:00:00+00:00 проверяемого факта пока нет; overlap_wind_change=1.912m/s>=0.5.
2026-02-21 05:00:00+00:00,2026-02-20 18:00:00+00:00,11.0,2.09,7.9,0.02121111111111111,0.0,0.02121111111111111,baseline,turbine_1,2026-02-21 00:00:00+00:00,turbine_1: на 2026-02-21T00:00:00+00:00 проверяемого факта пока нет; overlap_wind_change=1.912m/s>=0.5.
2026-02-21 06:00:00+00:00,2026-02-20 18:00:00+00:00,12.0,11.57,9.0,0.9881999999999999,0.8312687474351842,0.9881999999999999,baseline,turbine_1,2026-02-21 00:00:00+00:00,turbine_1: на 2026-02-21T00:00:00+00:00 проверяемого факта пока нет; overlap_wind_change=1.912m/s>=0.5.
2026-02-21 07:00:00+00:00,2026-02-20 18:00:00+00:00,13.0,12.15,8.8,0.9899999999999999,0.8288058387008425,0.9899999999999999,baseline,turbine_1,2026-02-21 00:00:00+00:00,turbine_1: на 2026-02-21T00:00:00+00:00 проверяемого факта пока нет; overlap_wind_change=1.912m/s>=0.5.
2026-02-21 08:00:00+00:00,2026-02-20 18:00:00+00:00,14.0,11.67,7.9,0.9891999999999999,0.8366781827211494,0.9891999999999999,baseline,turbine_1,2026-02-21 00:00:00+00:00,turbine_1: на 2026-02-21T00:00:00+00:00 проверяемого факта пока нет; overlap_wind_change=1.912m/s>=0.5.
2026-02-21 09:00:00+00:00,2026-02-20 18:00:00+00:00,15.0,12.29,7.6,0.9899999999999999,0.8366781827211494,0.9899999999999999,baseline,turbine_1,2026-02-21 00:00:00+00:00,turbine_1: на 2026-02-21T00:00:00+00:00 проверяемого факта пока нет; overlap_wind_change=1.912m/s>=0.5.
2026-02-21 10:00:00+00:00,2026-02-20 18:00:00+00:00,16.0,10.66,6.7,0.9844499999999999,0.8335339808902502,0.9844499999999999,baseline,turbine_1,2026-02-21 00:00:00+00:00,turbine_1: на 2026-02-21T00:00:00+00:00 проверяемого факта пока нет; overlap_wind_change=1.912m/s>=0.5.
2026-02-21 11:00:00+00:00,2026-02-20 18:00:00+00:00,17.0,9.55,6.5,0.9700555555555556,0.7656794071810646,0.9700555555555556,baseline,turbine_1,2026-02-21 00:00:00+00:00,turbine_1: на 2026-02-21T00:00:00+00:00 проверяемого факта пока нет; overlap_wind_change=1.912m/s>=0.5.
2026-02-21 12:00:00+00:00,2026-02-20 18:00:00+00:00,18.0,8.14,6.7,0.7397944444444446,0.5337201031449205,0.7397944444444446,baseline,turbine_1,2026-02-21 00:00:00+00:00,turbine_1: на 2026-02-21T00:00:00+00:00 проверяемого факта пока нет; overlap_wind_change=1.912m/s>=0.5.
2026-02-21 13:00:00+00:00,2026-02-20 18:00:00+00:00,19.0,6.65,5.9,0.45211111111111113,0.585531331632171,0.45211111111111113,baseline,turbine_1,2026-02-21 00:00:00+00:00,turbine_1: на 2026-02-21T00:00:00+00:00 проверяемого факта пока нет; overlap_wind_change=1.912m/s>=0.5.
2026-02-21 14:00:00+00:00,2026-02-20 18:00:00+00:00,20.0,6.72,6.2,0.46618888888888876,0.5910944355115576,0.46618888888888876,baseline,turbine_1,2026-02-21 00:00:00+00:00,turbine_1: на 2026-02-21T00:00:00+00:00 проверяемого факта пока нет; overlap_wind_change=1.912m/s>=0.5.
2026-02-21 15:00:00+00:00,2026-02-20 18:00:00+00:00,21.0,6.62,5.6,0.44607777777777774,0.5920981817868727,0.44607777777777774,baseline,turbine_1,2026-02-21 00:00:00+00:00,turbine_1: на 2026-02-21T00:00:00+00:00 проверяемого факта пока нет; overlap_wind_change=1.912m/s>=0.5.
2026-02-21 16:00:00+00:00,2026-02-20 18:00:00+00:00,22.0,5.64,4.9,0.24882222222222222,0.2725585996040058,0.24882222222222222,baseline,turbine_1,2026-02-21 00:00:00+00:00,turbine_1: на 2026-02-21T00:00:00+00:00 проверяемого факта пока нет; overlap_wind_change=1.912m/s>=0.5.
2026-02-21 17:00:00+00:00,2026-02-20 18:00:00+00:00,23.0,5.43,4.2,0.22642222222222222,0.25807830636080303,0.22642222222222222,baseline,turbine_1,2026-02-21 00:00:00+00:00,turbine_1: на 2026-02-21T00:00:00+00:00 проверяемого факта пока нет; overlap_wind_change=1.912m/s>=0.5.
2026-02-21 18:00:00+00:00,2026-02-20 18:00:00+00:00,24.0,5.03,3.2,0.18913333333333335,0.265010148386497,0.18913333333333335,baseline,turbine_1,2026-02-21 00:00:00+00:00,turbine_1: на 2026-02-21T00:00:00+00:00 проверяемого факта пока нет; overlap_wind_change=1.912m/s>=0.5.
2026-02-21 19:00:00+00:00,2026-02-20 18:00:00+00:00,25.0,4.46,2.4,0.13985,0.1719245081295534,0.13985,baseline,turbine_1,2026-02-21 00:00:00+00:00,turbine_1: на 2026-02-21T00:00:00+00:00 проверяемого факта пока нет; overlap_wind_change=1.912m/s>=0.5.
2026-02-21 20:00:00+00:00,2026-02-20 18:00:00+00:00,26.0,4.56,1.6,0.14890555555555554,0.21725125545359095,0.14890555555555554,baseline,turbine_1,2026-02-21 00:00:00+00:00,turbine_1: на 2026-02-21T00:00:00+00:00 проверяемого факта пока нет; overlap_wind_change=1.912m/s>=0.5.
2026-02-21 21:00:00+00:00,2026-02-20 18:00:00+00:00,27.0,3.52,0.3,0.06125,0.16945240905162495,0.06125,baseline,turbine_1,2026-02-21 00:00:00+00:00,turbine_1: на 2026-02-21T00:00:00+00:00 проверяемого факта пока нет; overlap_wind_change=1.912m/s>=0.5.
2026-02-21 22:00:00+00:00,2026-02-20 18:00:00+00:00,28.0,1.98,-0.6,0.019561111111111112,0.08100948527720132,0.019561111111111112,baseline,turbine_1,2026-02-21 00:00:00+00:00,turbine_1: на 2026-02-21T00:00:00+00:00 проверяемого факта пока нет; overlap_wind_change=1.912m/s>=0.5.
2026-02-21 23:00:00+00:00,2026-02-20 18:00:00+00:00,29.0,0.83,-1.3,0.010799999999999999,0.04308355427860158,0.010799999999999999,baseline,turbine_1,2026-02-21 00:00:00+00:00,turbine_1: на 2026-02-21T00:00:00+00:00 проверяемого факта пока нет; overlap_wind_change=1.912m/s>=0.5.
2026-02-22 00:00:00+00:00,2026-02-20 18:00:00+00:00,30.0,1.15,-1.1,0.013999999999999999,0.061986463700513195,0.013999999999999999,baseline,turbine_1,2026-02-21 00:00:00+00:00,turbine_1: на 2026-02-21T00:00:00+00:00 проверяемого факта пока нет; overlap_wind_change=1.912m/s>=0.5.
2026-02-22 01:00:00+00:00,2026-02-20 18:00:00+00:00,31.0,1.46,-1.3,0.015466666666666667,0.07964754092049119,0.015466666666666667,baseline,turbine_1,2026-02-21 00:00:00+00:00,turbine_1: на 2026-02-21T00:00:00+00:00 проверяемого факта пока нет; overlap_wind_change=1.912m/s>=0.5.
2026-02-22 02:00:00+00:00,2026-02-20 18:00:00+00:00,32.0,2.88,-1.3,0.034688888888888894,0.0985973524647862,0.034688888888888894,baseline,turbine_1,2026-02-21 00:00:00+00:00,turbine_1: на 2026-02-21T00:00:00+00:00 проверяемого факта пока нет; overlap_wind_change=1.912m/s>=0.5.
2026-02-22 03:00:00+00:00,2026-02-20 18:00:00+00:00,33.0,5.15,1.5,0.19900000000000004,0.28814652725749473,0.19900000000000004,baseline,turbine_1,2026-02-21 00:00:00+00:00,turbine_1: на 2026-02-21T00:00:00+00:00 проверяемого факта пока нет; overlap_wind_change=1.912m/s>=0.5.
2026-02-22 04:00:00+00:00,2026-02-20 18:00:00+00:00,34.0,5.62,3.8,0.24668888888888893,0.3282647504450628,0.24668888888888893,baseline,turbine_1,2026-02-21 00:00:00+00:00,turbine_1: на 2026-02-21T00:00:00+00:00 проверяемого факта пока нет; overlap_wind_change=1.912m/s>=0.5.
2026-02-22 05:00:00+00:00,2026-02-20 18:00:00+00:00,35.0,6.96,5.2,0.5208722222222222,0.5025879766251298,0.5208722222222222,baseline,turbine_1,2026-02-21 00:00:00+00:00,turbine_1: на 2026-02-21T00:00:00+00:00 проверяемого факта пока нет; overlap_wind_change=1.912m/s>=0.5.
2026-02-22 06:00:00+00:00,2026-02-20 18:00:00+00:00,36.0,8.36,6.8,0.7860555555555555,0.5950670259493163,0.7860555555555555,baseline,turbine_1,2026-02-21 00:00:00+00:00,turbine_1: на 2026-02-21T00:00:00+00:00 проверяемого факта пока нет; overlap_wind_change=1.912m/s>=0.5.
2026-02-22 07:00:00+00:00,2026-02-20 18:00:00+00:00,37.0,9.27,8.5,0.9549666666666666,0.8156585385125246,0.9549666666666666,baseline,turbine_1,2026-02-21 00:00:00+00:00,turbine_1: на 2026-02-21T00:00:00+00:00 проверяемого факта пока нет; overlap_wind_change=1.912m/s>=0.5.
2026-02-22 08:00:00+00:00,2026-02-20 18:00:00+00:00,38.0,9.82,9.3,0.9809888888888889,0.8504256923780787,0.9809888888888889,baseline,turbine_1,2026-02-21 00:00:00+00:00,turbine_1: на 2026-02-21T00:00:00+00:00 проверяемого факта пока нет; overlap_wind_change=1.912m/s>=0.5.
2026-02-22 09:00:00+00:00,2026-02-20 18:00:00+00:00,39.0,8.97,9.7,0.9011555555555556,0.7922135387539613,0.9011555555555556,baseline,turbine_1,2026-02-21 00:00:00+00:00,turbine_1: на 2026-02-21T00:00:00+00:00 проверяемого факта пока нет; overlap_wind_change=1.912m/s>=0.5.
2026-02-22 10:00:00+00:00,2026-02-20 18:00:00+00:00,40.0,8.32,9.9,0.7785000000000001,0.6049101104284941,0.7785000000000001,baseline,turbine_1,2026-02-21 00:00:00+00:00,turbine_1: на 2026-02-21T00:00:00+00:00 проверяемого факта пока нет; overlap_wind_change=1.912m/s>=0.5.
2026-02-22 11:00:00+00:00,2026-02-20 18:00:00+00:00,41.0,7.82,9.2,0.6656611111111111,0.5367546985026502,0.6656611111111111,baseline,turbine_1,2026-02-21 00:00:00+00:00,turbine_1: на 2026-02-21T00:00:00+00:00 проверяемого факта пока нет; overlap_wind_change=1.912m/s>=0.5.
2026-02-22 12:00:00+00:00,2026-02-20 18:00:00+00:00,42.0,7.42,7.2,0.6089277777777777,0.5741855958506256,0.6089277777777777,baseline,turbine_1,2026-02-21 00:00:00+00:00,turbine_1: на 2026-02-21T00:00:00+00:00 проверяемого факта пока нет; overlap_wind_change=1.912m/s>=0.5.
2026-02-22 13:00:00+00:00,2026-02-20 18:00:00+00:00,43.0,5.62,4.6,0.24668888888888893,0.30424165729681274,0.24668888888888893,baseline,turbine_1,2026-02-21 00:00:00+00:00,turbine_1: на 2026-02-21T00:00:00+00:00 проверяемого факта пока нет; overlap_wind_change=1.912m/s>=0.5.
2026-02-22 14:00:00+00:00,2026-02-20 18:00:00+00:00,44.0,4.07,2.9,0.10513333333333336,0.23519849565481046,0.10513333333333336,baseline,turbine_1,2026-02-21 00:00:00+00:00,turbine_1: на 2026-02-21T00:00:00+00:00 проверяемого факта пока нет; overlap_wind_change=1.912m/s>=0.5.
2026-02-22 15:00:00+00:00,2026-02-20 18:00:00+00:00,45.0,3.68,1.4,0.07236111111111113,0.18516366157575423,0.07236111111111113,baseline,turbine_1,2026-02-21 00:00:00+00:00,turbine_1: на 2026-02-21T00:00:00+00:00 проверяемого факта пока нет; overlap_wind_change=1.912m/s>=0.5.
2026-02-22 16:00:00+00:00,2026-02-20 18:00:00+00:00,46.0,3.56,0.8,0.06402777777777778,0.1736966585164572,0.06402777777777778,baseline,turbine_1,2026-02-21 00:00:00+00:00,turbine_1: на 2026-02-21T00:00:00+00:00 проверяемого факта пока нет; overlap_wind_change=1.912m/s>=0.5.
2026-02-22 17:00:00+00:00,2026-02-20 18:00:00+00:00,47.0,3.62,0.7,0.06819444444444445,0.1713744099018763,0.06819444444444445,baseline,turbine_1,2026-02-21 00:00:00+00:00,turbine_1: на 2026-02-21T00:00:00+00:00 проверяемого факта пока нет; overlap_wind_change=1.912m/s>=0.5.
2026-02-22 18:00:00+00:00,2026-02-20 18:00:00+00:00,48.0,2.93,0.7,0.035744444444444454,0.13627246757862477,0.035744444444444454,baseline,turbine_1,2026-02-21 00:00:00+00:00,turbine_1: на 2026-02-21T00:00:00+00:00 проверяемого факта пока нет; overlap_wind_change=1.912m/s>=0.5.
2026-02-22 19:00:00+00:00,2026-02-20 18:00:00+00:00,49.0,1.61,0.9,0.0158,0.08724878174499405,0.0158,baseline,turbine_1,2026-02-21 00:00:00+00:00,turbine_1: на 2026-02-21T00:00:00+00:00 проверяемого факта пока нет; overlap_wind_change=1.912m/s>=0.5.
2026-02-22 20:00:00+00:00,2026-02-20 18:00:00+00:00,50.0,1.37,0.7,0.015266666666666668,0.07581840780639959,0.015266666666666668,baseline,turbine_1,2026-02-21 00:00:00+00:00,turbine_1: на 2026-02-21T00:00:00+00:00 проверяемого факта пока нет; overlap_wind_change=1.912m/s>=0.5.
2026-02-22 21:00:00+00:00,2026-02-20 18:00:00+00:00,51.0,1.55,1.2,0.01566666666666667,0.07572827259718694,0.01566666666666667,baseline,turbine_1,2026-02-21 00:00:00+00:00,turbine_1: на 2026-02-21T00:00:00+00:00 проверяемого факта пока нет; overlap_wind_change=1.912m/s>=0.5.
2026-02-22 22:00:00+00:00,2026-02-20 18:00:00+00:00,52.0,1.95,2.1,0.019111111111111113,0.08115239890024527,0.019111111111111113,baseline,turbine_1,2026-02-21 00:00:00+00:00,turbine_1: на 2026-02-21T00:00:00+00:00 проверяемого факта пока нет; overlap_wind_change=1.912m/s>=0.5.
2026-02-22 23:00:00+00:00,2026-02-20 18:00:00+00:00,53.0,2.0,2.5,0.019861111111111114,0.07307867178485698,0.019861111111111114,baseline,turbine_1,2026-02-21 00:00:00+00:00,turbine_1: на 2026-02-21T00:00:00+00:00 проверяемого факта пока нет; overlap_wind_change=1.912m/s>=0.5.
2026-02-23 00:00:00+00:00,2026-02-20 18:00:00+00:00,54.0,1.31,2.5,0.015133333333333334,0.05317647652342533,0.015133333333333334,baseline,turbine_1,2026-02-21 00:00:00+00:00,turbine_1: на 2026-02-21T00:00:00+00:00 проверяемого факта пока нет; overlap_wind_change=1.912m/s>=0.5.
2026-02-21 01:00:00+00:00,2026-02-20 18:00:00+00:00,7.0,5.81,3.7,0.2725333333333333,0.27226941099864027,0.2725333333333333,baseline,turbine_2,2026-02-21 00:00:00+00:00,turbine_2: на 2026-02-21T00:00:00+00:00 проверяемого факта пока нет; overlap_wind_change=1.912m/s>=0.5.
2026-02-21 02:00:00+00:00,2026-02-20 18:00:00+00:00,8.0,5.82,3.3,0.27476111111111123,0.2433324604830115,0.27476111111111123,baseline,turbine_2,2026-02-21 00:00:00+00:00,turbine_2: на 2026-02-21T00:00:00+00:00 проверяемого факта пока нет; overlap_wind_change=1.912m/s>=0.5.
2026-02-21 03:00:00+00:00,2026-02-20 18:00:00+00:00,9.0,5.76,4.5,0.26139444444444443,0.2159200989036139,0.26139444444444443,baseline,turbine_2,2026-02-21 00:00:00+00:00,turbine_2: на 2026-02-21T00:00:00+00:00 проверяемого факта пока нет; overlap_wind_change=1.912m/s>=0.5.
2026-02-21 04:00:00+00:00,2026-02-20 18:00:00+00:00,10.0,4.44,6.2,0.12205000000000005,0.0881249073565047,0.12205000000000005,baseline,turbine_2,2026-02-21 00:00:00+00:00,turbine_2: на 2026-02-21T00:00:00+00:00 проверяемого факта пока нет; overlap_wind_change=1.912m/s>=0.5.
2026-02-21 05:00:00+00:00,2026-02-20 18:00:00+00:00,11.0,2.09,7.9,0.01933333333333333,0.024016371199035182,0.01933333333333333,baseline,turbine_2,2026-02-21 00:00:00+00:00,turbine_2: на 2026-02-21T00:00:00+00:00 проверяемого факта пока нет; overlap_wind_change=1.912m/s>=0.5.
2026-02-21 06:00:00+00:00,2026-02-20 18:00:00+00:00,12.0,11.57,9.0,0.9765111111111111,0.8678277029976156,0.9765111111111111,baseline,turbine_2,2026-02-21 00:00:00+00:00,turbine_2: на 2026-02-21T00:00:00+00:00 проверяемого факта пока нет; overlap_wind_change=1.912m/s>=0.5.
2026-02-21 07:00:00+00:00,2026-02-20 18:00:00+00:00,13.0,12.15,8.8,0.9754444444444444,0.8947087684994419,0.9754444444444444,baseline,turbine_2,2026-02-21 00:00:00+00:00,turbine_2: на 2026-02-21T00:00:00+00:00 проверяемого факта пока нет; overlap_wind_change=1.912m/s>=0.5.
2026-02-21 08:00:00+00:00,2026-02-20 18:00:00+00:00,14.0,11.67,7.9,0.9762888888888889,0.903122389090298,0.9762888888888889,baseline,turbine_2,2026-02-21 00:00:00+00:00,turbine_2: на 2026-02-21T00:00:00+00:00 проверяемого факта пока нет; overlap_wind_change=1.912m/s>=0.5.
2026-02-21 09:00:00+00:00,2026-02-20 18:00:00+00:00,15.0,12.29,7.6,0.9752111111111111,0.8805377376635983,0.9752111111111111,baseline,turbine_2,2026-02-21 00:00:00+00:00,turbine_2: на 2026-02-21T00:00:00+00:00 проверяемого факта пока нет; overlap_wind_change=1.912m/s>=0.5.
2026-02-21 10:00:00+00:00,2026-02-20 18:00:00+00:00,16.0,10.66,6.7,0.9754333333333333,0.8667034118658313,0.9754333333333333,baseline,turbine_2,2026-02-21 00:00:00+00:00,turbine_2: на 2026-02-21T00:00:00+00:00 проверяемого факта пока нет; overlap_wind_change=1.912m/s>=0.5.
2026-02-21 11:00:00+00:00,2026-02-20 18:00:00+00:00,17.0,9.55,6.5,0.9590555555555556,0.8921507135338604,0.9590555555555556,baseline,turbine_2,2026-02-21 00:00:00+00:00,turbine_2: на 2026-02-21T00:00:00+00:00 проверяемого факта пока нет; overlap_wind_change=1.912m/s>=0.5.
2026-02-21 12:00:00+00:00,2026-02-20 18:00:00+00:00,18.0,8.14,6.7,0.7473111111111111,0.6202913007017059,0.7473111111111111,baseline,turbine_2,2026-02-21 00:00:00+00:00,turbine_2: на 2026-02-21T00:00:00+00:00 проверяемого факта пока нет; overlap_wind_change=1.912m/s>=0.5.
2026-02-21 13:00:00+00:00,2026-02-20 18:00:00+00:00,19.0,6.65,5.9,0.4438888888888889,0.6543093661871271,0.4438888888888889,baseline,turbine_2,2026-02-21 00:00:00+00:00,turbine_2: на 2026-02-21T00:00:00+00:00 проверяемого факта пока нет; overlap_wind_change=1.912m/s>=0.5.
2026-02-21 14:00:00+00:00,2026-02-20 18:00:00+00:00,20.0,6.72,6.2,0.4567222222222221,0.6549501231804734,0.4567222222222221,baseline,turbine_2,2026-02-21 00:00:00+00:00,turbine_2: на 2026-02-21T00:00:00+00:00 проверяемого факта пока нет; overlap_wind_change=1.912m/s>=0.5.
2026-02-21 15:00:00+00:00,2026-02-20 18:00:00+00:00,21.0,6.62,5.6,0.43838888888888883,0.6567211512990808,0.43838888888888883,baseline,turbine_2,2026-02-21 00:00:00+00:00,turbine_2: на 2026-02-21T00:00:00+00:00 проверяемого факта пока нет; overlap_wind_change=1.912m/s>=0.5.
2026-02-21 16:00:00+00:00,2026-02-20 18:00:00+00:00,22.0,5.64,4.9,0.24419444444444444,0.30307047121506264,0.24419444444444444,baseline,turbine_2,2026-02-21 00:00:00+00:00,turbine_2: на 2026-02-21T00:00:00+00:00 проверяемого факта пока нет; overlap_wind_change=1.912m/s>=0.5.
2026-02-21 17:00:00+00:00,2026-02-20 18:00:00+00:00,23.0,5.43,4.2,0.2156111111111111,0.26354553403250763,0.2156111111111111,baseline,turbine_2,2026-02-21 00:00:00+00:00,turbine_2: на 2026-02-21T00:00:00+00:00 проверяемого факта пока нет; overlap_wind_change=1.912m/s>=0.5.
2026-02-21 18:00:00+00:00,2026-02-20 18:00:00+00:00,24.0,5.03,3.2,0.1721666666666667,0.2961902532928341,0.1721666666666667,baseline,turbine_2,2026-02-21 00:00:00+00:00,turbine_2: на 2026-02-21T00:00:00+00:00 проверяемого факта пока нет; overlap_wind_change=1.912m/s>=0.5.
2026-02-21 19:00:00+00:00,2026-02-20 18:00:00+00:00,25.0,4.46,2.4,0.12372777777777778,0.20357392818498551,0.12372777777777778,baseline,turbine_2,2026-02-21 00:00:00+00:00,turbine_2: на 2026-02-21T00:00:00+00:00 проверяемого факта пока нет; overlap_wind_change=1.912m/s>=0.5.
2026-02-21 20:00:00+00:00,2026-02-20 18:00:00+00:00,26.0,4.56,1.6,0.13211666666666666,0.21638257196223804,0.13211666666666666,baseline,turbine_2,2026-02-21 00:00:00+00:00,turbine_2: на 2026-02-21T00:00:00+00:00 проверяемого факта пока нет; overlap_wind_change=1.912m/s>=0.5.
2026-02-21 21:00:00+00:00,2026-02-20 18:00:00+00:00,27.0,3.52,0.3,0.053705555555555555,0.17754301374666295,0.053705555555555555,baseline,turbine_2,2026-02-21 00:00:00+00:00,turbine_2: на 2026-02-21T00:00:00+00:00 проверяемого факта пока нет; overlap_wind_change=1.912m/s>=0.5.
2026-02-21 22:00:00+00:00,2026-02-20 18:00:00+00:00,28.0,1.98,-0.6,0.01811111111111111,0.10418534250285294,0.01811111111111111,baseline,turbine_2,2026-02-21 00:00:00+00:00,turbine_2: на 2026-02-21T00:00:00+00:00 проверяемого факта пока нет; overlap_wind_change=1.912m/s>=0.5.
2026-02-21 23:00:00+00:00,2026-02-20 18:00:00+00:00,29.0,0.83,-1.3,0.010622222222222222,0.0716896548937234,0.010622222222222222,baseline,turbine_2,2026-02-21 00:00:00+00:00,turbine_2: на 2026-02-21T00:00:00+00:00 проверяемого факта пока нет; overlap_wind_change=1.912m/s>=0.5.
2026-02-22 00:00:00+00:00,2026-02-20 18:00:00+00:00,30.0,1.15,-1.1,0.01311111111111111,0.06290276464503104,0.01311111111111111,baseline,turbine_2,2026-02-21 00:00:00+00:00,turbine_2: на 2026-02-21T00:00:00+00:00 проверяемого факта пока нет; overlap_wind_change=1.912m/s>=0.5.
2026-02-22 01:00:00+00:00,2026-02-20 18:00:00+00:00,31.0,1.46,-1.3,0.014588888888888887,0.08521773663058575,0.014588888888888887,baseline,turbine_2,2026-02-21 00:00:00+00:00,turbine_2: на 2026-02-21T00:00:00+00:00 проверяемого факта пока нет; overlap_wind_change=1.912m/s>=0.5.
2026-02-22 02:00:00+00:00,2026-02-20 18:00:00+00:00,32.0,2.88,-1.3,0.028566666666666667,0.09116967470655886,0.028566666666666667,baseline,turbine_2,2026-02-21 00:00:00+00:00,turbine_2: на 2026-02-21T00:00:00+00:00 проверяемого факта пока нет; overlap_wind_change=1.912m/s>=0.5.
2026-02-22 03:00:00+00:00,2026-02-20 18:00:00+00:00,33.0,5.15,1.5,0.18250000000000002,0.3157543346291454,0.18250000000000002,baseline,turbine_2,2026-02-21 00:00:00+00:00,turbine_2: на 2026-02-21T00:00:00+00:00 проверяемого факта пока нет; overlap_wind_change=1.912m/s>=0.5.
2026-02-22 04:00:00+00:00,2026-02-20 18:00:00+00:00,34.0,5.62,3.8,0.24147222222222225,0.3770084450220721,0.24147222222222225,baseline,turbine_2,2026-02-21 00:00:00+00:00,turbine_2: на 2026-02-21T00:00:00+00:00 проверяемого факта пока нет; overlap_wind_change=1.912m/s>=0.5.
2026-02-22 05:00:00+00:00,2026-02-20 18:00:00+00:00,35.0,6.96,5.2,0.5163555555555555,0.5011134742828134,0.5163555555555555,baseline,turbine_2,2026-02-21 00:00:00+00:00,turbine_2: на 2026-02-21T00:00:00+00:00 проверяемого факта пока нет; overlap_wind_change=1.912m/s>=0.5.
2026-02-22 06:00:00+00:00,2026-02-20 18:00:00+00:00,36.0,8.36,6.8,0.7909444444444442,0.5935258468395544,0.7909444444444442,baseline,turbine_2,2026-02-21 00:00:00+00:00,turbine_2: на 2026-02-21T00:00:00+00:00 проверяемого факта пока нет; overlap_wind_change=1.912m/s>=0.5.
2026-02-22 07:00:00+00:00,2026-02-20 18:00:00+00:00,37.0,9.27,8.5,0.9456777777777776,0.9405660629847118,0.9456777777777776,baseline,turbine_2,2026-02-21 00:00:00+00:00,turbine_2: на 2026-02-21T00:00:00+00:00 проверяемого факта пока нет; overlap_wind_change=1.912m/s>=0.5.
2026-02-22 08:00:00+00:00,2026-02-20 18:00:00+00:00,38.0,9.82,9.3,0.9693111111111111,0.9640954190664025,0.9693111111111111,baseline,turbine_2,2026-02-21 00:00:00+00:00,turbine_2: на 2026-02-21T00:00:00+00:00 проверяемого факта пока нет; overlap_wind_change=1.912m/s>=0.5.
2026-02-22 09:00:00+00:00,2026-02-20 18:00:00+00:00,39.0,8.97,9.7,0.8913666666666666,0.8473802804545549,0.8913666666666666,baseline,turbine_2,2026-02-21 00:00:00+00:00,turbine_2: на 2026-02-21T00:00:00+00:00 проверяемого факта пока нет; overlap_wind_change=1.912m/s>=0.5.
2026-02-22 10:00:00+00:00,2026-02-20 18:00:00+00:00,40.0,8.32,9.9,0.7849444444444443,0.6544938858094967,0.7849444444444443,baseline,turbine_2,2026-02-21 00:00:00+00:00,turbine_2: на 2026-02-21T00:00:00+00:00 проверяемого факта пока нет; overlap_wind_change=1.912m/s>=0.5.
2026-02-22 11:00:00+00:00,2026-02-20 18:00:00+00:00,41.0,7.82,9.2,0.6683777777777778,0.6445657313345801,0.6683777777777778,baseline,turbine_2,2026-02-21 00:00:00+00:00,turbine_2: на 2026-02-21T00:00:00+00:00 проверяемого факта пока нет; overlap_wind_change=1.912m/s>=0.5.
2026-02-22 12:00:00+00:00,2026-02-20 18:00:00+00:00,42.0,7.42,7.2,0.611511111111111,0.6539461025113545,0.611511111111111,baseline,turbine_2,2026-02-21 00:00:00+00:00,turbine_2: на 2026-02-21T00:00:00+00:00 проверяемого факта пока нет; overlap_wind_change=1.912m/s>=0.5.
2026-02-22 13:00:00+00:00,2026-02-20 18:00:00+00:00,43.0,5.62,4.6,0.24147222222222225,0.3545085395788887,0.24147222222222225,baseline,turbine_2,2026-02-21 00:00:00+00:00,turbine_2: на 2026-02-21T00:00:00+00:00 проверяемого факта пока нет; overlap_wind_change=1.912m/s>=0.5.
2026-02-22 14:00:00+00:00,2026-02-20 18:00:00+00:00,44.0,4.07,2.9,0.09281111111111114,0.2841416634402085,0.09281111111111114,baseline,turbine_2,2026-02-21 00:00:00+00:00,turbine_2: на 2026-02-21T00:00:00+00:00 проверяемого факта пока нет; overlap_wind_change=1.912m/s>=0.5.
2026-02-22 15:00:00+00:00,2026-02-20 18:00:00+00:00,45.0,3.68,1.4,0.06446111111111112,0.20460277182979614,0.06446111111111112,baseline,turbine_2,2026-02-21 00:00:00+00:00,turbine_2: на 2026-02-21T00:00:00+00:00 проверяемого факта пока нет; overlap_wind_change=1.912m/s>=0.5.
2026-02-22 16:00:00+00:00,2026-02-20 18:00:00+00:00,46.0,3.56,0.8,0.05639444444444445,0.18078644843440408,0.05639444444444445,baseline,turbine_2,2026-02-21 00:00:00+00:00,turbine_2: на 2026-02-21T00:00:00+00:00 проверяемого факта пока нет; overlap_wind_change=1.912m/s>=0.5.
2026-02-22 17:00:00+00:00,2026-02-20 18:00:00+00:00,47.0,3.62,0.7,0.06042777777777779,0.1720588542564795,0.06042777777777779,baseline,turbine_2,2026-02-21 00:00:00+00:00,turbine_2: на 2026-02-21T00:00:00+00:00 проверяемого факта пока нет; overlap_wind_change=1.912m/s>=0.5.
2026-02-22 18:00:00+00:00,2026-02-20 18:00:00+00:00,48.0,2.93,0.7,0.029511111111111116,0.12763103054379946,0.029511111111111116,baseline,turbine_2,2026-02-21 00:00:00+00:00,turbine_2: на 2026-02-21T00:00:00+00:00 проверяемого факта пока нет; overlap_wind_change=1.912m/s>=0.5.
2026-02-22 19:00:00+00:00,2026-02-20 18:00:00+00:00,49.0,1.61,0.9,0.015088888888888888,0.0998978793467587,0.015088888888888888,baseline,turbine_2,2026-02-21 00:00:00+00:00,turbine_2: на 2026-02-21T00:00:00+00:00 проверяемого факта пока нет; overlap_wind_change=1.912m/s>=0.5.
2026-02-22 20:00:00+00:00,2026-02-20 18:00:00+00:00,50.0,1.37,0.7,0.014288888888888887,0.08566560024510153,0.014288888888888887,baseline,turbine_2,2026-02-21 00:00:00+00:00,turbine_2: на 2026-02-21T00:00:00+00:00 проверяемого факта пока нет; overlap_wind_change=1.912m/s>=0.5.
2026-02-22 21:00:00+00:00,2026-02-20 18:00:00+00:00,51.0,1.55,1.2,0.014888888888888887,0.10418583427124874,0.014888888888888887,baseline,turbine_2,2026-02-21 00:00:00+00:00,turbine_2: на 2026-02-21T00:00:00+00:00 проверяемого факта пока нет; overlap_wind_change=1.912m/s>=0.5.
2026-02-22 22:00:00+00:00,2026-02-20 18:00:00+00:00,52.0,1.95,2.1,0.017777777777777778,0.11928694529122838,0.017777777777777778,baseline,turbine_2,2026-02-21 00:00:00+00:00,turbine_2: на 2026-02-21T00:00:00+00:00 проверяемого факта пока нет; overlap_wind_change=1.912m/s>=0.5.
2026-02-22 23:00:00+00:00,2026-02-20 18:00:00+00:00,53.0,2.0,2.5,0.018333333333333333,0.11412723923007251,0.018333333333333333,baseline,turbine_2,2026-02-21 00:00:00+00:00,turbine_2: на 2026-02-21T00:00:00+00:00 проверяемого факта пока нет; overlap_wind_change=1.912m/s>=0.5.
2026-02-23 00:00:00+00:00,2026-02-20 18:00:00+00:00,54.0,1.31,2.5,0.014088888888888889,0.07517322024554045,0.014088888888888889,baseline,turbine_2,2026-02-21 00:00:00+00:00,turbine_2: на 2026-02-21T00:00:00+00:00 проверяемого факта пока нет; overlap_wind_change=1.912m/s>=0.5.
2026-02-22 01:00:00+00:00,2026-02-21 18:00:00+00:00,7.0,2.86,-1.0,0.03426666666666667,0.0,0.03426666666666667,baseline,turbine_1,2026-02-22 00:00:00+00:00,turbine_1: на 2026-02-22T00:00:00+00:00 проверяемого факта пока нет; overlap_wind_change=0.521m/s>=0.5.
2026-02-22 02:00:00+00:00,2026-02-21 18:00:00+00:00,8.0,3.46,-0.2,0.05708333333333333,0.0,0.05708333333333333,baseline,turbine_1,2026-02-22 00:00:00+00:00,turbine_1: на 2026-02-22T00:00:00+00:00 проверяемого факта пока нет; overlap_wind_change=0.521m/s>=0.5.
2026-02-22 03:00:00+00:00,2026-02-21 18:00:00+00:00,9.0,4.09,2.3,0.10687777777777777,0.07255648066216626,0.10687777777777777,baseline,turbine_1,2026-02-22 00:00:00+00:00,turbine_1: на 2026-02-22T00:00:00+00:00 проверяемого факта пока нет; overlap_wind_change=0.521m/s>=0.5.
2026-02-22 04:00:00+00:00,2026-02-21 18:00:00+00:00,10.0,6.05,5.2,0.3272222222222222,0.21451160665957858,0.3272222222222222,baseline,turbine_1,2026-02-22 00:00:00+00:00,turbine_1: на 2026-02-22T00:00:00+00:00 проверяемого факта пока нет; overlap_wind_change=0.521m/s>=0.5.
2026-02-22 05:00:00+00:00,2026-02-21 18:00:00+00:00,11.0,7.7,6.1,0.6433055555555555,0.5419760548269354,0.6433055555555555,baseline,turbine_1,2026-02-22 00:00:00+00:00,turbine_1: на 2026-02-22T00:00:00+00:00 проверяемого факта пока нет; overlap_wind_change=0.521m/s>=0.5.
2026-02-22 06:00:00+00:00,2026-02-21 18:00:00+00:00,12.0,9.12,7.4,0.9294055555555554,0.7673850361024314,0.9294055555555554,baseline,turbine_1,2026-02-22 00:00:00+00:00,turbine_1: на 2026-02-22T00:00:00+00:00 проверяемого факта пока нет; overlap_wind_change=0.521m/s>=0.5.
2026-02-22 07:00:00+00:00,2026-02-21 18:00:00+00:00,13.0,10.1,8.7,0.9816111111111111,0.8385500285695036,0.9816111111111111,baseline,turbine_1,2026-02-22 00:00:00+00:00,turbine_1: на 2026-02-22T00:00:00+00:00 проверяемого факта пока нет; overlap_wind_change=0.521m/s>=0.5.
2026-02-22 08:00:00+00:00,2026-02-21 18:00:00+00:00,14.0,10.1,9.8,0.9816111111111111,0.8561008832217086,0.9816111111111111,baseline,turbine_1,2026-02-22 00:00:00+00:00,turbine_1: на 2026-02-22T00:00:00+00:00 проверяемого факта пока нет; overlap_wind_change=0.521m/s>=0.5.
2026-02-22 09:00:00+00:00,2026-02-21 18:00:00+00:00,15.0,9.51,10.1,0.9679,0.8546124944898523,0.9679,baseline,turbine_1,2026-02-22 00:00:00+00:00,turbine_1: на 2026-02-22T00:00:00+00:00 проверяемого факта пока нет; overlap_wind_change=0.521m/s>=0.5.
2026-02-22 10:00:00+00:00,2026-02-21 18:00:00+00:00,16.0,8.47,10.2,0.8068333333333335,0.7076622458705856,0.8068333333333335,baseline,turbine_1,2026-02-22 00:00:00+00:00,turbine_1: на 2026-02-22T00:00:00+00:00 проверяемого факта пока нет; overlap_wind_change=0.521m/s>=0.5.
2026-02-22 11:00:00+00:00,2026-02-21 18:00:00+00:00,17.0,7.57,9.8,0.6273444444444445,0.5471396929339916,0.6273444444444445,baseline,turbine_1,2026-02-22 00:00:00+00:00,turbine_1: на 2026-02-22T00:00:00+00:00 проверяемого факта пока нет; overlap_wind_change=0.521m/s>=0.5.
2026-02-22 12:00:00+00:00,2026-02-21 18:00:00+00:00,18.0,7.39,7.8,0.6052444444444444,0.5330952496094831,0.6052444444444444,baseline,turbine_1,2026-02-22 00:00:00+00:00,turbine_1: на 2026-02-22T00:00:00+00:00 проверяемого факта пока нет; overlap_wind_change=0.521m/s>=0.5.
2026-02-22 13:00:00+00:00,2026-02-21 18:00:00+00:00,19.0,6.13,5.2,0.345,0.3788312558135091,0.345,baseline,turbine_1,2026-02-22 00:00:00+00:00,turbine_1: на 2026-02-22T00:00:00+00:00 проверяемого факта пока нет; overlap_wind_change=0.521m/s>=0.5.
2026-02-22 14:00:00+00:00,2026-02-21 18:00:00+00:00,20.0,4.54,2.8,0.14709444444444444,0.2680670129245888,0.14709444444444444,baseline,turbine_1,2026-02-22 00:00:00+00:00,turbine_1: на 2026-02-22T00:00:00+00:00 проверяемого факта пока нет; overlap_wind_change=0.521m/s>=0.5.
2026-02-22 15:00:00+00:00,2026-02-21 18:00:00+00:00,21.0,3.49,1.3,0.05916666666666668,0.16467767128563698,0.05916666666666668,baseline,turbine_1,2026-02-22 00:00:00+00:00,turbine_1: на 2026-02-22T00:00:00+00:00 проверяемого факта пока нет; overlap_wind_change=0.521m/s>=0.5.
2026-02-22 16:00:00+00:00,2026-02-21 18:00:00+00:00,22.0,3.14,0.6,0.040177777777777784,0.14328010724933643,0.040177777777777784,baseline,turbine_1,2026-02-22 00:00:00+00:00,turbine_1: на 2026-02-22T00:00:00+00:00 проверяемого факта пока нет; overlap_wind_change=0.521m/s>=0.5.
2026-02-22 17:00:00+00:00,2026-02-21 18:00:00+00:00,23.0,2.67,0.6,0.030611111111111113,0.12209768956459904,0.030611111111111113,baseline,turbine_1,2026-02-22 00:00:00+00:00,turbine_1: на 2026-02-22T00:00:00+00:00 проверяемого факта пока нет; overlap_wind_change=0.521m/s>=0.5.
2026-02-22 18:00:00+00:00,2026-02-21 18:00:00+00:00,24.0,1.96,0.4,0.01926111111111111,0.11608143291556122,0.01926111111111111,baseline,turbine_1,2026-02-22 00:00:00+00:00,turbine_1: на 2026-02-22T00:00:00+00:00 проверяемого факта пока нет; overlap_wind_change=0.521m/s>=0.5.
2026-02-22 19:00:00+00:00,2026-02-21 18:00:00+00:00,25.0,2.03,0.0,0.02031111111111111,0.08963506836105202,0.02031111111111111,baseline,turbine_1,2026-02-22 00:00:00+00:00,turbine_1: на 2026-02-22T00:00:00+00:00 проверяемого факта пока нет; overlap_wind_change=0.521m/s>=0.5.
2026-02-22 20:00:00+00:00,2026-02-21 18:00:00+00:00,26.0,1.57,0.4,0.015711111111111113,0.10057285693001433,0.015711111111111113,baseline,turbine_1,2026-02-22 00:00:00+00:00,turbine_1: на 2026-02-22T00:00:00+00:00 проверяемого факта пока нет; overlap_wind_change=0.521m/s>=0.5.
2026-02-22 21:00:00+00:00,2026-02-21 18:00:00+00:00,27.0,1.45,1.4,0.015444444444444445,0.0739300601831767,0.015444444444444445,baseline,turbine_1,2026-02-22 00:00:00+00:00,turbine_1: на 2026-02-22T00:00:00+00:00 проверяемого факта пока нет; overlap_wind_change=0.521m/s>=0.5.
2026-02-22 22:00:00+00:00,2026-02-21 18:00:00+00:00,28.0,2.01,2.3,0.020011111111111108,0.078570350693234,0.020011111111111108,baseline,turbine_1,2026-02-22 00:00:00+00:00,turbine_1: на 2026-02-22T00:00:00+00:00 проверяемого факта пока нет; overlap_wind_change=0.521m/s>=0.5.
2026-02-22 23:00:00+00:00,2026-02-21 18:00:00+00:00,29.0,1.25,2.9,0.015,0.0543649851092651,0.015,baseline,turbine_1,2026-02-22 00:00:00+00:00,turbine_1: на 2026-02-22T00:00:00+00:00 проверяемого факта пока нет; overlap_wind_change=0.521m/s>=0.5.
2026-02-23 00:00:00+00:00,2026-02-21 18:00:00+00:00,30.0,0.89,2.9,0.0114,0.02762722244291182,0.0114,baseline,turbine_1,2026-02-22 00:00:00+00:00,turbine_1: на 2026-02-22T00:00:00+00:00 проверяемого факта пока нет; overlap_wind_change=0.521m/s>=0.5.
2026-02-23 01:00:00+00:00,2026-02-21 18:00:00+00:00,31.0,2.02,2.2,0.020161111111111112,0.07536147972998218,0.020161111111111112,baseline,turbine_1,2026-02-22 00:00:00+00:00,turbine_1: на 2026-02-22T00:00:00+00:00 проверяемого факта пока нет; overlap_wind_change=0.521m/s>=0.5.
2026-02-23 02:00:00+00:00,2026-02-21 18:00:00+00:00,32.0,3.92,1.6,0.09204999999999999,0.16668213810749605,0.09204999999999999,baseline,turbine_1,2026-02-22 00:00:00+00:00,turbine_1: на 2026-02-22T00:00:00+00:00 проверяемого факта пока нет; overlap_wind_change=0.521m/s>=0.5.
2026-02-23 03:00:00+00:00,2026-02-21 18:00:00+00:00,33.0,4.32,3.8,0.12717222222222224,0.20476914734979756,0.12717222222222224,baseline,turbine_1,2026-02-22 00:00:00+00:00,turbine_1: на 2026-02-22T00:00:00+00:00 проверяемого факта пока нет; overlap_wind_change=0.521m/s>=0.5.
2026-02-23 04:00:00+00:00,2026-02-21 18:00:00+00:00,34.0,4.04,6.6,0.10251666666666667,0.1920409850999537,0.10251666666666667,baseline,turbine_1,2026-02-22 00:00:00+00:00,turbine_1: на 2026-02-22T00:00:00+00:00 проверяемого факта пока нет; overlap_wind_change=0.521m/s>=0.5.
2026-02-23 05:00:00+00:00,2026-02-21 18:00:00+00:00,35.0,4.22,8.3,0.11821666666666665,0.1955062396083578,0.11821666666666665,baseline,turbine_1,2026-02-22 00:00:00+00:00,turbine_1: на 2026-02-22T00:00:00+00:00 проверяемого факта пока нет; overlap_wind_change=0.521m/s>=0.5.
2026-02-23 06:00:00+00:00,2026-02-21 18:00:00+00:00,36.0,5.43,9.2,0.22642222222222222,0.27122146013669357,0.22642222222222222,baseline,turbine_1,2026-02-22 00:00:00+00:00,turbine_1: на 2026-02-22T00:00:00+00:00 проверяемого факта пока нет; overlap_wind_change=0.521m/s>=0.5.
2026-02-23 07:00:00+00:00,2026-02-21 18:00:00+00:00,37.0,6.09,9.5,0.3361111111111111,0.3966861589780354,0.3361111111111111,baseline,turbine_1,2026-02-22 00:00:00+00:00,turbine_1: на 2026-02-22T00:00:00+00:00 проверяемого факта пока нет; overlap_wind_change=0.521m/s>=0.5.
2026-02-23 08:00:00+00:00,2026-02-21 18:00:00+00:00,38.0,6.73,8.7,0.4682,0.6064334552543941,0.4682,baseline,turbine_1,2026-02-22 00:00:00+00:00,turbine_1: на 2026-02-22T00:00:00+00:00 проверяемого факта пока нет; overlap_wind_change=0.521m/s>=0.5.
2026-02-23 09:00:00+00:00,2026-02-21 18:00:00+00:00,39.0,7.39,8.1,0.6052444444444444,0.6414945394419211,0.6052444444444444,baseline,turbine_1,2026-02-22 00:00:00+00:00,turbine_1: на 2026-02-22T00:00:00+00:00 проверяемого факта пока нет; overlap_wind_change=0.521m/s>=0.5.
2026-02-23 10:00:00+00:00,2026-02-21 18:00:00+00:00,40.0,8.48,7.7,0.8087222222222223,0.7277179319352398,0.8087222222222223,baseline,turbine_1,2026-02-22 00:00:00+00:00,turbine_1: на 2026-02-22T00:00:00+00:00 проверяемого факта пока нет; overlap_wind_change=0.521m/s>=0.5.
2026-02-23 11:00:00+00:00,2026-02-21 18:00:00+00:00,41.0,8.81,6.3,0.8710222222222223,0.7072757404707668,0.8710222222222223,baseline,turbine_1,2026-02-22 00:00:00+00:00,turbine_1: на 2026-02-22T00:00:00+00:00 проверяемого факта пока нет; overlap_wind_change=0.521m/s>=0.5.
2026-02-23 12:00:00+00:00,2026-02-21 18:00:00+00:00,42.0,9.91,5.2,0.9811888888888889,0.738543790138727,0.9811888888888889,baseline,turbine_1,2026-02-22 00:00:00+00:00,turbine_1: на 2026-02-22T00:00:00+00:00 проверяемого факта пока нет; overlap_wind_change=0.521m/s>=0.5.
2026-02-23 13:00:00+00:00,2026-02-21 18:00:00+00:00,43.0,10.44,3.8,0.9831055555555555,0.7765099644688128,0.9831055555555555,baseline,turbine_1,2026-02-22 00:00:00+00:00,turbine_1: на 2026-02-22T00:00:00+00:00 проверяемого факта пока нет; overlap_wind_change=0.521m/s>=0.5.
2026-02-23 14:00:00+00:00,2026-02-21 18:00:00+00:00,44.0,10.74,2.5,0.9849388888888888,0.8224617786825431,0.9849388888888888,baseline,turbine_1,2026-02-22 00:00:00+00:00,turbine_1: на 2026-02-22T00:00:00+00:00 проверяемого факта пока нет; overlap_wind_change=0.521m/s>=0.5.
2026-02-23 15:00:00+00:00,2026-02-21 18:00:00+00:00,45.0,10.64,1.4,0.9843277777777777,0.9023181962527348,0.9843277777777777,baseline,turbine_1,2026-02-22 00:00:00+00:00,turbine_1: на 2026-02-22T00:00:00+00:00 проверяемого факта пока нет; overlap_wind_change=0.521m/s>=0.5.
2026-02-23 16:00:00+00:00,2026-02-21 18:00:00+00:00,46.0,10.69,0.7,0.9846333333333332,0.9403894080679397,0.9846333333333332,baseline,turbine_1,2026-02-22 00:00:00+00:00,turbine_1: на 2026-02-22T00:00:00+00:00 проверяемого факта пока нет; overlap_wind_change=0.521m/s>=0.5.
2026-02-23 17:00:00+00:00,2026-02-21 18:00:00+00:00,47.0,10.31,-0.9,0.982311111111111,0.9815079939360789,0.982311111111111,baseline,turbine_1,2026-02-22 00:00:00+00:00,turbine_1: на 2026-02-22T00:00:00+00:00 проверяемого факта пока нет; overlap_wind_change=0.521m/s>=0.5.
2026-02-23 18:00:00+00:00,2026-02-21 18:00:00+00:00,48.0,9.55,-2.0,0.9700555555555556,0.9698340205272219,0.9700555555555556,baseline,turbine_1,2026-02-22 00:00:00+00:00,turbine_1: на 2026-02-22T00:00:00+00:00 проверяемого факта пока нет; overlap_wind_change=0.521m/s>=0.5.
2026-02-23 19:00:00+00:00,2026-02-21 18:00:00+00:00,49.0,9.6,-2.5,0.97275,0.9510481795950099,0.97275,baseline,turbine_1,2026-02-22 00:00:00+00:00,turbine_1: на 2026-02-22T00:00:00+00:00 проверяемого факта пока нет; overlap_wind_change=0.521m/s>=0.5.
2026-02-23 20:00:00+00:00,2026-02-21 18:00:00+00:00,50.0,8.58,-2.4,0.8276111111111111,0.8114400010722764,0.8276111111111111,baseline,turbine_1,2026-02-22 00:00:00+00:00,turbine_1: на 2026-02-22T00:00:00+00:00 проверяемого факта пока нет; overlap_wind_change=0.521m/s>=0.5.
2026-02-23 21:00:00+00:00,2026-02-21 18:00:00+00:00,51.0,8.11,-2.4,0.7328444444444443,0.7043168117132391,0.7328444444444443,baseline,turbine_1,2026-02-22 00:00:00+00:00,turbine_1: на 2026-02-22T00:00:00+00:00 проверяемого факта пока нет; overlap_wind_change=0.521m/s>=0.5.
2026-02-23 22:00:00+00:00,2026-02-21 18:00:00+00:00,52.0,8.04,-2.5,0.7166277777777776,0.6835578306073695,0.7166277777777776,baseline,turbine_1,2026-02-22 00:00:00+00:00,turbine_1: на 2026-02-22T00:00:00+00:00 проверяемого факта пока нет; overlap_wind_change=0.521m/s>=0.5.
2026-02-23 23:00:00+00:00,2026-02-21 18:00:00+00:00,53.0,8.38,-2.6,0.7898333333333335,0.6571459235666259,0.7898333333333335,baseline,turbine_1,2026-02-22 00:00:00+00:00,turbine_1: на 2026-02-22T00:00:00+00:00 проверяемого факта пока нет; overlap_wind_change=0.521m/s>=0.5.
2026-02-24 00:00:00+00:00,2026-02-21 18:00:00+00:00,54.0,8.3,-2.5,0.7747222222222224,0.6482240589185797,0.7747222222222224,baseline,turbine_1,2026-02-22 00:00:00+00:00,turbine_1: на 2026-02-22T00:00:00+00:00 проверяемого факта пока нет; overlap_wind_change=0.521m/s>=0.5.
2026-02-22 01:00:00+00:00,2026-02-21 18:00:00+00:00,7.0,2.86,-1.0,0.02818888888888889,0.0,0.02818888888888889,baseline,turbine_2,2026-02-22 00:00:00+00:00,turbine_2: на 2026-02-22T00:00:00+00:00 проверяемого факта пока нет; overlap_wind_change=0.521m/s>=0.5.
2026-02-22 02:00:00+00:00,2026-02-21 18:00:00+00:00,8.0,3.46,-0.2,0.04967222222222222,0.0,0.04967222222222222,baseline,turbine_2,2026-02-22 00:00:00+00:00,turbine_2: на 2026-02-22T00:00:00+00:00 проверяемого факта пока нет; overlap_wind_change=0.521m/s>=0.5.
2026-02-22 03:00:00+00:00,2026-02-21 18:00:00+00:00,9.0,4.09,2.3,0.09428888888888888,0.08065217043121391,0.09428888888888888,baseline,turbine_2,2026-02-22 00:00:00+00:00,turbine_2: на 2026-02-22T00:00:00+00:00 проверяемого факта пока нет; overlap_wind_change=0.521m/s>=0.5.
2026-02-22 04:00:00+00:00,2026-02-21 18:00:00+00:00,10.0,6.05,5.2,0.32599999999999996,0.2211627390613037,0.32599999999999996,baseline,turbine_2,2026-02-22 00:00:00+00:00,turbine_2: на 2026-02-22T00:00:00+00:00 проверяемого факта пока нет; overlap_wind_change=0.521m/s>=0.5.
2026-02-22 05:00:00+00:00,2026-02-21 18:00:00+00:00,11.0,7.7,6.1,0.6451111111111111,0.5014992008531518,0.6451111111111111,baseline,turbine_2,2026-02-22 00:00:00+00:00,turbine_2: на 2026-02-22T00:00:00+00:00 проверяемого факта пока нет; overlap_wind_change=0.521m/s>=0.5.
2026-02-22 06:00:00+00:00,2026-02-21 18:00:00+00:00,12.0,9.12,7.4,0.9199499999999997,0.7302027153585924,0.9199499999999997,baseline,turbine_2,2026-02-22 00:00:00+00:00,turbine_2: на 2026-02-22T00:00:00+00:00 проверяемого факта пока нет; overlap_wind_change=0.521m/s>=0.5.
2026-02-22 07:00:00+00:00,2026-02-21 18:00:00+00:00,13.0,10.1,8.7,0.972111111111111,0.9451795216761046,0.972111111111111,baseline,turbine_2,2026-02-22 00:00:00+00:00,turbine_2: на 2026-02-22T00:00:00+00:00 проверяемого факта пока нет; overlap_wind_change=0.521m/s>=0.5.
2026-02-22 08:00:00+00:00,2026-02-21 18:00:00+00:00,14.0,10.1,9.8,0.972111111111111,0.9535931422669607,0.972111111111111,baseline,turbine_2,2026-02-22 00:00:00+00:00,turbine_2: на 2026-02-22T00:00:00+00:00 проверяемого факта пока нет; overlap_wind_change=0.521m/s>=0.5.
2026-02-22 09:00:00+00:00,2026-02-21 18:00:00+00:00,15.0,9.51,10.1,0.9571444444444444,0.9242529020778699,0.9571444444444444,baseline,turbine_2,2026-02-22 00:00:00+00:00,turbine_2: на 2026-02-22T00:00:00+00:00 проверяемого факта пока нет; overlap_wind_change=0.521m/s>=0.5.
2026-02-22 10:00:00+00:00,2026-02-21 18:00:00+00:00,16.0,8.47,10.2,0.8074444444444444,0.6453636057544685,0.8074444444444444,baseline,turbine_2,2026-02-22 00:00:00+00:00,turbine_2: на 2026-02-22T00:00:00+00:00 проверяемого факта пока нет; overlap_wind_change=0.521m/s>=0.5.
2026-02-22 11:00:00+00:00,2026-02-21 18:00:00+00:00,17.0,7.57,9.8,0.6295111111111111,0.6431923977171481,0.6295111111111111,baseline,turbine_2,2026-02-22 00:00:00+00:00,turbine_2: на 2026-02-22T00:00:00+00:00 проверяемого факта пока нет; overlap_wind_change=0.521m/s>=0.5.
2026-02-22 12:00:00+00:00,2026-02-21 18:00:00+00:00,18.0,7.39,7.8,0.607911111111111,0.6415577389949496,0.607911111111111,baseline,turbine_2,2026-02-22 00:00:00+00:00,turbine_2: на 2026-02-22T00:00:00+00:00 проверяемого факта пока нет; overlap_wind_change=0.521m/s>=0.5.
2026-02-22 13:00:00+00:00,2026-02-21 18:00:00+00:00,19.0,6.13,5.2,0.3438222222222222,0.42383378280732825,0.3438222222222222,baseline,turbine_2,2026-02-22 00:00:00+00:00,turbine_2: на 2026-02-22T00:00:00+00:00 проверяемого факта пока нет; overlap_wind_change=0.521m/s>=0.5.
2026-02-22 14:00:00+00:00,2026-02-21 18:00:00+00:00,20.0,4.54,2.8,0.1304388888888889,0.2934021555492171,0.1304388888888889,baseline,turbine_2,2026-02-22 00:00:00+00:00,turbine_2: на 2026-02-22T00:00:00+00:00 проверяемого факта пока нет; overlap_wind_change=0.521m/s>=0.5.
2026-02-22 15:00:00+00:00,2026-02-21 18:00:00+00:00,21.0,3.49,1.3,0.0516888888888889,0.19431304690208598,0.0516888888888889,baseline,turbine_2,2026-02-22 00:00:00+00:00,turbine_2: на 2026-02-22T00:00:00+00:00 проверяемого факта пока нет; overlap_wind_change=0.521m/s>=0.5.
2026-02-22 16:00:00+00:00,2026-02-21 18:00:00+00:00,22.0,3.14,0.6,0.03347777777777778,0.1297019099882562,0.03347777777777778,baseline,turbine_2,2026-02-22 00:00:00+00:00,turbine_2: на 2026-02-22T00:00:00+00:00 проверяемого факта пока нет; overlap_wind_change=0.521m/s>=0.5.
2026-02-22 17:00:00+00:00,2026-02-21 18:00:00+00:00,23.0,2.67,0.6,0.02531111111111111,0.10992311634961634,0.02531111111111111,baseline,turbine_2,2026-02-22 00:00:00+00:00,turbine_2: на 2026-02-22T00:00:00+00:00 проверяемого факта пока нет; overlap_wind_change=0.521m/s>=0.5.
2026-02-22 18:00:00+00:00,2026-02-21 18:00:00+00:00,24.0,1.96,0.4,0.017888888888888888,0.11711147552688109,0.017888888888888888,baseline,turbine_2,2026-02-22 00:00:00+00:00,turbine_2: на 2026-02-22T00:00:00+00:00 проверяемого факта пока нет; overlap_wind_change=0.521m/s>=0.5.
2026-02-22 19:00:00+00:00,2026-02-21 18:00:00+00:00,25.0,2.03,0.0,0.018666666666666665,0.10171858496438649,0.018666666666666665,baseline,turbine_2,2026-02-22 00:00:00+00:00,turbine_2: на 2026-02-22T00:00:00+00:00 проверяемого факта пока нет; overlap_wind_change=0.521m/s>=0.5.
2026-02-22 20:00:00+00:00,2026-02-21 18:00:00+00:00,26.0,1.57,0.4,0.014955555555555554,0.10889482851253839,0.014955555555555554,baseline,turbine_2,2026-02-22 00:00:00+00:00,turbine_2: на 2026-02-22T00:00:00+00:00 проверяемого факта пока нет; overlap_wind_change=0.521m/s>=0.5.
2026-02-22 21:00:00+00:00,2026-02-21 18:00:00+00:00,27.0,1.45,1.4,0.014555555555555554,0.09761639017372523,0.014555555555555554,baseline,turbine_2,2026-02-22 00:00:00+00:00,turbine_2: на 2026-02-22T00:00:00+00:00 проверяемого факта пока нет; overlap_wind_change=0.521m/s>=0.5.
2026-02-22 22:00:00+00:00,2026-02-21 18:00:00+00:00,28.0,2.01,2.3,0.01844444444444444,0.11590436584377276,0.01844444444444444,baseline,turbine_2,2026-02-22 00:00:00+00:00,turbine_2: на 2026-02-22T00:00:00+00:00 проверяемого факта пока нет; overlap_wind_change=0.521m/s>=0.5.
2026-02-22 23:00:00+00:00,2026-02-21 18:00:00+00:00,29.0,1.25,2.9,0.013888888888888888,0.0918944568420527,0.013888888888888888,baseline,turbine_2,2026-02-22 00:00:00+00:00,turbine_2: на 2026-02-22T00:00:00+00:00 проверяемого факта пока нет; overlap_wind_change=0.521m/s>=0.5.
2026-02-23 00:00:00+00:00,2026-02-21 18:00:00+00:00,30.0,0.89,2.9,0.01108888888888889,0.0556743687893239,0.01108888888888889,baseline,turbine_2,2026-02-22 00:00:00+00:00,turbine_2: на 2026-02-22T00:00:00+00:00 проверяемого факта пока нет; overlap_wind_change=0.521m/s>=0.5.
2026-02-23 01:00:00+00:00,2026-02-21 18:00:00+00:00,31.0,2.02,2.2,0.018555555555555554,0.09683940961853864,0.018555555555555554,baseline,turbine_2,2026-02-22 00:00:00+00:00,turbine_2: на 2026-02-22T00:00:00+00:00 проверяемого факта пока нет; overlap_wind_change=0.521m/s>=0.5.
2026-02-23 02:00:00+00:00,2026-02-21 18:00:00+00:00,32.0,3.92,1.6,0.08172777777777777,0.1872091416724789,0.08172777777777777,baseline,turbine_2,2026-02-22 00:00:00+00:00,turbine_2: на 2026-02-22T00:00:00+00:00 проверяемого факта пока нет; overlap_wind_change=0.521m/s>=0.5.
2026-02-23 03:00:00+00:00,2026-02-21 18:00:00+00:00,33.0,4.32,3.8,0.11198333333333337,0.2643373784035342,0.11198333333333337,baseline,turbine_2,2026-02-22 00:00:00+00:00,turbine_2: на 2026-02-22T00:00:00+00:00 проверяемого факта пока нет; overlap_wind_change=0.521m/s>=0.5.
2026-02-23 04:00:00+00:00,2026-02-21 18:00:00+00:00,34.0,4.04,6.6,0.09059444444444445,0.20958540119385474,0.09059444444444445,baseline,turbine_2,2026-02-22 00:00:00+00:00,turbine_2: на 2026-02-22T00:00:00+00:00 проверяемого факта пока нет; overlap_wind_change=0.521m/s>=0.5.
2026-02-23 05:00:00+00:00,2026-02-21 18:00:00+00:00,35.0,4.22,8.3,0.10389444444444443,0.23989833453268966,0.10389444444444443,baseline,turbine_2,2026-02-22 00:00:00+00:00,turbine_2: на 2026-02-22T00:00:00+00:00 проверяемого факта пока нет; overlap_wind_change=0.521m/s>=0.5.
2026-02-23 06:00:00+00:00,2026-02-21 18:00:00+00:00,36.0,5.43,9.2,0.2156111111111111,0.3326190983104865,0.2156111111111111,baseline,turbine_2,2026-02-22 00:00:00+00:00,turbine_2: на 2026-02-22T00:00:00+00:00 проверяемого факта пока нет; overlap_wind_change=0.521m/s>=0.5.
2026-02-23 07:00:00+00:00,2026-02-21 18:00:00+00:00,37.0,6.09,9.5,0.33491111111111105,0.47343802886940656,0.33491111111111105,baseline,turbine_2,2026-02-22 00:00:00+00:00,turbine_2: на 2026-02-22T00:00:00+00:00 проверяемого факта пока нет; overlap_wind_change=0.521m/s>=0.5.
2026-02-23 08:00:00+00:00,2026-02-21 18:00:00+00:00,38.0,6.73,8.7,0.45855555555555555,0.6846409713573457,0.45855555555555555,baseline,turbine_2,2026-02-22 00:00:00+00:00,turbine_2: на 2026-02-22T00:00:00+00:00 проверяемого факта пока нет; overlap_wind_change=0.521m/s>=0.5.
2026-02-23 09:00:00+00:00,2026-02-21 18:00:00+00:00,39.0,7.39,8.1,0.607911111111111,0.6822287555738237,0.607911111111111,baseline,turbine_2,2026-02-22 00:00:00+00:00,turbine_2: на 2026-02-22T00:00:00+00:00 проверяемого факта пока нет; overlap_wind_change=0.521m/s>=0.5.
2026-02-23 10:00:00+00:00,2026-02-21 18:00:00+00:00,40.0,8.48,7.7,0.8089444444444444,0.8110270384605851,0.8089444444444444,baseline,turbine_2,2026-02-22 00:00:00+00:00,turbine_2: на 2026-02-22T00:00:00+00:00 проверяемого факта пока нет; overlap_wind_change=0.521m/s>=0.5.
2026-02-23 11:00:00+00:00,2026-02-21 18:00:00+00:00,41.0,8.81,6.3,0.8608777777777777,0.8210050249071021,0.8608777777777777,baseline,turbine_2,2026-02-22 00:00:00+00:00,turbine_2: на 2026-02-22T00:00:00+00:00 проверяемого факта пока нет; overlap_wind_change=0.521m/s>=0.5.
2026-02-23 12:00:00+00:00,2026-02-21 18:00:00+00:00,42.0,9.91,5.2,0.9702111111111111,0.8596256812622526,0.9702111111111111,baseline,turbine_2,2026-02-22 00:00:00+00:00,turbine_2: на 2026-02-22T00:00:00+00:00 проверяемого факта пока нет; overlap_wind_change=0.521m/s>=0.5.
2026-02-23 13:00:00+00:00,2026-02-21 18:00:00+00:00,43.0,10.44,3.8,0.9744555555555555,0.9347388592863396,0.9744555555555555,baseline,turbine_2,2026-02-22 00:00:00+00:00,turbine_2: на 2026-02-22T00:00:00+00:00 проверяемого факта пока нет; overlap_wind_change=0.521m/s>=0.5.
2026-02-23 14:00:00+00:00,2026-02-21 18:00:00+00:00,44.0,10.74,2.5,0.9757888888888888,0.9451106262065859,0.9757888888888888,baseline,turbine_2,2026-02-22 00:00:00+00:00,turbine_2: на 2026-02-22T00:00:00+00:00 проверяемого факта пока нет; overlap_wind_change=0.521m/s>=0.5.
2026-02-23 15:00:00+00:00,2026-02-21 18:00:00+00:00,45.0,10.64,1.4,0.9753444444444443,1.0,0.9753444444444443,baseline,turbine_2,2026-02-22 00:00:00+00:00,turbine_2: на 2026-02-22T00:00:00+00:00 проверяемого факта пока нет; overlap_wind_change=0.521m/s>=0.5.
2026-02-23 16:00:00+00:00,2026-02-21 18:00:00+00:00,46.0,10.69,0.7,0.9755666666666666,0.991130820696154,0.9755666666666666,baseline,turbine_2,2026-02-22 00:00:00+00:00,turbine_2: на 2026-02-22T00:00:00+00:00 проверяемого факта пока нет; overlap_wind_change=0.521m/s>=0.5.
2026-02-23 17:00:00+00:00,2026-02-21 18:00:00+00:00,47.0,10.31,-0.9,0.9738777777777777,1.0,0.9738777777777777,baseline,turbine_2,2026-02-22 00:00:00+00:00,turbine_2: на 2026-02-22T00:00:00+00:00 проверяемого факта пока нет; overlap_wind_change=0.521m/s>=0.5.
2026-02-23 18:00:00+00:00,2026-02-21 18:00:00+00:00,48.0,9.55,-2.0,0.9590555555555556,1.0,0.9590555555555556,baseline,turbine_2,2026-02-22 00:00:00+00:00,turbine_2: на 2026-02-22T00:00:00+00:00 проверяемого факта пока нет; overlap_wind_change=0.521m/s>=0.5.
2026-02-23 19:00:00+00:00,2026-02-21 18:00:00+00:00,49.0,9.6,-2.5,0.9614444444444444,1.0,0.9614444444444444,baseline,turbine_2,2026-02-22 00:00:00+00:00,turbine_2: на 2026-02-22T00:00:00+00:00 проверяемого факта пока нет; overlap_wind_change=0.521m/s>=0.5.
2026-02-23 20:00:00+00:00,2026-02-21 18:00:00+00:00,50.0,8.58,-2.4,0.8239444444444444,0.8188797039777638,0.8239444444444444,baseline,turbine_2,2026-02-22 00:00:00+00:00,turbine_2: на 2026-02-22T00:00:00+00:00 проверяемого факта пока нет; overlap_wind_change=0.521m/s>=0.5.
2026-02-23 21:00:00+00:00,2026-02-21 18:00:00+00:00,51.0,8.11,-2.4,0.7399111111111109,0.6669155528059936,0.7399111111111109,baseline,turbine_2,2026-02-22 00:00:00+00:00,turbine_2: на 2026-02-22T00:00:00+00:00 проверяемого факта пока нет; overlap_wind_change=0.521m/s>=0.5.
2026-02-23 22:00:00+00:00,2026-02-21 18:00:00+00:00,52.0,8.04,-2.5,0.7226444444444441,0.6750136131952519,0.7226444444444441,baseline,turbine_2,2026-02-22 00:00:00+00:00,turbine_2: на 2026-02-22T00:00:00+00:00 проверяемого факта пока нет; overlap_wind_change=0.521m/s>=0.5.
2026-02-23 23:00:00+00:00,2026-02-21 18:00:00+00:00,53.0,8.38,-2.6,0.7939444444444445,0.6631844105157402,0.7939444444444445,baseline,turbine_2,2026-02-22 00:00:00+00:00,turbine_2: на 2026-02-22T00:00:00+00:00 проверяемого факта пока нет; overlap_wind_change=0.521m/s>=0.5.
2026-02-24 00:00:00+00:00,2026-02-21 18:00:00+00:00,54.0,8.3,-2.5,0.7819444444444443,0.6768332835090615,0.7819444444444443,baseline,turbine_2,2026-02-22 00:00:00+00:00,turbine_2: на 2026-02-22T00:00:00+00:00 проверяемого факта пока нет; overlap_wind_change=0.521m/s>=0.5.
2026-02-23 01:00:00+00:00,2026-02-22 18:00:00+00:00,7.0,4.72,2.0,0.16339444444444443,0.06984418420316484,0.16339444444444443,baseline,turbine_1,2026-02-23 00:00:00+00:00,turbine_1: на 2026-02-23T00:00:00+00:00 проверяемого факта пока нет; overlap_wind_change=1.185m/s>=0.5.
2026-02-23 02:00:00+00:00,2026-02-22 18:00:00+00:00,8.0,5.78,2.1,0.2672222222222223,0.2200433737845131,0.2672222222222223,baseline,turbine_1,2026-02-23 00:00:00+00:00,turbine_1: на 2026-02-23T00:00:00+00:00 проверяемого факта пока нет; overlap_wind_change=1.185m/s>=0.5.
2026-02-23 03:00:00+00:00,2026-02-22 18:00:00+00:00,9.0,6.19,4.7,0.3583333333333334,0.20501639032283733,0.3583333333333334,baseline,turbine_1,2026-02-23 00:00:00+00:00,turbine_1: на 2026-02-23T00:00:00+00:00 проверяемого факта пока нет; overlap_wind_change=1.185m/s>=0.5.
2026-02-23 04:00:00+00:00,2026-02-22 18:00:00+00:00,10.0,5.85,6.7,0.28277777777777774,0.22848168713727304,0.28277777777777774,baseline,turbine_1,2026-02-23 00:00:00+00:00,turbine_1: на 2026-02-23T00:00:00+00:00 проверяемого факта пока нет; overlap_wind_change=1.185m/s>=0.5.
2026-02-23 05:00:00+00:00,2026-02-22 18:00:00+00:00,11.0,5.14,7.0,0.19817777777777776,0.1477968501658384,0.19817777777777776,baseline,turbine_1,2026-02-23 00:00:00+00:00,turbine_1: на 2026-02-23T00:00:00+00:00 проверяемого факта пока нет; overlap_wind_change=1.185m/s>=0.5.
2026-02-23 06:00:00+00:00,2026-02-22 18:00:00+00:00,12.0,5.33,7.0,0.21575555555555556,0.14049116667480088,0.21575555555555556,baseline,turbine_1,2026-02-23 00:00:00+00:00,turbine_1: на 2026-02-23T00:00:00+00:00 проверяемого факта пока нет; overlap_wind_change=1.185m/s>=0.5.
2026-02-23 07:00:00+00:00,2026-02-22 18:00:00+00:00,13.0,6.42,6.4,0.4058555555555555,0.5132065944266894,0.4058555555555555,baseline,turbine_1,2026-02-23 00:00:00+00:00,turbine_1: на 2026-02-23T00:00:00+00:00 проверяемого факта пока нет; overlap_wind_change=1.185m/s>=0.5.
2026-02-23 08:00:00+00:00,2026-02-22 18:00:00+00:00,14.0,6.23,6.2,0.3672222222222223,0.4681623073826948,0.3672222222222223,baseline,turbine_1,2026-02-23 00:00:00+00:00,turbine_1: на 2026-02-23T00:00:00+00:00 проверяемого факта пока нет; overlap_wind_change=1.185m/s>=0.5.
2026-02-23 09:00:00+00:00,2026-02-22 18:00:00+00:00,15.0,6.05,5.8,0.3272222222222222,0.3990640677537133,0.3272222222222222,baseline,turbine_1,2026-02-23 00:00:00+00:00,turbine_1: на 2026-02-23T00:00:00+00:00 проверяемого факта пока нет; overlap_wind_change=1.185m/s>=0.5.
2026-02-23 10:00:00+00:00,2026-02-22 18:00:00+00:00,16.0,6.27,5.7,0.3756888888888888,0.4734406228250425,0.3756888888888888,baseline,turbine_1,2026-02-23 00:00:00+00:00,turbine_1: на 2026-02-23T00:00:00+00:00 проверяемого факта пока нет; overlap_wind_change=1.185m/s>=0.5.
2026-02-23 11:00:00+00:00,2026-02-22 18:00:00+00:00,17.0,7.21,5.4,0.5787888888888889,0.5176040588161259,0.5787888888888889,baseline,turbine_1,2026-02-23 00:00:00+00:00,turbine_1: на 2026-02-23T00:00:00+00:00 проверяемого факта пока нет; overlap_wind_change=1.185m/s>=0.5.
2026-02-23 12:00:00+00:00,2026-02-22 18:00:00+00:00,18.0,6.65,4.9,0.45211111111111113,0.5539661830775037,0.45211111111111113,baseline,turbine_1,2026-02-23 00:00:00+00:00,turbine_1: на 2026-02-23T00:00:00+00:00 проверяемого факта пока нет; overlap_wind_change=1.185m/s>=0.5.
2026-02-23 13:00:00+00:00,2026-02-22 18:00:00+00:00,19.0,6.76,4.2,0.4745388888888888,0.5841082924234763,0.4745388888888888,baseline,turbine_1,2026-02-23 00:00:00+00:00,turbine_1: на 2026-02-23T00:00:00+00:00 проверяемого факта пока нет; overlap_wind_change=1.185m/s>=0.5.
2026-02-23 14:00:00+00:00,2026-02-22 18:00:00+00:00,20.0,8.99,3.6,0.9049222222222222,0.720911675797929,0.9049222222222222,baseline,turbine_1,2026-02-23 00:00:00+00:00,turbine_1: на 2026-02-23T00:00:00+00:00 проверяемого факта пока нет; overlap_wind_change=1.185m/s>=0.5.
2026-02-23 15:00:00+00:00,2026-02-22 18:00:00+00:00,21.0,9.85,2.7,0.9810555555555556,0.8272850659445272,0.9810555555555556,baseline,turbine_1,2026-02-23 00:00:00+00:00,turbine_1: на 2026-02-23T00:00:00+00:00 проверяемого факта пока нет; overlap_wind_change=1.185m/s>=0.5.
2026-02-23 16:00:00+00:00,2026-02-22 18:00:00+00:00,22.0,10.42,1.7,0.9829833333333332,0.9030448811278802,0.9829833333333332,baseline,turbine_1,2026-02-23 00:00:00+00:00,turbine_1: на 2026-02-23T00:00:00+00:00 проверяемого факта пока нет; overlap_wind_change=1.185m/s>=0.5.
2026-02-23 17:00:00+00:00,2026-02-22 18:00:00+00:00,23.0,10.44,0.7,0.9831055555555555,0.9403879234168712,0.9831055555555555,baseline,turbine_1,2026-02-23 00:00:00+00:00,turbine_1: на 2026-02-23T00:00:00+00:00 проверяемого факта пока нет; overlap_wind_change=1.185m/s>=0.5.
2026-02-23 18:00:00+00:00,2026-02-22 18:00:00+00:00,24.0,10.38,-0.3,0.9827388888888888,0.9848008427507772,0.9827388888888888,baseline,turbine_1,2026-02-23 00:00:00+00:00,turbine_1: на 2026-02-23T00:00:00+00:00 проверяемого факта пока нет; overlap_wind_change=1.185m/s>=0.5.
2026-02-23 19:00:00+00:00,2026-02-22 18:00:00+00:00,25.0,9.95,-1.3,0.9812777777777778,0.9730400522982547,0.9812777777777778,baseline,turbine_1,2026-02-23 00:00:00+00:00,turbine_1: на 2026-02-23T00:00:00+00:00 проверяемого факта пока нет; overlap_wind_change=1.185m/s>=0.5.
2026-02-23 20:00:00+00:00,2026-02-22 18:00:00+00:00,26.0,9.1,-2.0,0.9256388888888888,0.8985814957950572,0.9256388888888888,baseline,turbine_1,2026-02-23 00:00:00+00:00,turbine_1: на 2026-02-23T00:00:00+00:00 проверяемого факта пока нет; overlap_wind_change=1.185m/s>=0.5.
2026-02-23 21:00:00+00:00,2026-02-22 18:00:00+00:00,27.0,8.43,-2.4,0.7992777777777778,0.7768494814279537,0.7992777777777778,baseline,turbine_1,2026-02-23 00:00:00+00:00,turbine_1: на 2026-02-23T00:00:00+00:00 проверяемого факта пока нет; overlap_wind_change=1.185m/s>=0.5.
2026-02-23 22:00:00+00:00,2026-02-22 18:00:00+00:00,28.0,8.03,-2.6,0.714311111111111,0.6835578306073695,0.714311111111111,baseline,turbine_1,2026-02-23 00:00:00+00:00,turbine_1: на 2026-02-23T00:00:00+00:00 проверяемого факта пока нет; overlap_wind_change=1.185m/s>=0.5.
2026-02-23 23:00:00+00:00,2026-02-22 18:00:00+00:00,29.0,7.89,-2.8,0.6818777777777777,0.6524701168040137,0.6818777777777777,baseline,turbine_1,2026-02-23 00:00:00+00:00,turbine_1: на 2026-02-23T00:00:00+00:00 проверяемого факта пока нет; overlap_wind_change=1.185m/s>=0.5.
2026-02-24 00:00:00+00:00,2026-02-22 18:00:00+00:00,30.0,7.49,-2.9,0.6175222222222222,0.6249614105306828,0.6175222222222222,baseline,turbine_1,2026-02-23 00:00:00+00:00,turbine_1: на 2026-02-23T00:00:00+00:00 проверяемого факта пока нет; overlap_wind_change=1.185m/s>=0.5.
2026-02-24 01:00:00+00:00,2026-02-22 18:00:00+00:00,31.0,7.23,-2.8,0.5834222222222223,0.6175094225269934,0.5834222222222223,baseline,turbine_1,2026-02-23 00:00:00+00:00,turbine_1: на 2026-02-23T00:00:00+00:00 проверяемого факта пока нет; overlap_wind_change=1.185m/s>=0.5.
2026-02-24 02:00:00+00:00,2026-02-22 18:00:00+00:00,32.0,6.77,-2.8,0.47685555555555537,0.6159988685926693,0.47685555555555537,baseline,turbine_1,2026-02-23 00:00:00+00:00,turbine_1: на 2026-02-23T00:00:00+00:00 проверяемого факта пока нет; overlap_wind_change=1.185m/s>=0.5.
2026-02-24 03:00:00+00:00,2026-02-22 18:00:00+00:00,33.0,6.69,-2.4,0.4601555555555556,0.6368881593128924,0.4601555555555556,baseline,turbine_1,2026-02-23 00:00:00+00:00,turbine_1: на 2026-02-23T00:00:00+00:00 проверяемого факта пока нет; overlap_wind_change=1.185m/s>=0.5.
2026-02-24 04:00:00+00:00,2026-02-22 18:00:00+00:00,34.0,7.16,-2.0,0.5672055555555556,0.6608357653131823,0.5672055555555556,baseline,turbine_1,2026-02-23 00:00:00+00:00,turbine_1: на 2026-02-23T00:00:00+00:00 проверяемого факта пока нет; overlap_wind_change=1.185m/s>=0.5.
2026-02-24 05:00:00+00:00,2026-02-22 18:00:00+00:00,35.0,7.29,-1.3,0.5929666666666666,0.678391423580313,0.5929666666666666,baseline,turbine_1,2026-02-23 00:00:00+00:00,turbine_1: на 2026-02-23T00:00:00+00:00 проверяемого факта пока нет; overlap_wind_change=1.185m/s>=0.5.
2026-02-24 06:00:00+00:00,2026-02-22 18:00:00+00:00,36.0,7.38,-0.7,0.6040166666666666,0.6902724453527502,0.6040166666666666,baseline,turbine_1,2026-02-23 00:00:00+00:00,turbine_1: на 2026-02-23T00:00:00+00:00 проверяемого факта пока нет; overlap_wind_change=1.185m/s>=0.5.
2026-02-24 07:00:00+00:00,2026-02-22 18:00:00+00:00,37.0,7.3,-0.1,0.5941944444444445,0.7507410379089962,0.5941944444444445,baseline,turbine_1,2026-02-23 00:00:00+00:00,turbine_1: на 2026-02-23T00:00:00+00:00 проверяемого факта пока нет; overlap_wind_change=1.185m/s>=0.5.
2026-02-24 08:00:00+00:00,2026-02-22 18:00:00+00:00,38.0,7.18,0.5,0.5718388888888888,0.6872630081990324,0.5718388888888888,baseline,turbine_1,2026-02-23 00:00:00+00:00,turbine_1: на 2026-02-23T00:00:00+00:00 проверяемого факта пока нет; overlap_wind_change=1.185m/s>=0.5.
2026-02-24 09:00:00+00:00,2026-02-22 18:00:00+00:00,39.0,7.14,1.0,0.5625722222222221,0.6798842260216406,0.5625722222222221,baseline,turbine_1,2026-02-23 00:00:00+00:00,turbine_1: на 2026-02-23T00:00:00+00:00 проверяемого факта пока нет; overlap_wind_change=1.185m/s>=0.5.
2026-02-24 10:00:00+00:00,2026-02-22 18:00:00+00:00,40.0,6.6,0.9,0.4420555555555554,0.6803728637335357,0.4420555555555554,baseline,turbine_1,2026-02-23 00:00:00+00:00,turbine_1: на 2026-02-23T00:00:00+00:00 проверяемого факта пока нет; overlap_wind_change=1.185m/s>=0.5.
2026-02-24 11:00:00+00:00,2026-02-22 18:00:00+00:00,41.0,5.58,0.6,0.24242222222222226,0.3717657076672455,0.24242222222222226,baseline,turbine_1,2026-02-23 00:00:00+00:00,turbine_1: на 2026-02-23T00:00:00+00:00 проверяемого факта пока нет; overlap_wind_change=1.185m/s>=0.5.
2026-02-24 12:00:00+00:00,2026-02-22 18:00:00+00:00,42.0,5.12,-0.1,0.19653333333333334,0.3423241266256182,0.19653333333333334,baseline,turbine_1,2026-02-23 00:00:00+00:00,turbine_1: на 2026-02-23T00:00:00+00:00 проверяемого факта пока нет; overlap_wind_change=1.185m/s>=0.5.
2026-02-24 13:00:00+00:00,2026-02-22 18:00:00+00:00,43.0,4.41,-1.8,0.13532222222222223,0.20868733109850782,0.13532222222222223,baseline,turbine_1,2026-02-23 00:00:00+00:00,turbine_1: на 2026-02-23T00:00:00+00:00 проверяемого факта пока нет; overlap_wind_change=1.185m/s>=0.5.
2026-02-24 14:00:00+00:00,2026-02-22 18:00:00+00:00,44.0,3.92,-2.4,0.09204999999999999,0.18877819490579886,0.09204999999999999,baseline,turbine_1,2026-02-23 00:00:00+00:00,turbine_1: на 2026-02-23T00:00:00+00:00 проверяемого факта пока нет; overlap_wind_change=1.185m/s>=0.5.
2026-02-24 15:00:00+00:00,2026-02-22 18:00:00+00:00,45.0,2.9,-2.2,0.035111111111111114,0.0991580011614423,0.035111111111111114,baseline,turbine_1,2026-02-23 00:00:00+00:00,turbine_1: на 2026-02-23T00:00:00+00:00 проверяемого факта пока нет; overlap_wind_change=1.185m/s>=0.5.
2026-02-24 16:00:00+00:00,2026-02-22 18:00:00+00:00,46.0,1.6,-2.3,0.01577777777777778,0.08459292339877338,0.01577777777777778,baseline,turbine_1,2026-02-23 00:00:00+00:00,turbine_1: на 2026-02-23T00:00:00+00:00 проверяемого факта пока нет; overlap_wind_change=1.185m/s>=0.5.
2026-02-24 17:00:00+00:00,2026-02-22 18:00:00+00:00,47.0,2.34,-3.4,0.02511111111111111,0.11301817646660584,0.02511111111111111,baseline,turbine_1,2026-02-23 00:00:00+00:00,turbine_1: на 2026-02-23T00:00:00+00:00 проверяемого факта пока нет; overlap_wind_change=1.185m/s>=0.5.
2026-02-24 18:00:00+00:00,2026-02-22 18:00:00+00:00,48.0,2.17,-4.1,0.02241111111111111,0.1137088955384749,0.02241111111111111,baseline,turbine_1,2026-02-23 00:00:00+00:00,turbine_1: на 2026-02-23T00:00:00+00:00 проверяемого факта пока нет; overlap_wind_change=1.185m/s>=0.5.
2026-02-24 19:00:00+00:00,2026-02-22 18:00:00+00:00,49.0,1.82,-4.3,0.017161111111111113,0.11189693812325294,0.017161111111111113,baseline,turbine_1,2026-02-23 00:00:00+00:00,turbine_1: на 2026-02-23T00:00:00+00:00 проверяемого факта пока нет; overlap_wind_change=1.185m/s>=0.5.
2026-02-24 20:00:00+00:00,2026-02-22 18:00:00+00:00,50.0,2.8,-4.1,0.033,0.11803605147818126,0.033,baseline,turbine_1,2026-02-23 00:00:00+00:00,turbine_1: на 2026-02-23T00:00:00+00:00 проверяемого факта пока нет; overlap_wind_change=1.185m/s>=0.5.
2026-02-24 21:00:00+00:00,2026-02-22 18:00:00+00:00,51.0,3.84,-4.4,0.0850722222222222,0.1553355192062192,0.0850722222222222,baseline,turbine_1,2026-02-23 00:00:00+00:00,turbine_1: на 2026-02-23T00:00:00+00:00 проверяемого факта пока нет; overlap_wind_change=1.185m/s>=0.5.
2026-02-24 22:00:00+00:00,2026-02-22 18:00:00+00:00,52.0,4.87,-4.4,0.1759777777777778,0.3080619104873233,0.1759777777777778,baseline,turbine_1,2026-02-23 00:00:00+00:00,turbine_1: на 2026-02-23T00:00:00+00:00 проверяемого факта пока нет; overlap_wind_change=1.185m/s>=0.5.
2026-02-24 23:00:00+00:00,2026-02-22 18:00:00+00:00,53.0,5.42,-3.9,0.22535555555555556,0.3246642458824569,0.22535555555555556,baseline,turbine_1,2026-02-23 00:00:00+00:00,turbine_1: на 2026-02-23T00:00:00+00:00 проверяемого факта пока нет; overlap_wind_change=1.185m/s>=0.5.
2026-02-25 00:00:00+00:00,2026-02-22 18:00:00+00:00,54.0,6.17,-3.7,0.35388888888888886,0.46048690151414845,0.35388888888888886,baseline,turbine_1,2026-02-23 00:00:00+00:00,turbine_1: на 2026-02-23T00:00:00+00:00 проверяемого факта пока нет; overlap_wind_change=1.185m/s>=0.5.
2026-02-23 01:00:00+00:00,2026-02-22 18:00:00+00:00,7.0,4.72,2.0,0.14553888888888888,0.09537962526745353,0.14553888888888888,baseline,turbine_2,2026-02-23 00:00:00+00:00,turbine_2: на 2026-02-23T00:00:00+00:00 проверяемого факта пока нет; overlap_wind_change=1.185m/s>=0.5.
2026-02-23 02:00:00+00:00,2026-02-22 18:00:00+00:00,8.0,5.78,2.1,0.2658500000000001,0.2561587761266025,0.2658500000000001,baseline,turbine_2,2026-02-23 00:00:00+00:00,turbine_2: на 2026-02-23T00:00:00+00:00 проверяемого факта пока нет; overlap_wind_change=1.185m/s>=0.5.
2026-02-23 03:00:00+00:00,2026-02-22 18:00:00+00:00,9.0,6.19,4.7,0.35718888888888894,0.2211627390613037,0.35718888888888894,baseline,turbine_2,2026-02-23 00:00:00+00:00,turbine_2: на 2026-02-23T00:00:00+00:00 проверяемого факта пока нет; overlap_wind_change=1.185m/s>=0.5.
2026-02-23 04:00:00+00:00,2026-02-22 18:00:00+00:00,10.0,5.85,6.7,0.2814444444444444,0.2766448038056891,0.2814444444444444,baseline,turbine_2,2026-02-23 00:00:00+00:00,turbine_2: на 2026-02-23T00:00:00+00:00 проверяемого факта пока нет; overlap_wind_change=1.185m/s>=0.5.
2026-02-23 05:00:00+00:00,2026-02-22 18:00:00+00:00,11.0,5.14,7.0,0.18163888888888885,0.1941794873809991,0.18163888888888885,baseline,turbine_2,2026-02-23 00:00:00+00:00,turbine_2: на 2026-02-23T00:00:00+00:00 проверяемого факта пока нет; overlap_wind_change=1.185m/s>=0.5.
2026-02-23 06:00:00+00:00,2026-02-22 18:00:00+00:00,12.0,5.33,7.0,0.202,0.19703112066452025,0.202,baseline,turbine_2,2026-02-23 00:00:00+00:00,turbine_2: на 2026-02-23T00:00:00+00:00 проверяемого факта пока нет; overlap_wind_change=1.185m/s>=0.5.
2026-02-23 07:00:00+00:00,2026-02-22 18:00:00+00:00,13.0,6.42,6.4,0.40172222222222215,0.6268792214587765,0.40172222222222215,baseline,turbine_2,2026-02-23 00:00:00+00:00,turbine_2: на 2026-02-23T00:00:00+00:00 проверяемого факта пока нет; overlap_wind_change=1.185m/s>=0.5.
2026-02-23 08:00:00+00:00,2026-02-22 18:00:00+00:00,14.0,6.23,6.2,0.3661000000000001,0.5805877905385918,0.3661000000000001,baseline,turbine_2,2026-02-23 00:00:00+00:00,turbine_2: на 2026-02-23T00:00:00+00:00 проверяемого факта пока нет; overlap_wind_change=1.185m/s>=0.5.
2026-02-23 09:00:00+00:00,2026-02-22 18:00:00+00:00,15.0,6.05,5.8,0.32599999999999996,0.48723326318825544,0.32599999999999996,baseline,turbine_2,2026-02-23 00:00:00+00:00,turbine_2: на 2026-02-23T00:00:00+00:00 проверяемого факта пока нет; overlap_wind_change=1.185m/s>=0.5.
2026-02-23 10:00:00+00:00,2026-02-22 18:00:00+00:00,16.0,6.27,5.7,0.3742222222222221,0.567007259619383,0.3742222222222221,baseline,turbine_2,2026-02-23 00:00:00+00:00,turbine_2: на 2026-02-23T00:00:00+00:00 проверяемого факта пока нет; overlap_wind_change=1.185m/s>=0.5.
2026-02-23 11:00:00+00:00,2026-02-22 18:00:00+00:00,17.0,7.21,5.4,0.5807999999999999,0.6335601198729057,0.5807999999999999,baseline,turbine_2,2026-02-23 00:00:00+00:00,turbine_2: на 2026-02-23T00:00:00+00:00 проверяемого факта пока нет; overlap_wind_change=1.185m/s>=0.5.
2026-02-23 12:00:00+00:00,2026-02-22 18:00:00+00:00,18.0,6.65,4.9,0.4438888888888889,0.5895761234515049,0.4438888888888889,baseline,turbine_2,2026-02-23 00:00:00+00:00,turbine_2: на 2026-02-23T00:00:00+00:00 проверяемого факта пока нет; overlap_wind_change=1.185m/s>=0.5.
2026-02-23 13:00:00+00:00,2026-02-22 18:00:00+00:00,19.0,6.76,4.2,0.4647999999999999,0.618963211622172,0.4647999999999999,baseline,turbine_2,2026-02-23 00:00:00+00:00,turbine_2: на 2026-02-23T00:00:00+00:00 проверяемого факта пока нет; overlap_wind_change=1.185m/s>=0.5.
2026-02-23 14:00:00+00:00,2026-02-22 18:00:00+00:00,20.0,8.99,3.6,0.8951777777777777,0.8414658054780085,0.8951777777777777,baseline,turbine_2,2026-02-23 00:00:00+00:00,turbine_2: на 2026-02-23T00:00:00+00:00 проверяемого факта пока нет; overlap_wind_change=1.185m/s>=0.5.
2026-02-23 15:00:00+00:00,2026-02-22 18:00:00+00:00,21.0,9.85,2.7,0.9696111111111111,0.9918178056401786,0.9696111111111111,baseline,turbine_2,2026-02-23 00:00:00+00:00,turbine_2: на 2026-02-23T00:00:00+00:00 проверяемого факта пока нет; overlap_wind_change=1.185m/s>=0.5.
2026-02-23 16:00:00+00:00,2026-02-22 18:00:00+00:00,22.0,10.42,1.7,0.9743666666666666,1.0,0.9743666666666666,baseline,turbine_2,2026-02-23 00:00:00+00:00,turbine_2: на 2026-02-23T00:00:00+00:00 проверяемого факта пока нет; overlap_wind_change=1.185m/s>=0.5.
2026-02-23 17:00:00+00:00,2026-02-22 18:00:00+00:00,23.0,10.44,0.7,0.9744555555555555,1.0,0.9744555555555555,baseline,turbine_2,2026-02-23 00:00:00+00:00,turbine_2: на 2026-02-23T00:00:00+00:00 проверяемого факта пока нет; overlap_wind_change=1.185m/s>=0.5.
2026-02-23 18:00:00+00:00,2026-02-22 18:00:00+00:00,24.0,10.38,-0.3,0.9741888888888889,1.0,0.9741888888888889,baseline,turbine_2,2026-02-23 00:00:00+00:00,turbine_2: на 2026-02-23T00:00:00+00:00 проверяемого факта пока нет; overlap_wind_change=1.185m/s>=0.5.
2026-02-23 19:00:00+00:00,2026-02-22 18:00:00+00:00,25.0,9.95,-1.3,0.9706111111111111,1.0,0.9706111111111111,baseline,turbine_2,2026-02-23 00:00:00+00:00,turbine_2: на 2026-02-23T00:00:00+00:00 проверяемого факта пока нет; overlap_wind_change=1.185m/s>=0.5.
2026-02-23 20:00:00+00:00,2026-02-22 18:00:00+00:00,26.0,9.1,-2.0,0.9161388888888887,0.8505704712650631,0.9161388888888887,baseline,turbine_2,2026-02-23 00:00:00+00:00,turbine_2: на 2026-02-23T00:00:00+00:00 проверяемого факта пока нет; overlap_wind_change=1.185m/s>=0.5.
2026-02-23 21:00:00+00:00,2026-02-22 18:00:00+00:00,27.0,8.43,-2.4,0.8014444444444443,0.6956484730647204,0.8014444444444443,baseline,turbine_2,2026-02-23 00:00:00+00:00,turbine_2: на 2026-02-23T00:00:00+00:00 проверяемого факта пока нет; overlap_wind_change=1.185m/s>=0.5.
2026-02-23 22:00:00+00:00,2026-02-22 18:00:00+00:00,28.0,8.03,-2.6,0.7201777777777775,0.6572406460111497,0.7201777777777775,baseline,turbine_2,2026-02-23 00:00:00+00:00,turbine_2: на 2026-02-23T00:00:00+00:00 проверяемого факта пока нет; overlap_wind_change=1.185m/s>=0.5.
2026-02-23 23:00:00+00:00,2026-02-22 18:00:00+00:00,29.0,7.89,-2.8,0.6856444444444443,0.6696184411877942,0.6856444444444443,baseline,turbine_2,2026-02-23 00:00:00+00:00,turbine_2: на 2026-02-23T00:00:00+00:00 проверяемого факта пока нет; overlap_wind_change=1.185m/s>=0.5.
2026-02-24 00:00:00+00:00,2026-02-22 18:00:00+00:00,30.0,7.49,-2.9,0.6199111111111111,0.6347386775082484,0.6199111111111111,baseline,turbine_2,2026-02-23 00:00:00+00:00,turbine_2: на 2026-02-23T00:00:00+00:00 проверяемого факта пока нет; overlap_wind_change=1.185m/s>=0.5.
2026-02-24 01:00:00+00:00,2026-02-22 18:00:00+00:00,31.0,7.23,-2.8,0.5859555555555556,0.6199929971668571,0.5859555555555556,baseline,turbine_2,2026-02-23 00:00:00+00:00,turbine_2: на 2026-02-23T00:00:00+00:00 проверяемого факта пока нет; overlap_wind_change=1.185m/s>=0.5.
2026-02-24 02:00:00+00:00,2026-02-22 18:00:00+00:00,32.0,6.77,-2.8,0.4673777777777776,0.6098911262752997,0.4673777777777776,baseline,turbine_2,2026-02-23 00:00:00+00:00,turbine_2: на 2026-02-23T00:00:00+00:00 проверяемого факта пока нет; overlap_wind_change=1.185m/s>=0.5.
2026-02-24 03:00:00+00:00,2026-02-22 18:00:00+00:00,33.0,6.69,-2.4,0.45122222222222225,0.6291924202815562,0.45122222222222225,baseline,turbine_2,2026-02-23 00:00:00+00:00,turbine_2: на 2026-02-23T00:00:00+00:00 проверяемого факта пока нет; overlap_wind_change=1.185m/s>=0.5.
2026-02-24 04:00:00+00:00,2026-02-22 18:00:00+00:00,34.0,7.16,-2.0,0.567911111111111,0.6155053785666089,0.567911111111111,baseline,turbine_2,2026-02-23 00:00:00+00:00,turbine_2: на 2026-02-23T00:00:00+00:00 проверяемого факта пока нет; overlap_wind_change=1.185m/s>=0.5.
2026-02-24 05:00:00+00:00,2026-02-22 18:00:00+00:00,35.0,7.29,-1.3,0.5959111111111111,0.6393027122212441,0.5959111111111111,baseline,turbine_2,2026-02-23 00:00:00+00:00,turbine_2: на 2026-02-23T00:00:00+00:00 проверяемого факта пока нет; overlap_wind_change=1.185m/s>=0.5.
2026-02-24 06:00:00+00:00,2026-02-22 18:00:00+00:00,36.0,7.38,-0.7,0.606711111111111,0.6445892746616894,0.606711111111111,baseline,turbine_2,2026-02-23 00:00:00+00:00,turbine_2: на 2026-02-23T00:00:00+00:00 проверяемого факта пока нет; overlap_wind_change=1.185m/s>=0.5.
2026-02-24 07:00:00+00:00,2026-02-22 18:00:00+00:00,37.0,7.3,-0.1,0.597111111111111,0.7526593252930152,0.597111111111111,baseline,turbine_2,2026-02-23 00:00:00+00:00,turbine_2: на 2026-02-23T00:00:00+00:00 проверяемого факта пока нет; overlap_wind_change=1.185m/s>=0.5.
2026-02-24 08:00:00+00:00,2026-02-22 18:00:00+00:00,38.0,7.18,0.5,0.5730666666666665,0.7433109881533834,0.5730666666666665,baseline,turbine_2,2026-02-23 00:00:00+00:00,turbine_2: на 2026-02-23T00:00:00+00:00 проверяемого факта пока нет; overlap_wind_change=1.185m/s>=0.5.
2026-02-24 09:00:00+00:00,2026-02-22 18:00:00+00:00,39.0,7.14,1.0,0.5627555555555553,0.7493797562993001,0.5627555555555553,baseline,turbine_2,2026-02-23 00:00:00+00:00,turbine_2: на 2026-02-23T00:00:00+00:00 проверяемого факта пока нет; overlap_wind_change=1.185m/s>=0.5.
2026-02-24 10:00:00+00:00,2026-02-22 18:00:00+00:00,40.0,6.6,0.9,0.4347222222222221,0.7488588267051507,0.4347222222222221,baseline,turbine_2,2026-02-23 00:00:00+00:00,turbine_2: на 2026-02-23T00:00:00+00:00 проверяемого факта пока нет; overlap_wind_change=1.185m/s>=0.5.
2026-02-24 11:00:00+00:00,2026-02-22 18:00:00+00:00,41.0,5.58,0.6,0.2360277777777778,0.420886057056334,0.2360277777777778,baseline,turbine_2,2026-02-23 00:00:00+00:00,turbine_2: на 2026-02-23T00:00:00+00:00 проверяемого факта пока нет; overlap_wind_change=1.185m/s>=0.5.
2026-02-24 12:00:00+00:00,2026-02-22 18:00:00+00:00,42.0,5.12,-0.1,0.17991666666666667,0.35712378946531587,0.17991666666666667,baseline,turbine_2,2026-02-23 00:00:00+00:00,turbine_2: на 2026-02-23T00:00:00+00:00 проверяемого факта пока нет; overlap_wind_change=1.185m/s>=0.5.
2026-02-24 13:00:00+00:00,2026-02-22 18:00:00+00:00,43.0,4.41,-1.8,0.11953333333333335,0.23039207486978283,0.11953333333333335,baseline,turbine_2,2026-02-23 00:00:00+00:00,turbine_2: на 2026-02-23T00:00:00+00:00 проверяемого факта пока нет; overlap_wind_change=1.185m/s>=0.5.
2026-02-24 14:00:00+00:00,2026-02-22 18:00:00+00:00,44.0,3.92,-2.4,0.08172777777777777,0.2031051702787064,0.08172777777777777,baseline,turbine_2,2026-02-23 00:00:00+00:00,turbine_2: на 2026-02-23T00:00:00+00:00 проверяемого факта пока нет; overlap_wind_change=1.185m/s>=0.5.
2026-02-24 15:00:00+00:00,2026-02-22 18:00:00+00:00,45.0,2.9,-2.2,0.028944444444444443,0.11919388791411435,0.028944444444444443,baseline,turbine_2,2026-02-23 00:00:00+00:00,turbine_2: на 2026-02-23T00:00:00+00:00 проверяемого факта пока нет; overlap_wind_change=1.185m/s>=0.5.
2026-02-24 16:00:00+00:00,2026-02-22 18:00:00+00:00,46.0,1.6,-2.3,0.015055555555555555,0.10442536834410691,0.015055555555555555,baseline,turbine_2,2026-02-23 00:00:00+00:00,turbine_2: на 2026-02-23T00:00:00+00:00 проверяемого факта пока нет; overlap_wind_change=1.185m/s>=0.5.
2026-02-24 17:00:00+00:00,2026-02-22 18:00:00+00:00,47.0,2.34,-3.4,0.02201111111111111,0.11148476421349547,0.02201111111111111,baseline,turbine_2,2026-02-23 00:00:00+00:00,turbine_2: на 2026-02-23T00:00:00+00:00 проверяемого факта пока нет; overlap_wind_change=1.185m/s>=0.5.
2026-02-24 18:00:00+00:00,2026-02-22 18:00:00+00:00,48.0,2.17,-4.1,0.02022222222222222,0.11912540197979275,0.02022222222222222,baseline,turbine_2,2026-02-23 00:00:00+00:00,turbine_2: на 2026-02-23T00:00:00+00:00 проверяемого факта пока нет; overlap_wind_change=1.185m/s>=0.5.
2026-02-24 19:00:00+00:00,2026-02-22 18:00:00+00:00,49.0,1.82,-4.3,0.01633333333333333,0.11994563151148434,0.01633333333333333,baseline,turbine_2,2026-02-23 00:00:00+00:00,turbine_2: на 2026-02-23T00:00:00+00:00 проверяемого факта пока нет; overlap_wind_change=1.185m/s>=0.5.
2026-02-24 20:00:00+00:00,2026-02-22 18:00:00+00:00,50.0,2.8,-4.1,0.027055555555555555,0.12272460395245631,0.027055555555555555,baseline,turbine_2,2026-02-23 00:00:00+00:00,turbine_2: на 2026-02-23T00:00:00+00:00 проверяемого факта пока нет; overlap_wind_change=1.185m/s>=0.5.
2026-02-24 21:00:00+00:00,2026-02-22 18:00:00+00:00,51.0,3.84,-4.4,0.07581666666666666,0.16626788093168457,0.07581666666666666,baseline,turbine_2,2026-02-23 00:00:00+00:00,turbine_2: на 2026-02-23T00:00:00+00:00 проверяемого факта пока нет; overlap_wind_change=1.185m/s>=0.5.
2026-02-24 22:00:00+00:00,2026-02-22 18:00:00+00:00,52.0,4.87,-4.4,0.1583888888888889,0.2750336181971546,0.1583888888888889,baseline,turbine_2,2026-02-23 00:00:00+00:00,turbine_2: на 2026-02-23T00:00:00+00:00 проверяемого факта пока нет; overlap_wind_change=1.185m/s>=0.5.
2026-02-24 23:00:00+00:00,2026-02-22 18:00:00+00:00,53.0,5.42,-3.9,0.21425,0.3208407318384209,0.21425,baseline,turbine_2,2026-02-23 00:00:00+00:00,turbine_2: на 2026-02-23T00:00:00+00:00 проверяемого факта пока нет; overlap_wind_change=1.185m/s>=0.5.
2026-02-25 00:00:00+00:00,2026-02-22 18:00:00+00:00,54.0,6.17,-3.7,0.3527333333333333,0.44283557570439896,0.3527333333333333,baseline,turbine_2,2026-02-23 00:00:00+00:00,turbine_2: на 2026-02-23T00:00:00+00:00 проверяемого факта пока нет; overlap_wind_change=1.185m/s>=0.5.
2026-02-24 01:00:00+00:00,2026-02-23 18:00:00+00:00,7.0,7.16,-1.8,0.5672055555555556,0.41667012659520297,0.5672055555555556,baseline,turbine_1,2026-02-24 00:00:00+00:00,turbine_1: на 2026-02-24T00:00:00+00:00 проверяемого факта пока нет; overlap_wind_change=1.455m/s>=0.5.
2026-02-24 02:00:00+00:00,2026-02-23 18:00:00+00:00,8.0,6.59,-1.6,0.44004444444444435,0.39148176066994306,0.44004444444444435,baseline,turbine_1,2026-02-24 00:00:00+00:00,turbine_1: на 2026-02-24T00:00:00+00:00 проверяемого факта пока нет; overlap_wind_change=1.455m/s>=0.5.
2026-02-24 03:00:00+00:00,2026-02-23 18:00:00+00:00,9.0,6.02,-1.1,0.3205555555555555,0.30697816773535963,0.3205555555555555,baseline,turbine_1,2026-02-24 00:00:00+00:00,turbine_1: на 2026-02-24T00:00:00+00:00 проверяемого факта пока нет; overlap_wind_change=1.455m/s>=0.5.
2026-02-24 04:00:00+00:00,2026-02-23 18:00:00+00:00,10.0,5.78,-0.6,0.2672222222222223,0.25800193479401295,0.2672222222222223,baseline,turbine_1,2026-02-24 00:00:00+00:00,turbine_1: на 2026-02-24T00:00:00+00:00 проверяемого факта пока нет; overlap_wind_change=1.455m/s>=0.5.
2026-02-24 05:00:00+00:00,2026-02-23 18:00:00+00:00,11.0,5.41,0.7,0.22428888888888893,0.1886461649769775,0.22428888888888893,baseline,turbine_1,2026-02-24 00:00:00+00:00,turbine_1: на 2026-02-24T00:00:00+00:00 проверяемого факта пока нет; overlap_wind_change=1.455m/s>=0.5.
2026-02-24 06:00:00+00:00,2026-02-23 18:00:00+00:00,12.0,4.85,1.6,0.1743333333333333,0.18699146159713156,0.1743333333333333,baseline,turbine_1,2026-02-24 00:00:00+00:00,turbine_1: на 2026-02-24T00:00:00+00:00 проверяемого факта пока нет; overlap_wind_change=1.455m/s>=0.5.
2026-02-24 07:00:00+00:00,2026-02-23 18:00:00+00:00,13.0,4.66,1.9,0.15796111111111114,0.12635918525162493,0.15796111111111114,baseline,turbine_1,2026-02-24 00:00:00+00:00,turbine_1: на 2026-02-24T00:00:00+00:00 проверяемого факта пока нет; overlap_wind_change=1.455m/s>=0.5.
2026-02-24 08:00:00+00:00,2026-02-23 18:00:00+00:00,14.0,4.74,2.2,0.16520555555555558,0.226291091815588,0.16520555555555558,baseline,turbine_1,2026-02-24 00:00:00+00:00,turbine_1: на 2026-02-24T00:00:00+00:00 проверяемого факта пока нет; overlap_wind_change=1.455m/s>=0.5.
2026-02-24 09:00:00+00:00,2026-02-23 18:00:00+00:00,15.0,4.63,2.8,0.15524444444444443,0.2433078903546287,0.15524444444444443,baseline,turbine_1,2026-02-24 00:00:00+00:00,turbine_1: на 2026-02-24T00:00:00+00:00 проверяемого факта пока нет; overlap_wind_change=1.455m/s>=0.5.
2026-02-24 10:00:00+00:00,2026-02-23 18:00:00+00:00,16.0,4.35,2.0,0.12988888888888886,0.2179280546555756,0.12988888888888886,baseline,turbine_1,2026-02-24 00:00:00+00:00,turbine_1: на 2026-02-24T00:00:00+00:00 проверяемого факта пока нет; overlap_wind_change=1.455m/s>=0.5.
2026-02-24 11:00:00+00:00,2026-02-23 18:00:00+00:00,17.0,4.01,1.5,0.09989999999999997,0.22790890706701253,0.09989999999999997,baseline,turbine_1,2026-02-24 00:00:00+00:00,turbine_1: на 2026-02-24T00:00:00+00:00 проверяемого факта пока нет; overlap_wind_change=1.455m/s>=0.5.
2026-02-24 12:00:00+00:00,2026-02-23 18:00:00+00:00,18.0,3.66,0.8,0.07097222222222223,0.1405984092735032,0.07097222222222223,baseline,turbine_1,2026-02-24 00:00:00+00:00,turbine_1: на 2026-02-24T00:00:00+00:00 проверяемого факта пока нет; overlap_wind_change=1.455m/s>=0.5.
2026-02-24 13:00:00+00:00,2026-02-23 18:00:00+00:00,19.0,3.26,-0.3,0.04319444444444443,0.12842479913076552,0.04319444444444443,baseline,turbine_1,2026-02-24 00:00:00+00:00,turbine_1: на 2026-02-24T00:00:00+00:00 проверяемого факта пока нет; overlap_wind_change=1.455m/s>=0.5.
2026-02-24 14:00:00+00:00,2026-02-23 18:00:00+00:00,20.0,2.59,-0.7,0.029277777777777778,0.05929928865734539,0.029277777777777778,baseline,turbine_1,2026-02-24 00:00:00+00:00,turbine_1: на 2026-02-24T00:00:00+00:00 проверяемого факта пока нет; overlap_wind_change=1.455m/s>=0.5.
2026-02-24 15:00:00+00:00,2026-02-23 18:00:00+00:00,21.0,1.66,-0.8,0.015911111111111112,0.06558923135897812,0.015911111111111112,baseline,turbine_1,2026-02-24 00:00:00+00:00,turbine_1: на 2026-02-24T00:00:00+00:00 проверяемого факта пока нет; overlap_wind_change=1.455m/s>=0.5.
2026-02-24 16:00:00+00:00,2026-02-23 18:00:00+00:00,22.0,0.85,-0.9,0.011,0.03915339307803979,0.011,baseline,turbine_1,2026-02-24 00:00:00+00:00,turbine_1: на 2026-02-24T00:00:00+00:00 проверяемого факта пока нет; overlap_wind_change=1.455m/s>=0.5.
2026-02-24 17:00:00+00:00,2026-02-23 18:00:00+00:00,23.0,1.73,-1.2,0.01606666666666667,0.08924687195901466,0.01606666666666667,baseline,turbine_1,2026-02-24 00:00:00+00:00,turbine_1: на 2026-02-24T00:00:00+00:00 проверяемого факта пока нет; overlap_wind_change=1.455m/s>=0.5.
2026-02-24 18:00:00+00:00,2026-02-23 18:00:00+00:00,24.0,1.8,-1.4,0.016861111111111115,0.09016482601156071,0.016861111111111115,baseline,turbine_1,2026-02-24 00:00:00+00:00,turbine_1: на 2026-02-24T00:00:00+00:00 проверяемого факта пока нет; overlap_wind_change=1.455m/s>=0.5.
2026-02-24 19:00:00+00:00,2026-02-23 18:00:00+00:00,25.0,1.46,-1.3,0.015466666666666667,0.08920562843689313,0.015466666666666667,baseline,turbine_1,2026-02-24 00:00:00+00:00,turbine_1: на 2026-02-24T00:00:00+00:00 проверяемого факта пока нет; overlap_wind_change=1.455m/s>=0.5.
2026-02-24 20:00:00+00:00,2026-02-23 18:00:00+00:00,26.0,1.33,-1.6,0.015177777777777778,0.06859962370040985,0.015177777777777778,baseline,turbine_1,2026-02-24 00:00:00+00:00,turbine_1: на 2026-02-24T00:00:00+00:00 проверяемого факта пока нет; overlap_wind_change=1.455m/s>=0.5.
2026-02-24 21:00:00+00:00,2026-02-23 18:00:00+00:00,27.0,2.15,-2.1,0.02211111111111111,0.08201912440331009,0.02211111111111111,baseline,turbine_1,2026-02-24 00:00:00+00:00,turbine_1: на 2026-02-24T00:00:00+00:00 проверяемого факта пока нет; overlap_wind_change=1.455m/s>=0.5.
2026-02-24 22:00:00+00:00,2026-02-23 18:00:00+00:00,28.0,3.36,-1.9,0.05013888888888888,0.14479552121023778,0.05013888888888888,baseline,turbine_1,2026-02-24 00:00:00+00:00,turbine_1: на 2026-02-24T00:00:00+00:00 проверяемого факта пока нет; overlap_wind_change=1.455m/s>=0.5.
2026-02-24 23:00:00+00:00,2026-02-23 18:00:00+00:00,29.0,3.4,-2.5,0.05291666666666666,0.14479552121023778,0.05291666666666666,baseline,turbine_1,2026-02-24 00:00:00+00:00,turbine_1: на 2026-02-24T00:00:00+00:00 проверяемого факта пока нет; overlap_wind_change=1.455m/s>=0.5.
2026-02-25 00:00:00+00:00,2026-02-23 18:00:00+00:00,30.0,3.32,-3.2,0.047361111111111104,0.1299636934516086,0.047361111111111104,baseline,turbine_1,2026-02-24 00:00:00+00:00,turbine_1: на 2026-02-24T00:00:00+00:00 проверяемого факта пока нет; overlap_wind_change=1.455m/s>=0.5.
2026-02-25 01:00:00+00:00,2026-02-23 18:00:00+00:00,31.0,3.96,-3.1,0.09553888888888888,0.15545929348732263,0.09553888888888888,baseline,turbine_1,2026-02-24 00:00:00+00:00,turbine_1: на 2026-02-24T00:00:00+00:00 проверяемого факта пока нет; overlap_wind_change=1.455m/s>=0.5.
2026-02-25 02:00:00+00:00,2026-02-23 18:00:00+00:00,32.0,4.11,-2.5,0.10862222222222224,0.1575644461342484,0.10862222222222224,baseline,turbine_1,2026-02-24 00:00:00+00:00,turbine_1: на 2026-02-24T00:00:00+00:00 проверяемого факта пока нет; overlap_wind_change=1.455m/s>=0.5.
2026-02-25 03:00:00+00:00,2026-02-23 18:00:00+00:00,33.0,3.59,-0.8,0.0661111111111111,0.14750467108475615,0.0661111111111111,baseline,turbine_1,2026-02-24 00:00:00+00:00,turbine_1: на 2026-02-24T00:00:00+00:00 проверяемого факта пока нет; overlap_wind_change=1.455m/s>=0.5.
2026-02-25 04:00:00+00:00,2026-02-23 18:00:00+00:00,34.0,3.31,0.3,0.046666666666666676,0.15614966058101992,0.046666666666666676,baseline,turbine_1,2026-02-24 00:00:00+00:00,turbine_1: на 2026-02-24T00:00:00+00:00 проверяемого факта пока нет; overlap_wind_change=1.455m/s>=0.5.
2026-02-25 05:00:00+00:00,2026-02-23 18:00:00+00:00,35.0,3.31,1.4,0.046666666666666676,0.14712963985136918,0.046666666666666676,baseline,turbine_1,2026-02-24 00:00:00+00:00,turbine_1: на 2026-02-24T00:00:00+00:00 проверяемого факта пока нет; overlap_wind_change=1.455m/s>=0.5.
2026-02-25 06:00:00+00:00,2026-02-23 18:00:00+00:00,36.0,2.09,2.2,0.02121111111111111,0.08511452831676132,0.02121111111111111,baseline,turbine_1,2026-02-24 00:00:00+00:00,turbine_1: на 2026-02-24T00:00:00+00:00 проверяемого факта пока нет; overlap_wind_change=1.455m/s>=0.5.
2026-02-25 07:00:00+00:00,2026-02-23 18:00:00+00:00,37.0,1.66,2.4,0.015911111111111112,0.09856862955127989,0.015911111111111112,baseline,turbine_1,2026-02-24 00:00:00+00:00,turbine_1: на 2026-02-24T00:00:00+00:00 проверяемого факта пока нет; overlap_wind_change=1.455m/s>=0.5.
2026-02-25 08:00:00+00:00,2026-02-23 18:00:00+00:00,38.0,2.04,3.8,0.020461111111111114,0.13783012667261765,0.020461111111111114,baseline,turbine_1,2026-02-24 00:00:00+00:00,turbine_1: на 2026-02-24T00:00:00+00:00 проверяемого факта пока нет; overlap_wind_change=1.455m/s>=0.5.
2026-02-25 09:00:00+00:00,2026-02-23 18:00:00+00:00,39.0,2.23,3.8,0.02331111111111111,0.14337473951634147,0.02331111111111111,baseline,turbine_1,2026-02-24 00:00:00+00:00,turbine_1: на 2026-02-24T00:00:00+00:00 проверяемого факта пока нет; overlap_wind_change=1.455m/s>=0.5.
2026-02-25 10:00:00+00:00,2026-02-23 18:00:00+00:00,40.0,1.98,4.4,0.019561111111111112,0.09646656481974734,0.019561111111111112,baseline,turbine_1,2026-02-24 00:00:00+00:00,turbine_1: на 2026-02-24T00:00:00+00:00 проверяемого факта пока нет; overlap_wind_change=1.455m/s>=0.5.
2026-02-25 11:00:00+00:00,2026-02-23 18:00:00+00:00,41.0,1.86,4.1,0.017761111111111116,0.13351543709158925,0.017761111111111116,baseline,turbine_1,2026-02-24 00:00:00+00:00,turbine_1: на 2026-02-24T00:00:00+00:00 проверяемого факта пока нет; overlap_wind_change=1.455m/s>=0.5.
2026-02-25 12:00:00+00:00,2026-02-23 18:00:00+00:00,42.0,1.43,3.2,0.0154,0.07463133703015329,0.0154,baseline,turbine_1,2026-02-24 00:00:00+00:00,turbine_1: на 2026-02-24T00:00:00+00:00 проверяемого факта пока нет; overlap_wind_change=1.455m/s>=0.5.
2026-02-25 13:00:00+00:00,2026-02-23 18:00:00+00:00,43.0,2.66,1.9,0.03044444444444445,0.12936335848801678,0.03044444444444445,baseline,turbine_1,2026-02-24 00:00:00+00:00,turbine_1: на 2026-02-24T00:00:00+00:00 проверяемого факта пока нет; overlap_wind_change=1.455m/s>=0.5.
2026-02-25 14:00:00+00:00,2026-02-23 18:00:00+00:00,44.0,3.08,1.8,0.03891111111111112,0.14091591613876325,0.03891111111111112,baseline,turbine_1,2026-02-24 00:00:00+00:00,turbine_1: на 2026-02-24T00:00:00+00:00 проверяемого факта пока нет; overlap_wind_change=1.455m/s>=0.5.
2026-02-25 15:00:00+00:00,2026-02-23 18:00:00+00:00,45.0,4.64,0.7,0.15614999999999998,0.29565975657080945,0.15614999999999998,baseline,turbine_1,2026-02-24 00:00:00+00:00,turbine_1: на 2026-02-24T00:00:00+00:00 проверяемого факта пока нет; overlap_wind_change=1.455m/s>=0.5.
2026-02-25 16:00:00+00:00,2026-02-23 18:00:00+00:00,46.0,5.52,0.5,0.2360222222222222,0.36642609153034816,0.2360222222222222,baseline,turbine_1,2026-02-24 00:00:00+00:00,turbine_1: на 2026-02-24T00:00:00+00:00 проверяемого факта пока нет; overlap_wind_change=1.455m/s>=0.5.
2026-02-25 17:00:00+00:00,2026-02-23 18:00:00+00:00,47.0,5.53,-0.4,0.23708888888888893,0.3283596694636761,0.23708888888888893,baseline,turbine_1,2026-02-24 00:00:00+00:00,turbine_1: на 2026-02-24T00:00:00+00:00 проверяемого факта пока нет; overlap_wind_change=1.455m/s>=0.5.
2026-02-25 18:00:00+00:00,2026-02-23 18:00:00+00:00,48.0,7.23,0.3,0.5834222222222223,0.7204588918707328,0.5834222222222223,baseline,turbine_1,2026-02-24 00:00:00+00:00,turbine_1: на 2026-02-24T00:00:00+00:00 проверяемого факта пока нет; overlap_wind_change=1.455m/s>=0.5.
2026-02-25 19:00:00+00:00,2026-02-23 18:00:00+00:00,49.0,6.96,0.7,0.5208722222222222,0.6721795683228516,0.5208722222222222,baseline,turbine_1,2026-02-24 00:00:00+00:00,turbine_1: на 2026-02-24T00:00:00+00:00 проверяемого факта пока нет; overlap_wind_change=1.455m/s>=0.5.
2026-02-25 20:00:00+00:00,2026-02-23 18:00:00+00:00,50.0,7.16,0.7,0.5672055555555556,0.6186340289342246,0.5672055555555556,baseline,turbine_1,2026-02-24 00:00:00+00:00,turbine_1: на 2026-02-24T00:00:00+00:00 проверяемого факта пока нет; overlap_wind_change=1.455m/s>=0.5.
2026-02-25 21:00:00+00:00,2026-02-23 18:00:00+00:00,51.0,7.31,1.1,0.5954222222222222,0.5899848362696746,0.5954222222222222,baseline,turbine_1,2026-02-24 00:00:00+00:00,turbine_1: на 2026-02-24T00:00:00+00:00 проверяемого факта пока нет; overlap_wind_change=1.455m/s>=0.5.
2026-02-25 22:00:00+00:00,2026-02-23 18:00:00+00:00,52.0,7.52,0.9,0.6212055555555555,0.5854310285878834,0.6212055555555555,baseline,turbine_1,2026-02-24 00:00:00+00:00,turbine_1: на 2026-02-24T00:00:00+00:00 проверяемого факта пока нет; overlap_wind_change=1.455m/s>=0.5.
2026-02-25 23:00:00+00:00,2026-02-23 18:00:00+00:00,53.0,7.21,1.0,0.5787888888888889,0.5600090857636354,0.5787888888888889,baseline,turbine_1,2026-02-24 00:00:00+00:00,turbine_1: на 2026-02-24T00:00:00+00:00 проверяемого факта пока нет; overlap_wind_change=1.455m/s>=0.5.
2026-02-26 00:00:00+00:00,2026-02-23 18:00:00+00:00,54.0,5.53,0.8,0.23708888888888893,0.28602893357746806,0.23708888888888893,baseline,turbine_1,2026-02-24 00:00:00+00:00,turbine_1: на 2026-02-24T00:00:00+00:00 проверяемого факта пока нет; overlap_wind_change=1.455m/s>=0.5.
2026-02-24 01:00:00+00:00,2026-02-23 18:00:00+00:00,7.0,7.16,-1.8,0.567911111111111,0.34883367781965796,0.567911111111111,baseline,turbine_2,2026-02-24 00:00:00+00:00,turbine_2: на 2026-02-24T00:00:00+00:00 проверяемого факта пока нет; overlap_wind_change=1.455m/s>=0.5.
2026-02-24 02:00:00+00:00,2026-02-23 18:00:00+00:00,8.0,6.59,-1.6,0.4328888888888888,0.3318836341591464,0.4328888888888888,baseline,turbine_2,2026-02-24 00:00:00+00:00,turbine_2: на 2026-02-24T00:00:00+00:00 проверяемого факта пока нет; overlap_wind_change=1.455m/s>=0.5.
2026-02-24 03:00:00+00:00,2026-02-23 18:00:00+00:00,9.0,6.02,-1.1,0.3193166666666666,0.29160081996850473,0.3193166666666666,baseline,turbine_2,2026-02-24 00:00:00+00:00,turbine_2: на 2026-02-24T00:00:00+00:00 проверяемого факта пока нет; overlap_wind_change=1.455m/s>=0.5.
2026-02-24 04:00:00+00:00,2026-02-23 18:00:00+00:00,10.0,5.78,-0.6,0.2658500000000001,0.28081010788962596,0.2658500000000001,baseline,turbine_2,2026-02-24 00:00:00+00:00,turbine_2: на 2026-02-24T00:00:00+00:00 проверяемого факта пока нет; overlap_wind_change=1.455m/s>=0.5.
2026-02-24 05:00:00+00:00,2026-02-23 18:00:00+00:00,11.0,5.41,0.7,0.2128888888888889,0.17591701632853224,0.2128888888888889,baseline,turbine_2,2026-02-24 00:00:00+00:00,turbine_2: на 2026-02-24T00:00:00+00:00 проверяемого факта пока нет; overlap_wind_change=1.455m/s>=0.5.
2026-02-24 06:00:00+00:00,2026-02-23 18:00:00+00:00,12.0,4.85,1.6,0.15666666666666665,0.1500032544870393,0.15666666666666665,baseline,turbine_2,2026-02-24 00:00:00+00:00,turbine_2: на 2026-02-24T00:00:00+00:00 проверяемого факта пока нет; overlap_wind_change=1.455m/s>=0.5.
2026-02-24 07:00:00+00:00,2026-02-23 18:00:00+00:00,13.0,4.66,1.9,0.14050555555555558,0.16270118624813523,0.14050555555555558,baseline,turbine_2,2026-02-24 00:00:00+00:00,turbine_2: на 2026-02-24T00:00:00+00:00 проверяемого факта пока нет; overlap_wind_change=1.455m/s>=0.5.
2026-02-24 08:00:00+00:00,2026-02-23 18:00:00+00:00,14.0,4.74,2.2,0.14721666666666672,0.2479810069399802,0.14721666666666672,baseline,turbine_2,2026-02-24 00:00:00+00:00,turbine_2: на 2026-02-24T00:00:00+00:00 проверяемого факта пока нет; overlap_wind_change=1.455m/s>=0.5.
2026-02-24 09:00:00+00:00,2026-02-23 18:00:00+00:00,15.0,4.63,2.8,0.1379888888888889,0.2517911707699841,0.1379888888888889,baseline,turbine_2,2026-02-24 00:00:00+00:00,turbine_2: на 2026-02-24T00:00:00+00:00 проверяемого факта пока нет; overlap_wind_change=1.455m/s>=0.5.
2026-02-24 10:00:00+00:00,2026-02-23 18:00:00+00:00,16.0,4.35,2.0,0.11449999999999998,0.23444494001268446,0.11449999999999998,baseline,turbine_2,2026-02-24 00:00:00+00:00,turbine_2: на 2026-02-24T00:00:00+00:00 проверяемого факта пока нет; overlap_wind_change=1.455m/s>=0.5.
2026-02-24 11:00:00+00:00,2026-02-23 18:00:00+00:00,17.0,4.01,1.5,0.08837777777777776,0.26215759510963527,0.08837777777777776,baseline,turbine_2,2026-02-24 00:00:00+00:00,turbine_2: на 2026-02-24T00:00:00+00:00 проверяемого факта пока нет; overlap_wind_change=1.455m/s>=0.5.
2026-02-24 12:00:00+00:00,2026-02-23 18:00:00+00:00,18.0,3.66,0.8,0.06311666666666668,0.16998077299453468,0.06311666666666668,baseline,turbine_2,2026-02-24 00:00:00+00:00,turbine_2: на 2026-02-24T00:00:00+00:00 проверяемого факта пока нет; overlap_wind_change=1.455m/s>=0.5.
2026-02-24 13:00:00+00:00,2026-02-23 18:00:00+00:00,19.0,3.26,-0.3,0.03622777777777776,0.14309288271204273,0.03622777777777776,baseline,turbine_2,2026-02-24 00:00:00+00:00,turbine_2: на 2026-02-24T00:00:00+00:00 проверяемого факта пока нет; overlap_wind_change=1.455m/s>=0.5.
2026-02-24 14:00:00+00:00,2026-02-23 18:00:00+00:00,20.0,2.59,-0.7,0.024511111111111112,0.09683380088505378,0.024511111111111112,baseline,turbine_2,2026-02-24 00:00:00+00:00,turbine_2: на 2026-02-24T00:00:00+00:00 проверяемого факта пока нет; overlap_wind_change=1.455m/s>=0.5.
2026-02-24 15:00:00+00:00,2026-02-23 18:00:00+00:00,21.0,1.66,-0.8,0.015255555555555553,0.09850010994058923,0.015255555555555553,baseline,turbine_2,2026-02-24 00:00:00+00:00,turbine_2: на 2026-02-24T00:00:00+00:00 проверяемого факта пока нет; overlap_wind_change=1.455m/s>=0.5.
2026-02-24 16:00:00+00:00,2026-02-23 18:00:00+00:00,22.0,0.85,-0.9,0.010777777777777778,0.06999197248927955,0.010777777777777778,baseline,turbine_2,2026-02-24 00:00:00+00:00,turbine_2: на 2026-02-24T00:00:00+00:00 проверяемого факта пока нет; overlap_wind_change=1.455m/s>=0.5.
2026-02-24 17:00:00+00:00,2026-02-23 18:00:00+00:00,23.0,1.73,-1.2,0.015488888888888887,0.1005973973546307,0.015488888888888887,baseline,turbine_2,2026-02-24 00:00:00+00:00,turbine_2: на 2026-02-24T00:00:00+00:00 проверяемого факта пока нет; overlap_wind_change=1.455m/s>=0.5.
2026-02-24 18:00:00+00:00,2026-02-23 18:00:00+00:00,24.0,1.8,-1.4,0.01611111111111111,0.10627424514749795,0.01611111111111111,baseline,turbine_2,2026-02-24 00:00:00+00:00,turbine_2: на 2026-02-24T00:00:00+00:00 проверяемого факта пока нет; overlap_wind_change=1.455m/s>=0.5.
2026-02-24 19:00:00+00:00,2026-02-23 18:00:00+00:00,25.0,1.46,-1.3,0.014588888888888887,0.10742916306169079,0.014588888888888887,baseline,turbine_2,2026-02-24 00:00:00+00:00,turbine_2: на 2026-02-24T00:00:00+00:00 проверяемого факта пока нет; overlap_wind_change=1.455m/s>=0.5.
2026-02-24 20:00:00+00:00,2026-02-23 18:00:00+00:00,26.0,1.33,-1.6,0.014155555555555555,0.08753636581488276,0.014155555555555555,baseline,turbine_2,2026-02-24 00:00:00+00:00,turbine_2: на 2026-02-24T00:00:00+00:00 проверяемого факта пока нет; overlap_wind_change=1.455m/s>=0.5.
2026-02-24 21:00:00+00:00,2026-02-23 18:00:00+00:00,27.0,2.15,-2.1,0.02,0.10498442936264342,0.02,baseline,turbine_2,2026-02-24 00:00:00+00:00,turbine_2: на 2026-02-24T00:00:00+00:00 проверяемого факта пока нет; overlap_wind_change=1.455m/s>=0.5.
2026-02-24 22:00:00+00:00,2026-02-23 18:00:00+00:00,28.0,3.36,-1.9,0.042949999999999995,0.15936911040796242,0.042949999999999995,baseline,turbine_2,2026-02-24 00:00:00+00:00,turbine_2: на 2026-02-24T00:00:00+00:00 проверяемого факта пока нет; overlap_wind_change=1.455m/s>=0.5.
2026-02-24 23:00:00+00:00,2026-02-23 18:00:00+00:00,29.0,3.4,-2.5,0.04563888888888888,0.15936911040796242,0.04563888888888888,baseline,turbine_2,2026-02-24 00:00:00+00:00,turbine_2: на 2026-02-24T00:00:00+00:00 проверяемого факта пока нет; overlap_wind_change=1.455m/s>=0.5.
2026-02-25 00:00:00+00:00,2026-02-23 18:00:00+00:00,30.0,3.32,-3.2,0.0402611111111111,0.13555281667037347,0.0402611111111111,baseline,turbine_2,2026-02-24 00:00:00+00:00,turbine_2: на 2026-02-24T00:00:00+00:00 проверяемого факта пока нет; overlap_wind_change=1.455m/s>=0.5.
2026-02-25 01:00:00+00:00,2026-02-23 18:00:00+00:00,31.0,3.96,-3.1,0.08468333333333333,0.14841138470153561,0.08468333333333333,baseline,turbine_2,2026-02-24 00:00:00+00:00,turbine_2: на 2026-02-24T00:00:00+00:00 проверяемого факта пока нет; overlap_wind_change=1.455m/s>=0.5.
2026-02-25 02:00:00+00:00,2026-02-23 18:00:00+00:00,32.0,4.11,-2.5,0.0957666666666667,0.16573728099915644,0.0957666666666667,baseline,turbine_2,2026-02-24 00:00:00+00:00,turbine_2: на 2026-02-24T00:00:00+00:00 проверяемого факта пока нет; overlap_wind_change=1.455m/s>=0.5.
2026-02-25 03:00:00+00:00,2026-02-23 18:00:00+00:00,33.0,3.59,-0.8,0.0584111111111111,0.1556474269664258,0.0584111111111111,baseline,turbine_2,2026-02-24 00:00:00+00:00,turbine_2: на 2026-02-24T00:00:00+00:00 проверяемого факта пока нет; overlap_wind_change=1.455m/s>=0.5.
2026-02-25 04:00:00+00:00,2026-02-23 18:00:00+00:00,34.0,3.31,0.3,0.039588888888888896,0.1778789725562042,0.039588888888888896,baseline,turbine_2,2026-02-24 00:00:00+00:00,turbine_2: на 2026-02-24T00:00:00+00:00 проверяемого факта пока нет; overlap_wind_change=1.455m/s>=0.5.
2026-02-25 05:00:00+00:00,2026-02-23 18:00:00+00:00,35.0,3.31,1.4,0.039588888888888896,0.19262270247872545,0.039588888888888896,baseline,turbine_2,2026-02-24 00:00:00+00:00,turbine_2: на 2026-02-24T00:00:00+00:00 проверяемого факта пока нет; overlap_wind_change=1.455m/s>=0.5.
2026-02-25 06:00:00+00:00,2026-02-23 18:00:00+00:00,36.0,2.09,2.2,0.01933333333333333,0.11675057207513657,0.01933333333333333,baseline,turbine_2,2026-02-24 00:00:00+00:00,turbine_2: на 2026-02-24T00:00:00+00:00 проверяемого факта пока нет; overlap_wind_change=1.455m/s>=0.5.
2026-02-25 07:00:00+00:00,2026-02-23 18:00:00+00:00,37.0,1.66,2.4,0.015255555555555553,0.1164158836926353,0.015255555555555553,baseline,turbine_2,2026-02-24 00:00:00+00:00,turbine_2: на 2026-02-24T00:00:00+00:00 проверяемого факта пока нет; overlap_wind_change=1.455m/s>=0.5.
2026-02-25 08:00:00+00:00,2026-02-23 18:00:00+00:00,38.0,2.04,3.8,0.01877777777777778,0.1686941474084866,0.01877777777777778,baseline,turbine_2,2026-02-24 00:00:00+00:00,turbine_2: на 2026-02-24T00:00:00+00:00 проверяемого факта пока нет; overlap_wind_change=1.455m/s>=0.5.
2026-02-25 09:00:00+00:00,2026-02-23 18:00:00+00:00,39.0,2.23,3.8,0.02088888888888889,0.17557091048687798,0.02088888888888889,baseline,turbine_2,2026-02-24 00:00:00+00:00,turbine_2: на 2026-02-24T00:00:00+00:00 проверяемого факта пока нет; overlap_wind_change=1.455m/s>=0.5.
2026-02-25 10:00:00+00:00,2026-02-23 18:00:00+00:00,40.0,1.98,4.4,0.01811111111111111,0.09647776672205251,0.01811111111111111,baseline,turbine_2,2026-02-24 00:00:00+00:00,turbine_2: на 2026-02-24T00:00:00+00:00 проверяемого факта пока нет; overlap_wind_change=1.455m/s>=0.5.
2026-02-25 11:00:00+00:00,2026-02-23 18:00:00+00:00,41.0,1.86,4.1,0.016777777777777777,0.1633041199257529,0.016777777777777777,baseline,turbine_2,2026-02-24 00:00:00+00:00,turbine_2: на 2026-02-24T00:00:00+00:00 проверяемого факта пока нет; overlap_wind_change=1.455m/s>=0.5.
2026-02-25 12:00:00+00:00,2026-02-23 18:00:00+00:00,42.0,1.43,3.2,0.014488888888888888,0.09879533810091067,0.014488888888888888,baseline,turbine_2,2026-02-24 00:00:00+00:00,turbine_2: на 2026-02-24T00:00:00+00:00 проверяемого факта пока нет; overlap_wind_change=1.455m/s>=0.5.
2026-02-25 13:00:00+00:00,2026-02-23 18:00:00+00:00,43.0,2.66,1.9,0.025211111111111115,0.1410207060378933,0.025211111111111115,baseline,turbine_2,2026-02-24 00:00:00+00:00,turbine_2: на 2026-02-24T00:00:00+00:00 проверяемого факта пока нет; overlap_wind_change=1.455m/s>=0.5.
2026-02-25 14:00:00+00:00,2026-02-23 18:00:00+00:00,44.0,3.08,1.8,0.032344444444444446,0.15760789524506263,0.032344444444444446,baseline,turbine_2,2026-02-24 00:00:00+00:00,turbine_2: на 2026-02-24T00:00:00+00:00 проверяемого факта пока нет; overlap_wind_change=1.455m/s>=0.5.
2026-02-25 15:00:00+00:00,2026-02-23 18:00:00+00:00,45.0,4.64,0.7,0.13882777777777777,0.31061391555946544,0.13882777777777777,baseline,turbine_2,2026-02-24 00:00:00+00:00,turbine_2: на 2026-02-24T00:00:00+00:00 проверяемого факта пока нет; overlap_wind_change=1.455m/s>=0.5.
2026-02-25 16:00:00+00:00,2026-02-23 18:00:00+00:00,46.0,5.52,0.5,0.22786111111111107,0.3858174773354698,0.22786111111111107,baseline,turbine_2,2026-02-24 00:00:00+00:00,turbine_2: на 2026-02-24T00:00:00+00:00 проверяемого факта пока нет; overlap_wind_change=1.455m/s>=0.5.
2026-02-25 17:00:00+00:00,2026-02-23 18:00:00+00:00,47.0,5.53,-0.4,0.22922222222222227,0.3509898969921966,0.22922222222222227,baseline,turbine_2,2026-02-24 00:00:00+00:00,turbine_2: на 2026-02-24T00:00:00+00:00 проверяемого факта пока нет; overlap_wind_change=1.455m/s>=0.5.
2026-02-25 18:00:00+00:00,2026-02-23 18:00:00+00:00,48.0,7.23,0.3,0.5859555555555556,0.7294021781607491,0.5859555555555556,baseline,turbine_2,2026-02-24 00:00:00+00:00,turbine_2: на 2026-02-24T00:00:00+00:00 проверяемого факта пока нет; overlap_wind_change=1.455m/s>=0.5.
2026-02-25 19:00:00+00:00,2026-02-23 18:00:00+00:00,49.0,6.96,0.7,0.5163555555555555,0.7097160260058849,0.5163555555555555,baseline,turbine_2,2026-02-24 00:00:00+00:00,turbine_2: на 2026-02-24T00:00:00+00:00 проверяемого факта пока нет; overlap_wind_change=1.455m/s>=0.5.
2026-02-25 20:00:00+00:00,2026-02-23 18:00:00+00:00,50.0,7.16,0.7,0.567911111111111,0.5959392826670163,0.567911111111111,baseline,turbine_2,2026-02-24 00:00:00+00:00,turbine_2: на 2026-02-24T00:00:00+00:00 проверяемого факта пока нет; overlap_wind_change=1.455m/s>=0.5.
2026-02-25 21:00:00+00:00,2026-02-23 18:00:00+00:00,51.0,7.31,1.1,0.598311111111111,0.606269124559035,0.598311111111111,baseline,turbine_2,2026-02-24 00:00:00+00:00,turbine_2: на 2026-02-24T00:00:00+00:00 проверяемого факта пока нет; overlap_wind_change=1.455m/s>=0.5.
2026-02-25 22:00:00+00:00,2026-02-23 18:00:00+00:00,52.0,7.52,0.9,0.623511111111111,0.6336286250218107,0.623511111111111,baseline,turbine_2,2026-02-24 00:00:00+00:00,turbine_2: на 2026-02-24T00:00:00+00:00 проверяемого факта пока нет; overlap_wind_change=1.455m/s>=0.5.
2026-02-25 23:00:00+00:00,2026-02-23 18:00:00+00:00,53.0,7.21,1.0,0.5807999999999999,0.6056794375447265,0.5807999999999999,baseline,turbine_2,2026-02-24 00:00:00+00:00,turbine_2: на 2026-02-24T00:00:00+00:00 проверяемого факта пока нет; overlap_wind_change=1.455m/s>=0.5.
2026-02-26 00:00:00+00:00,2026-02-23 18:00:00+00:00,54.0,5.53,0.8,0.22922222222222227,0.3134531974813961,0.22922222222222227,baseline,turbine_2,2026-02-24 00:00:00+00:00,turbine_2: на 2026-02-24T00:00:00+00:00 проверяемого факта пока нет; overlap_wind_change=1.455m/s>=0.5.
2026-02-25 01:00:00+00:00,2026-02-24 18:00:00+00:00,7.0,3.83,-1.5,0.08420000000000001,0.0,0.08420000000000001,baseline,turbine_1,2026-02-25 00:00:00+00:00,turbine_1: на 2026-02-25T00:00:00+00:00 проверяемого факта пока нет; overlap_wind_change=1.091m/s>=0.5.
2026-02-25 02:00:00+00:00,2026-02-24 18:00:00+00:00,8.0,3.19,-1.2,0.04123333333333334,0.0,0.04123333333333334,baseline,turbine_1,2026-02-25 00:00:00+00:00,turbine_1: на 2026-02-25T00:00:00+00:00 проверяемого факта пока нет; overlap_wind_change=1.091m/s>=0.5.
2026-02-25 03:00:00+00:00,2026-02-24 18:00:00+00:00,9.0,2.9,-0.8,0.035111111111111114,0.0,0.035111111111111114,baseline,turbine_1,2026-02-25 00:00:00+00:00,turbine_1: на 2026-02-25T00:00:00+00:00 проверяемого факта пока нет; overlap_wind_change=1.091m/s>=0.5.
2026-02-25 04:00:00+00:00,2026-02-24 18:00:00+00:00,10.0,3.14,0.2,0.040177777777777784,0.0,0.040177777777777784,baseline,turbine_1,2026-02-25 00:00:00+00:00,turbine_1: на 2026-02-25T00:00:00+00:00 проверяемого факта пока нет; overlap_wind_change=1.091m/s>=0.5.
2026-02-25 05:00:00+00:00,2026-02-24 18:00:00+00:00,11.0,2.73,1.9,0.03161111111111112,0.0,0.03161111111111112,baseline,turbine_1,2026-02-25 00:00:00+00:00,turbine_1: на 2026-02-25T00:00:00+00:00 проверяемого факта пока нет; overlap_wind_change=1.091m/s>=0.5.
2026-02-25 06:00:00+00:00,2026-02-24 18:00:00+00:00,12.0,1.31,2.2,0.015133333333333334,0.0,0.015133333333333334,baseline,turbine_1,2026-02-25 00:00:00+00:00,turbine_1: на 2026-02-25T00:00:00+00:00 проверяемого факта пока нет; overlap_wind_change=1.091m/s>=0.5.
2026-02-25 07:00:00+00:00,2026-02-24 18:00:00+00:00,13.0,0.5,3.0,0.01,0.0,0.01,baseline,turbine_1,2026-02-25 00:00:00+00:00,turbine_1: на 2026-02-25T00:00:00+00:00 проверяемого факта пока нет; overlap_wind_change=1.091m/s>=0.5.
2026-02-25 08:00:00+00:00,2026-02-24 18:00:00+00:00,14.0,0.52,3.4,0.01,0.052599472244682366,0.01,baseline,turbine_1,2026-02-25 00:00:00+00:00,turbine_1: на 2026-02-25T00:00:00+00:00 проверяемого факта пока нет; overlap_wind_change=1.091m/s>=0.5.
2026-02-25 09:00:00+00:00,2026-02-24 18:00:00+00:00,15.0,0.41,3.8,0.01,0.08574170597972929,0.01,baseline,turbine_1,2026-02-25 00:00:00+00:00,turbine_1: на 2026-02-25T00:00:00+00:00 проверяемого факта пока нет; overlap_wind_change=1.091m/s>=0.5.
2026-02-25 10:00:00+00:00,2026-02-24 18:00:00+00:00,16.0,0.15,4.1,0.01,0.09953837650652285,0.01,baseline,turbine_1,2026-02-25 00:00:00+00:00,turbine_1: на 2026-02-25T00:00:00+00:00 проверяемого факта пока нет; overlap_wind_change=1.091m/s>=0.5.
2026-02-25 11:00:00+00:00,2026-02-24 18:00:00+00:00,17.0,0.83,3.9,0.010799999999999999,0.07469065389909593,0.010799999999999999,baseline,turbine_1,2026-02-25 00:00:00+00:00,turbine_1: на 2026-02-25T00:00:00+00:00 проверяемого факта пока нет; overlap_wind_change=1.091m/s>=0.5.
2026-02-25 12:00:00+00:00,2026-02-24 18:00:00+00:00,18.0,2.16,3.0,0.022261111111111113,0.07366945201781094,0.022261111111111113,baseline,turbine_1,2026-02-25 00:00:00+00:00,turbine_1: на 2026-02-25T00:00:00+00:00 проверяемого факта пока нет; overlap_wind_change=1.091m/s>=0.5.
2026-02-25 13:00:00+00:00,2026-02-24 18:00:00+00:00,19.0,1.87,1.2,0.017911111111111114,0.09049367829422066,0.017911111111111114,baseline,turbine_1,2026-02-25 00:00:00+00:00,turbine_1: на 2026-02-25T00:00:00+00:00 проверяемого факта пока нет; overlap_wind_change=1.091m/s>=0.5.
2026-02-25 14:00:00+00:00,2026-02-24 18:00:00+00:00,20.0,1.17,0.5,0.014199999999999999,0.07182468223197729,0.014199999999999999,baseline,turbine_1,2026-02-25 00:00:00+00:00,turbine_1: на 2026-02-25T00:00:00+00:00 проверяемого факта пока нет; overlap_wind_change=1.091m/s>=0.5.
2026-02-25 15:00:00+00:00,2026-02-24 18:00:00+00:00,21.0,1.45,0.2,0.015444444444444445,0.0899402636774847,0.015444444444444445,baseline,turbine_1,2026-02-25 00:00:00+00:00,turbine_1: на 2026-02-25T00:00:00+00:00 проверяемого факта пока нет; overlap_wind_change=1.091m/s>=0.5.
2026-02-25 16:00:00+00:00,2026-02-24 18:00:00+00:00,22.0,2.61,-0.4,0.029611111111111112,0.08926896185358096,0.029611111111111112,baseline,turbine_1,2026-02-25 00:00:00+00:00,turbine_1: на 2026-02-25T00:00:00+00:00 проверяемого факта пока нет; overlap_wind_change=1.091m/s>=0.5.
2026-02-25 17:00:00+00:00,2026-02-24 18:00:00+00:00,23.0,4.32,-1.0,0.12717222222222224,0.1602336962214437,0.12717222222222224,baseline,turbine_1,2026-02-25 00:00:00+00:00,turbine_1: на 2026-02-25T00:00:00+00:00 проверяемого факта пока нет; overlap_wind_change=1.091m/s>=0.5.
2026-02-25 18:00:00+00:00,2026-02-24 18:00:00+00:00,24.0,6.84,-0.5,0.49307222222222213,0.7081684713901668,0.49307222222222213,baseline,turbine_1,2026-02-25 00:00:00+00:00,turbine_1: на 2026-02-25T00:00:00+00:00 проверяемого факта пока нет; overlap_wind_change=1.091m/s>=0.5.
2026-02-25 19:00:00+00:00,2026-02-24 18:00:00+00:00,25.0,7.29,-0.3,0.5929666666666666,0.7679766799353404,0.5929666666666666,baseline,turbine_1,2026-02-25 00:00:00+00:00,turbine_1: на 2026-02-25T00:00:00+00:00 проверяемого факта пока нет; overlap_wind_change=1.091m/s>=0.5.
2026-02-25 20:00:00+00:00,2026-02-24 18:00:00+00:00,26.0,7.64,0.2,0.6359388888888888,0.6865006567588978,0.6359388888888888,baseline,turbine_1,2026-02-25 00:00:00+00:00,turbine_1: на 2026-02-25T00:00:00+00:00 проверяемого факта пока нет; overlap_wind_change=1.091m/s>=0.5.
2026-02-25 21:00:00+00:00,2026-02-24 18:00:00+00:00,27.0,7.69,0.6,0.6420777777777777,0.6505454896601157,0.6420777777777777,baseline,turbine_1,2026-02-25 00:00:00+00:00,turbine_1: на 2026-02-25T00:00:00+00:00 проверяемого факта пока нет; overlap_wind_change=1.091m/s>=0.5.
2026-02-25 22:00:00+00:00,2026-02-24 18:00:00+00:00,28.0,6.69,0.7,0.4601555555555556,0.6130401210334631,0.4601555555555556,baseline,turbine_1,2026-02-25 00:00:00+00:00,turbine_1: на 2026-02-25T00:00:00+00:00 проверяемого факта пока нет; overlap_wind_change=1.091m/s>=0.5.
2026-02-25 23:00:00+00:00,2026-02-24 18:00:00+00:00,29.0,5.77,0.6,0.26499999999999996,0.3944692987005997,0.26499999999999996,baseline,turbine_1,2026-02-25 00:00:00+00:00,turbine_1: на 2026-02-25T00:00:00+00:00 проверяемого факта пока нет; overlap_wind_change=1.091m/s>=0.5.
2026-02-26 00:00:00+00:00,2026-02-24 18:00:00+00:00,30.0,6.5,0.1,0.4219444444444444,0.5985069633647485,0.4219444444444444,baseline,turbine_1,2026-02-25 00:00:00+00:00,turbine_1: на 2026-02-25T00:00:00+00:00 проверяемого факта пока нет; overlap_wind_change=1.091m/s>=0.5.
2026-02-26 01:00:00+00:00,2026-02-24 18:00:00+00:00,31.0,5.86,0.2,0.2850000000000001,0.4180223660264417,0.2850000000000001,baseline,turbine_1,2026-02-25 00:00:00+00:00,turbine_1: на 2026-02-25T00:00:00+00:00 проверяемого факта пока нет; overlap_wind_change=1.091m/s>=0.5.
2026-02-26 02:00:00+00:00,2026-02-24 18:00:00+00:00,32.0,5.79,0.2,0.2694444444444445,0.3814405728777286,0.2694444444444445,baseline,turbine_1,2026-02-25 00:00:00+00:00,turbine_1: на 2026-02-25T00:00:00+00:00 проверяемого факта пока нет; overlap_wind_change=1.091m/s>=0.5.
2026-02-26 03:00:00+00:00,2026-02-24 18:00:00+00:00,33.0,5.39,1.1,0.22215555555555552,0.2945658867421012,0.22215555555555552,baseline,turbine_1,2026-02-25 00:00:00+00:00,turbine_1: на 2026-02-25T00:00:00+00:00 проверяемого факта пока нет; overlap_wind_change=1.091m/s>=0.5.
2026-02-26 04:00:00+00:00,2026-02-24 18:00:00+00:00,34.0,3.35,3.0,0.04944444444444445,0.15277064748741576,0.04944444444444445,baseline,turbine_1,2026-02-25 00:00:00+00:00,turbine_1: на 2026-02-25T00:00:00+00:00 проверяемого факта пока нет; overlap_wind_change=1.091m/s>=0.5.
2026-02-26 05:00:00+00:00,2026-02-24 18:00:00+00:00,35.0,2.55,4.1,0.02861111111111111,0.1303113192407229,0.02861111111111111,baseline,turbine_1,2026-02-25 00:00:00+00:00,turbine_1: на 2026-02-25T00:00:00+00:00 проверяемого факта пока нет; overlap_wind_change=1.091m/s>=0.5.
2026-02-26 06:00:00+00:00,2026-02-24 18:00:00+00:00,36.0,11.0,4.1,0.9849999999999999,0.8500754696871717,0.9849999999999999,baseline,turbine_1,2026-02-25 00:00:00+00:00,turbine_1: на 2026-02-25T00:00:00+00:00 проверяемого факта пока нет; overlap_wind_change=1.091m/s>=0.5.
2026-02-26 07:00:00+00:00,2026-02-24 18:00:00+00:00,37.0,5.72,2.3,0.25735555555555556,0.38924689152620645,0.25735555555555556,baseline,turbine_1,2026-02-25 00:00:00+00:00,turbine_1: на 2026-02-25T00:00:00+00:00 проверяемого факта пока нет; overlap_wind_change=1.091m/s>=0.5.
2026-02-26 08:00:00+00:00,2026-02-24 18:00:00+00:00,38.0,5.15,0.1,0.19900000000000004,0.30998157568348766,0.19900000000000004,baseline,turbine_1,2026-02-25 00:00:00+00:00,turbine_1: на 2026-02-25T00:00:00+00:00 проверяемого факта пока нет; overlap_wind_change=1.091m/s>=0.5.
2026-02-26 09:00:00+00:00,2026-02-24 18:00:00+00:00,39.0,4.94,-1.3,0.18173333333333339,0.3154250094435792,0.18173333333333339,baseline,turbine_1,2026-02-25 00:00:00+00:00,turbine_1: на 2026-02-25T00:00:00+00:00 проверяемого факта пока нет; overlap_wind_change=1.091m/s>=0.5.
2026-02-26 10:00:00+00:00,2026-02-24 18:00:00+00:00,40.0,5.24,-1.7,0.20640000000000003,0.3084987133366416,0.20640000000000003,baseline,turbine_1,2026-02-25 00:00:00+00:00,turbine_1: на 2026-02-25T00:00:00+00:00 проверяемого факта пока нет; overlap_wind_change=1.091m/s>=0.5.
2026-02-26 11:00:00+00:00,2026-02-24 18:00:00+00:00,41.0,6.3,-1.4,0.3817222222222222,0.7019606552287417,0.3817222222222222,baseline,turbine_1,2026-02-25 00:00:00+00:00,turbine_1: на 2026-02-25T00:00:00+00:00 проверяемого факта пока нет; overlap_wind_change=1.091m/s>=0.5.
2026-02-26 12:00:00+00:00,2026-02-24 18:00:00+00:00,42.0,7.23,-1.7,0.5834222222222223,0.7334290616331456,0.5834222222222223,baseline,turbine_1,2026-02-25 00:00:00+00:00,turbine_1: на 2026-02-25T00:00:00+00:00 проверяемого факта пока нет; overlap_wind_change=1.091m/s>=0.5.
2026-02-26 13:00:00+00:00,2026-02-24 18:00:00+00:00,43.0,6.81,-1.6,0.48612222222222207,0.7082334713114673,0.48612222222222207,baseline,turbine_1,2026-02-25 00:00:00+00:00,turbine_1: на 2026-02-25T00:00:00+00:00 проверяемого факта пока нет; overlap_wind_change=1.091m/s>=0.5.
2026-02-26 14:00:00+00:00,2026-02-24 18:00:00+00:00,44.0,7.02,-2.0,0.5347722222222221,0.715134060503066,0.5347722222222221,baseline,turbine_1,2026-02-25 00:00:00+00:00,turbine_1: на 2026-02-25T00:00:00+00:00 проверяемого факта пока нет; overlap_wind_change=1.091m/s>=0.5.
2026-02-26 15:00:00+00:00,2026-02-24 18:00:00+00:00,45.0,7.96,-2.5,0.6980944444444445,0.7371808769492988,0.6980944444444445,baseline,turbine_1,2026-02-25 00:00:00+00:00,turbine_1: на 2026-02-25T00:00:00+00:00 проверяемого факта пока нет; overlap_wind_change=1.091m/s>=0.5.
2026-02-26 16:00:00+00:00,2026-02-24 18:00:00+00:00,46.0,6.81,-2.4,0.48612222222222207,0.7122362055241156,0.48612222222222207,baseline,turbine_1,2026-02-25 00:00:00+00:00,turbine_1: на 2026-02-25T00:00:00+00:00 проверяемого факта пока нет; overlap_wind_change=1.091m/s>=0.5.
2026-02-26 17:00:00+00:00,2026-02-24 18:00:00+00:00,47.0,7.92,-2.7,0.6888277777777777,0.7444308025330632,0.6888277777777777,baseline,turbine_1,2026-02-25 00:00:00+00:00,turbine_1: на 2026-02-25T00:00:00+00:00 проверяемого факта пока нет; overlap_wind_change=1.091m/s>=0.5.
2026-02-26 18:00:00+00:00,2026-02-24 18:00:00+00:00,48.0,8.81,-2.7,0.8710222222222223,0.9007582482006952,0.8710222222222223,baseline,turbine_1,2026-02-25 00:00:00+00:00,turbine_1: на 2026-02-25T00:00:00+00:00 проверяемого факта пока нет; overlap_wind_change=1.091m/s>=0.5.
2026-02-26 19:00:00+00:00,2026-02-24 18:00:00+00:00,49.0,9.33,-2.8,0.9582,0.9110710139041474,0.9582,baseline,turbine_1,2026-02-25 00:00:00+00:00,turbine_1: на 2026-02-25T00:00:00+00:00 проверяемого факта пока нет; overlap_wind_change=1.091m/s>=0.5.
2026-02-26 20:00:00+00:00,2026-02-24 18:00:00+00:00,50.0,9.36,-3.0,0.9598166666666667,0.9140469847891962,0.9598166666666667,baseline,turbine_1,2026-02-25 00:00:00+00:00,turbine_1: на 2026-02-25T00:00:00+00:00 проверяемого факта пока нет; overlap_wind_change=1.091m/s>=0.5.
2026-02-26 21:00:00+00:00,2026-02-24 18:00:00+00:00,51.0,7.76,-3.3,0.651761111111111,0.7272688947070821,0.651761111111111,baseline,turbine_1,2026-02-25 00:00:00+00:00,turbine_1: на 2026-02-25T00:00:00+00:00 проверяемого факта пока нет; overlap_wind_change=1.091m/s>=0.5.
2026-02-26 22:00:00+00:00,2026-02-24 18:00:00+00:00,52.0,7.28,-3.2,0.5917388888888889,0.684115508704901,0.5917388888888889,baseline,turbine_1,2026-02-25 00:00:00+00:00,turbine_1: на 2026-02-25T00:00:00+00:00 проверяемого факта пока нет; overlap_wind_change=1.091m/s>=0.5.
2026-02-26 23:00:00+00:00,2026-02-24 18:00:00+00:00,53.0,7.05,-3.4,0.5417222222222221,0.6653138696777708,0.5417222222222221,baseline,turbine_1,2026-02-25 00:00:00+00:00,turbine_1: на 2026-02-25T00:00:00+00:00 проверяемого факта пока нет; overlap_wind_change=1.091m/s>=0.5.
2026-02-27 00:00:00+00:00,2026-02-24 18:00:00+00:00,54.0,7.44,-4.1,0.6113833333333334,0.609048779166554,0.6113833333333334,baseline,turbine_1,2026-02-25 00:00:00+00:00,turbine_1: на 2026-02-25T00:00:00+00:00 проверяемого факта пока нет; overlap_wind_change=1.091m/s>=0.5.
2026-02-25 01:00:00+00:00,2026-02-24 18:00:00+00:00,7.0,3.83,-1.5,0.07507777777777778,0.0,0.07507777777777778,baseline,turbine_2,2026-02-25 00:00:00+00:00,turbine_2: на 2026-02-25T00:00:00+00:00 проверяемого факта пока нет; overlap_wind_change=1.091m/s>=0.5.
2026-02-25 02:00:00+00:00,2026-02-24 18:00:00+00:00,8.0,3.19,-1.2,0.03442222222222222,0.0,0.03442222222222222,baseline,turbine_2,2026-02-25 00:00:00+00:00,turbine_2: на 2026-02-25T00:00:00+00:00 проверяемого факта пока нет; overlap_wind_change=1.091m/s>=0.5.
2026-02-25 03:00:00+00:00,2026-02-24 18:00:00+00:00,9.0,2.9,-0.8,0.028944444444444443,0.0,0.028944444444444443,baseline,turbine_2,2026-02-25 00:00:00+00:00,turbine_2: на 2026-02-25T00:00:00+00:00 проверяемого факта пока нет; overlap_wind_change=1.091m/s>=0.5.
2026-02-25 04:00:00+00:00,2026-02-24 18:00:00+00:00,10.0,3.14,0.2,0.03347777777777778,0.0,0.03347777777777778,baseline,turbine_2,2026-02-25 00:00:00+00:00,turbine_2: на 2026-02-25T00:00:00+00:00 проверяемого факта пока нет; overlap_wind_change=1.091m/s>=0.5.
2026-02-25 05:00:00+00:00,2026-02-24 18:00:00+00:00,11.0,2.73,1.9,0.025911111111111114,0.0083995032106986,0.025911111111111114,baseline,turbine_2,2026-02-25 00:00:00+00:00,turbine_2: на 2026-02-25T00:00:00+00:00 проверяемого факта пока нет; overlap_wind_change=1.091m/s>=0.5.
2026-02-25 06:00:00+00:00,2026-02-24 18:00:00+00:00,12.0,1.31,2.2,0.014088888888888889,0.0,0.014088888888888889,baseline,turbine_2,2026-02-25 00:00:00+00:00,turbine_2: на 2026-02-25T00:00:00+00:00 проверяемого факта пока нет; overlap_wind_change=1.091m/s>=0.5.
2026-02-25 07:00:00+00:00,2026-02-24 18:00:00+00:00,13.0,0.5,3.0,0.01,0.011878957910937963,0.01,baseline,turbine_2,2026-02-25 00:00:00+00:00,turbine_2: на 2026-02-25T00:00:00+00:00 проверяемого факта пока нет; overlap_wind_change=1.091m/s>=0.5.
2026-02-25 08:00:00+00:00,2026-02-24 18:00:00+00:00,14.0,0.52,3.4,0.01,0.08013662930523964,0.01,baseline,turbine_2,2026-02-25 00:00:00+00:00,turbine_2: на 2026-02-25T00:00:00+00:00 проверяемого факта пока нет; overlap_wind_change=1.091m/s>=0.5.
2026-02-25 09:00:00+00:00,2026-02-24 18:00:00+00:00,15.0,0.41,3.8,0.01,0.1235747981324395,0.01,baseline,turbine_2,2026-02-25 00:00:00+00:00,turbine_2: на 2026-02-25T00:00:00+00:00 проверяемого факта пока нет; overlap_wind_change=1.091m/s>=0.5.
2026-02-25 10:00:00+00:00,2026-02-24 18:00:00+00:00,16.0,0.15,4.1,0.01,0.12072270473441124,0.01,baseline,turbine_2,2026-02-25 00:00:00+00:00,turbine_2: на 2026-02-25T00:00:00+00:00 проверяемого факта пока нет; overlap_wind_change=1.091m/s>=0.5.
2026-02-25 11:00:00+00:00,2026-02-24 18:00:00+00:00,17.0,0.83,3.9,0.010622222222222222,0.12373107681781674,0.010622222222222222,baseline,turbine_2,2026-02-25 00:00:00+00:00,turbine_2: на 2026-02-25T00:00:00+00:00 проверяемого факта пока нет; overlap_wind_change=1.091m/s>=0.5.
2026-02-25 12:00:00+00:00,2026-02-24 18:00:00+00:00,18.0,2.16,3.0,0.020111111111111114,0.1170783117074148,0.020111111111111114,baseline,turbine_2,2026-02-25 00:00:00+00:00,turbine_2: на 2026-02-25T00:00:00+00:00 проверяемого факта пока нет; overlap_wind_change=1.091m/s>=0.5.
2026-02-25 13:00:00+00:00,2026-02-24 18:00:00+00:00,19.0,1.87,1.2,0.016888888888888887,0.12694941755084593,0.016888888888888887,baseline,turbine_2,2026-02-25 00:00:00+00:00,turbine_2: на 2026-02-25T00:00:00+00:00 проверяемого факта пока нет; overlap_wind_change=1.091m/s>=0.5.
2026-02-25 14:00:00+00:00,2026-02-24 18:00:00+00:00,20.0,1.17,0.5,0.013266666666666666,0.08728239126056446,0.013266666666666666,baseline,turbine_2,2026-02-25 00:00:00+00:00,turbine_2: на 2026-02-25T00:00:00+00:00 проверяемого факта пока нет; overlap_wind_change=1.091m/s>=0.5.
2026-02-25 15:00:00+00:00,2026-02-24 18:00:00+00:00,21.0,1.45,0.2,0.014555555555555554,0.10933734031997235,0.014555555555555554,baseline,turbine_2,2026-02-25 00:00:00+00:00,turbine_2: на 2026-02-25T00:00:00+00:00 проверяемого факта пока нет; overlap_wind_change=1.091m/s>=0.5.
2026-02-25 16:00:00+00:00,2026-02-24 18:00:00+00:00,22.0,2.61,-0.4,0.02471111111111111,0.10035644618874671,0.02471111111111111,baseline,turbine_2,2026-02-25 00:00:00+00:00,turbine_2: на 2026-02-25T00:00:00+00:00 проверяемого факта пока нет; overlap_wind_change=1.091m/s>=0.5.
2026-02-25 17:00:00+00:00,2026-02-24 18:00:00+00:00,23.0,4.32,-1.0,0.11198333333333337,0.1661417223686096,0.11198333333333337,baseline,turbine_2,2026-02-25 00:00:00+00:00,turbine_2: на 2026-02-25T00:00:00+00:00 проверяемого факта пока нет; overlap_wind_change=1.091m/s>=0.5.
2026-02-25 18:00:00+00:00,2026-02-24 18:00:00+00:00,24.0,6.84,-0.5,0.4854222222222221,0.7159402882369705,0.4854222222222221,baseline,turbine_2,2026-02-25 00:00:00+00:00,turbine_2: на 2026-02-25T00:00:00+00:00 проверяемого факта пока нет; overlap_wind_change=1.091m/s>=0.5.
2026-02-25 19:00:00+00:00,2026-02-24 18:00:00+00:00,25.0,7.29,-0.3,0.5959111111111111,0.7565337360101576,0.5959111111111111,baseline,turbine_2,2026-02-25 00:00:00+00:00,turbine_2: на 2026-02-25T00:00:00+00:00 проверяемого факта пока нет; overlap_wind_change=1.091m/s>=0.5.
2026-02-25 20:00:00+00:00,2026-02-24 18:00:00+00:00,26.0,7.64,0.2,0.637911111111111,0.6518875114196871,0.637911111111111,baseline,turbine_2,2026-02-25 00:00:00+00:00,turbine_2: на 2026-02-25T00:00:00+00:00 проверяемого факта пока нет; overlap_wind_change=1.091m/s>=0.5.
2026-02-25 21:00:00+00:00,2026-02-24 18:00:00+00:00,27.0,7.69,0.6,0.6439111111111111,0.6334191665737314,0.6439111111111111,baseline,turbine_2,2026-02-25 00:00:00+00:00,turbine_2: на 2026-02-25T00:00:00+00:00 проверяемого факта пока нет; overlap_wind_change=1.091m/s>=0.5.
2026-02-25 22:00:00+00:00,2026-02-24 18:00:00+00:00,28.0,6.69,0.7,0.45122222222222225,0.6123108442882872,0.45122222222222225,baseline,turbine_2,2026-02-25 00:00:00+00:00,turbine_2: на 2026-02-25T00:00:00+00:00 проверяемого факта пока нет; overlap_wind_change=1.091m/s>=0.5.
2026-02-25 23:00:00+00:00,2026-02-24 18:00:00+00:00,29.0,5.77,0.6,0.26362222222222215,0.41739632695982637,0.26362222222222215,baseline,turbine_2,2026-02-25 00:00:00+00:00,turbine_2: на 2026-02-25T00:00:00+00:00 проверяемого факта пока нет; overlap_wind_change=1.091m/s>=0.5.
2026-02-26 00:00:00+00:00,2026-02-24 18:00:00+00:00,30.0,6.5,0.1,0.4163888888888888,0.5911560096994787,0.4163888888888888,baseline,turbine_2,2026-02-25 00:00:00+00:00,turbine_2: на 2026-02-25T00:00:00+00:00 проверяемого факта пока нет; overlap_wind_change=1.091m/s>=0.5.
2026-02-26 01:00:00+00:00,2026-02-24 18:00:00+00:00,31.0,5.86,0.2,0.2836722222222223,0.4336197921766719,0.2836722222222223,baseline,turbine_2,2026-02-25 00:00:00+00:00,turbine_2: на 2026-02-25T00:00:00+00:00 проверяемого факта пока нет; overlap_wind_change=1.091m/s>=0.5.
2026-02-26 02:00:00+00:00,2026-02-24 18:00:00+00:00,32.0,5.79,0.2,0.2680777777777778,0.411940572924321,0.2680777777777778,baseline,turbine_2,2026-02-25 00:00:00+00:00,turbine_2: на 2026-02-25T00:00:00+00:00 проверяемого факта пока нет; overlap_wind_change=1.091m/s>=0.5.
2026-02-26 03:00:00+00:00,2026-02-24 18:00:00+00:00,33.0,5.39,1.1,0.2101666666666666,0.31551880393274107,0.2101666666666666,baseline,turbine_2,2026-02-25 00:00:00+00:00,turbine_2: на 2026-02-25T00:00:00+00:00 проверяемого факта пока нет; overlap_wind_change=1.091m/s>=0.5.
2026-02-26 04:00:00+00:00,2026-02-24 18:00:00+00:00,34.0,3.35,3.0,0.04227777777777778,0.1780375250832865,0.04227777777777778,baseline,turbine_2,2026-02-25 00:00:00+00:00,turbine_2: на 2026-02-25T00:00:00+00:00 проверяемого факта пока нет; overlap_wind_change=1.091m/s>=0.5.
2026-02-26 05:00:00+00:00,2026-02-24 18:00:00+00:00,35.0,2.55,4.1,0.02411111111111111,0.17849221254185116,0.02411111111111111,baseline,turbine_2,2026-02-25 00:00:00+00:00,turbine_2: на 2026-02-25T00:00:00+00:00 проверяемого факта пока нет; overlap_wind_change=1.091m/s>=0.5.
2026-02-26 06:00:00+00:00,2026-02-24 18:00:00+00:00,36.0,11.0,4.1,0.9765277777777777,0.895758772144935,0.9765277777777777,baseline,turbine_2,2026-02-25 00:00:00+00:00,turbine_2: на 2026-02-25T00:00:00+00:00 проверяемого факта пока нет; overlap_wind_change=1.091m/s>=0.5.
2026-02-26 07:00:00+00:00,2026-02-24 18:00:00+00:00,37.0,5.72,2.3,0.25508333333333333,0.4530429305060272,0.25508333333333333,baseline,turbine_2,2026-02-25 00:00:00+00:00,turbine_2: на 2026-02-25T00:00:00+00:00 проверяемого факта пока нет; overlap_wind_change=1.091m/s>=0.5.
2026-02-26 08:00:00+00:00,2026-02-24 18:00:00+00:00,38.0,5.15,0.1,0.18250000000000002,0.3189215876435879,0.18250000000000002,baseline,turbine_2,2026-02-25 00:00:00+00:00,turbine_2: на 2026-02-25T00:00:00+00:00 проверяемого факта пока нет; overlap_wind_change=1.091m/s>=0.5.
2026-02-26 09:00:00+00:00,2026-02-24 18:00:00+00:00,39.0,4.94,-1.3,0.1644166666666667,0.3235973106230026,0.1644166666666667,baseline,turbine_2,2026-02-25 00:00:00+00:00,turbine_2: на 2026-02-25T00:00:00+00:00 проверяемого факта пока нет; overlap_wind_change=1.091m/s>=0.5.
2026-02-26 10:00:00+00:00,2026-02-24 18:00:00+00:00,40.0,5.24,-1.7,0.19025,0.31536327668112407,0.19025,baseline,turbine_2,2026-02-25 00:00:00+00:00,turbine_2: на 2026-02-25T00:00:00+00:00 проверяемого факта пока нет; overlap_wind_change=1.091m/s>=0.5.
2026-02-26 11:00:00+00:00,2026-02-24 18:00:00+00:00,41.0,6.3,-1.4,0.3797222222222222,0.7422043474223298,0.3797222222222222,baseline,turbine_2,2026-02-25 00:00:00+00:00,turbine_2: на 2026-02-25T00:00:00+00:00 проверяемого факта пока нет; overlap_wind_change=1.091m/s>=0.5.
2026-02-26 12:00:00+00:00,2026-02-24 18:00:00+00:00,42.0,7.23,-1.7,0.5859555555555556,0.7446476477309804,0.5859555555555556,baseline,turbine_2,2026-02-25 00:00:00+00:00,turbine_2: на 2026-02-25T00:00:00+00:00 проверяемого факта пока нет; overlap_wind_change=1.091m/s>=0.5.
2026-02-26 13:00:00+00:00,2026-02-24 18:00:00+00:00,43.0,6.81,-1.6,0.4776888888888887,0.7468234318317906,0.4776888888888887,baseline,turbine_2,2026-02-25 00:00:00+00:00,turbine_2: на 2026-02-25T00:00:00+00:00 проверяемого факта пока нет; overlap_wind_change=1.091m/s>=0.5.
2026-02-26 14:00:00+00:00,2026-02-24 18:00:00+00:00,44.0,7.02,-2.0,0.5318222222222221,0.7367316460123954,0.5318222222222221,baseline,turbine_2,2026-02-25 00:00:00+00:00,turbine_2: на 2026-02-25T00:00:00+00:00 проверяемого факта пока нет; overlap_wind_change=1.091m/s>=0.5.
2026-02-26 15:00:00+00:00,2026-02-24 18:00:00+00:00,45.0,7.96,-2.5,0.702911111111111,0.7832816132666781,0.702911111111111,baseline,turbine_2,2026-02-25 00:00:00+00:00,turbine_2: на 2026-02-25T00:00:00+00:00 проверяемого факта пока нет; overlap_wind_change=1.091m/s>=0.5.
2026-02-26 16:00:00+00:00,2026-02-24 18:00:00+00:00,46.0,6.81,-2.4,0.4776888888888887,0.7452900534355361,0.4776888888888887,baseline,turbine_2,2026-02-25 00:00:00+00:00,turbine_2: на 2026-02-25T00:00:00+00:00 проверяемого факта пока нет; overlap_wind_change=1.091m/s>=0.5.
2026-02-26 17:00:00+00:00,2026-02-24 18:00:00+00:00,47.0,7.92,-2.7,0.6930444444444444,0.7650204423925833,0.6930444444444444,baseline,turbine_2,2026-02-25 00:00:00+00:00,turbine_2: на 2026-02-25T00:00:00+00:00 проверяемого факта пока нет; overlap_wind_change=1.091m/s>=0.5.
2026-02-26 18:00:00+00:00,2026-02-24 18:00:00+00:00,48.0,8.81,-2.7,0.8608777777777777,0.9117016613964175,0.8608777777777777,baseline,turbine_2,2026-02-25 00:00:00+00:00,turbine_2: на 2026-02-25T00:00:00+00:00 проверяемого факта пока нет; overlap_wind_change=1.091m/s>=0.5.
2026-02-26 19:00:00+00:00,2026-02-24 18:00:00+00:00,49.0,9.33,-2.8,0.9485444444444444,0.9828860482893353,0.9485444444444444,baseline,turbine_2,2026-02-25 00:00:00+00:00,turbine_2: на 2026-02-25T00:00:00+00:00 проверяемого факта пока нет; overlap_wind_change=1.091m/s>=0.5.
2026-02-26 20:00:00+00:00,2026-02-24 18:00:00+00:00,50.0,9.36,-3.0,0.9499777777777777,0.9704287877231647,0.9499777777777777,baseline,turbine_2,2026-02-25 00:00:00+00:00,turbine_2: на 2026-02-25T00:00:00+00:00 проверяемого факта пока нет; overlap_wind_change=1.091m/s>=0.5.
2026-02-26 21:00:00+00:00,2026-02-24 18:00:00+00:00,51.0,7.76,-3.3,0.6535777777777777,0.6803521689769383,0.6535777777777777,baseline,turbine_2,2026-02-25 00:00:00+00:00,turbine_2: на 2026-02-25T00:00:00+00:00 проверяемого факта пока нет; overlap_wind_change=1.091m/s>=0.5.
2026-02-26 22:00:00+00:00,2026-02-24 18:00:00+00:00,52.0,7.28,-3.2,0.5947111111111111,0.6495002934220514,0.5947111111111111,baseline,turbine_2,2026-02-25 00:00:00+00:00,turbine_2: на 2026-02-25T00:00:00+00:00 проверяемого факта пока нет; overlap_wind_change=1.091m/s>=0.5.
2026-02-26 23:00:00+00:00,2026-02-24 18:00:00+00:00,53.0,7.05,-3.4,0.5395555555555555,0.6336487072364252,0.5395555555555555,baseline,turbine_2,2026-02-25 00:00:00+00:00,turbine_2: на 2026-02-25T00:00:00+00:00 проверяемого факта пока нет; overlap_wind_change=1.091m/s>=0.5.
2026-02-27 00:00:00+00:00,2026-02-24 18:00:00+00:00,54.0,7.44,-4.1,0.6139111111111111,0.6305851986693136,0.6139111111111111,baseline,turbine_2,2026-02-25 00:00:00+00:00,turbine_2: на 2026-02-25T00:00:00+00:00 проверяемого факта пока нет; overlap_wind_change=1.091m/s>=0.5.
2026-02-26 01:00:00+00:00,2026-02-25 18:00:00+00:00,7.0,7.08,0.7,0.5486722222222222,0.3923150383778691,0.5486722222222222,baseline,turbine_1,2026-02-26 00:00:00+00:00,turbine_1: на 2026-02-26T00:00:00+00:00 проверяемого факта пока нет; overlap_wind_change=1.253m/s>=0.5.
2026-02-26 02:00:00+00:00,2026-02-25 18:00:00+00:00,8.0,7.37,0.8,0.6027888888888889,0.3833430502089792,0.6027888888888889,baseline,turbine_1,2026-02-26 00:00:00+00:00,turbine_1: на 2026-02-26T00:00:00+00:00 проверяемого факта пока нет; overlap_wind_change=1.253m/s>=0.5.
2026-02-26 03:00:00+00:00,2026-02-25 18:00:00+00:00,9.0,7.37,1.3,0.6027888888888889,0.41620230341999,0.6027888888888889,baseline,turbine_1,2026-02-26 00:00:00+00:00,turbine_1: на 2026-02-26T00:00:00+00:00 проверяемого факта пока нет; overlap_wind_change=1.253m/s>=0.5.
2026-02-26 04:00:00+00:00,2026-02-25 18:00:00+00:00,10.0,5.91,3.3,0.29611111111111116,0.2515148638020364,0.29611111111111116,baseline,turbine_1,2026-02-26 00:00:00+00:00,turbine_1: на 2026-02-26T00:00:00+00:00 проверяемого факта пока нет; overlap_wind_change=1.253m/s>=0.5.
2026-02-26 05:00:00+00:00,2026-02-25 18:00:00+00:00,11.0,3.09,5.0,0.039122222222222225,0.0,0.039122222222222225,baseline,turbine_1,2026-02-26 00:00:00+00:00,turbine_1: на 2026-02-26T00:00:00+00:00 проверяемого факта пока нет; overlap_wind_change=1.253m/s>=0.5.
2026-02-26 06:00:00+00:00,2026-02-25 18:00:00+00:00,12.0,7.78,6.2,0.6563944444444444,0.5423439365301126,0.6563944444444444,baseline,turbine_1,2026-02-26 00:00:00+00:00,turbine_1: на 2026-02-26T00:00:00+00:00 проверяемого факта пока нет; overlap_wind_change=1.253m/s>=0.5.
2026-02-26 07:00:00+00:00,2026-02-25 18:00:00+00:00,13.0,9.07,3.5,0.919988888888889,0.8286352125175815,0.919988888888889,baseline,turbine_1,2026-02-26 00:00:00+00:00,turbine_1: на 2026-02-26T00:00:00+00:00 проверяемого факта пока нет; overlap_wind_change=1.253m/s>=0.5.
2026-02-26 08:00:00+00:00,2026-02-25 18:00:00+00:00,14.0,6.62,3.1,0.44607777777777774,0.6257803818441895,0.44607777777777774,baseline,turbine_1,2026-02-26 00:00:00+00:00,turbine_1: на 2026-02-26T00:00:00+00:00 проверяемого факта пока нет; overlap_wind_change=1.253m/s>=0.5.
2026-02-26 09:00:00+00:00,2026-02-25 18:00:00+00:00,15.0,5.86,0.2,0.2850000000000001,0.4598398752221024,0.2850000000000001,baseline,turbine_1,2026-02-26 00:00:00+00:00,turbine_1: на 2026-02-26T00:00:00+00:00 проверяемого факта пока нет; overlap_wind_change=1.253m/s>=0.5.
2026-02-26 10:00:00+00:00,2026-02-25 18:00:00+00:00,16.0,5.77,-0.8,0.26499999999999996,0.4002266200289303,0.26499999999999996,baseline,turbine_1,2026-02-26 00:00:00+00:00,turbine_1: на 2026-02-26T00:00:00+00:00 проверяемого факта пока нет; overlap_wind_change=1.253m/s>=0.5.
2026-02-26 11:00:00+00:00,2026-02-25 18:00:00+00:00,17.0,8.04,-0.5,0.7166277777777776,0.7502610941004045,0.7166277777777776,baseline,turbine_1,2026-02-26 00:00:00+00:00,turbine_1: на 2026-02-26T00:00:00+00:00 проверяемого факта пока нет; overlap_wind_change=1.253m/s>=0.5.
2026-02-26 12:00:00+00:00,2026-02-25 18:00:00+00:00,18.0,8.7,0.7,0.8502777777777776,0.8197506619513903,0.8502777777777776,baseline,turbine_1,2026-02-26 00:00:00+00:00,turbine_1: на 2026-02-26T00:00:00+00:00 проверяемого факта пока нет; overlap_wind_change=1.253m/s>=0.5.
2026-02-26 13:00:00+00:00,2026-02-25 18:00:00+00:00,19.0,8.05,0.4,0.7189444444444446,0.7085290152966733,0.7189444444444446,baseline,turbine_1,2026-02-26 00:00:00+00:00,turbine_1: на 2026-02-26T00:00:00+00:00 проверяемого факта пока нет; overlap_wind_change=1.253m/s>=0.5.
2026-02-26 14:00:00+00:00,2026-02-25 18:00:00+00:00,20.0,7.6,0.4,0.6310277777777777,0.7244483114923929,0.6310277777777777,baseline,turbine_1,2026-02-26 00:00:00+00:00,turbine_1: на 2026-02-26T00:00:00+00:00 проверяемого факта пока нет; overlap_wind_change=1.253m/s>=0.5.
2026-02-26 15:00:00+00:00,2026-02-25 18:00:00+00:00,21.0,9.12,0.5,0.9294055555555554,0.907518820124857,0.9294055555555554,baseline,turbine_1,2026-02-26 00:00:00+00:00,turbine_1: на 2026-02-26T00:00:00+00:00 проверяемого факта пока нет; overlap_wind_change=1.253m/s>=0.5.
2026-02-26 16:00:00+00:00,2026-02-25 18:00:00+00:00,22.0,8.9,1.1,0.8879722222222223,0.8353060873119872,0.8879722222222223,baseline,turbine_1,2026-02-26 00:00:00+00:00,turbine_1: на 2026-02-26T00:00:00+00:00 проверяемого факта пока нет; overlap_wind_change=1.253m/s>=0.5.
2026-02-26 17:00:00+00:00,2026-02-25 18:00:00+00:00,23.0,8.54,1.1,0.8200555555555554,0.7818714892078226,0.8200555555555554,baseline,turbine_1,2026-02-26 00:00:00+00:00,turbine_1: на 2026-02-26T00:00:00+00:00 проверяемого факта пока нет; overlap_wind_change=1.253m/s>=0.5.
2026-02-26 18:00:00+00:00,2026-02-25 18:00:00+00:00,24.0,8.52,0.4,0.8162777777777777,0.8492798701528935,0.8162777777777777,baseline,turbine_1,2026-02-26 00:00:00+00:00,turbine_1: на 2026-02-26T00:00:00+00:00 проверяемого факта пока нет; overlap_wind_change=1.253m/s>=0.5.
2026-02-26 19:00:00+00:00,2026-02-25 18:00:00+00:00,25.0,9.23,-0.2,0.9501222222222223,0.9289382701191874,0.9501222222222223,baseline,turbine_1,2026-02-26 00:00:00+00:00,turbine_1: на 2026-02-26T00:00:00+00:00 проверяемого факта пока нет; overlap_wind_change=1.253m/s>=0.5.
2026-02-26 20:00:00+00:00,2026-02-25 18:00:00+00:00,26.0,7.98,-0.8,0.7027277777777778,0.7238818972364679,0.7027277777777778,baseline,turbine_1,2026-02-26 00:00:00+00:00,turbine_1: на 2026-02-26T00:00:00+00:00 проверяемого факта пока нет; overlap_wind_change=1.253m/s>=0.5.
2026-02-26 21:00:00+00:00,2026-02-25 18:00:00+00:00,27.0,8.17,-0.9,0.7467444444444444,0.7160900022524879,0.7467444444444444,baseline,turbine_1,2026-02-26 00:00:00+00:00,turbine_1: на 2026-02-26T00:00:00+00:00 проверяемого факта пока нет; overlap_wind_change=1.253m/s>=0.5.
2026-02-26 22:00:00+00:00,2026-02-25 18:00:00+00:00,28.0,7.89,-1.0,0.6818777777777777,0.6816369130358747,0.6818777777777777,baseline,turbine_1,2026-02-26 00:00:00+00:00,turbine_1: на 2026-02-26T00:00:00+00:00 проверяемого факта пока нет; overlap_wind_change=1.253m/s>=0.5.
2026-02-26 23:00:00+00:00,2026-02-25 18:00:00+00:00,29.0,7.08,-1.2,0.5486722222222222,0.6465983218796125,0.5486722222222222,baseline,turbine_1,2026-02-26 00:00:00+00:00,turbine_1: на 2026-02-26T00:00:00+00:00 проверяемого факта пока нет; overlap_wind_change=1.253m/s>=0.5.
2026-02-27 00:00:00+00:00,2026-02-25 18:00:00+00:00,30.0,6.46,-1.6,0.41389999999999993,0.6225087603005509,0.41389999999999993,baseline,turbine_1,2026-02-26 00:00:00+00:00,turbine_1: на 2026-02-26T00:00:00+00:00 проверяемого факта пока нет; overlap_wind_change=1.253m/s>=0.5.
2026-02-27 01:00:00+00:00,2026-02-25 18:00:00+00:00,31.0,6.44,-1.5,0.40987777777777784,0.6151667280954584,0.40987777777777784,baseline,turbine_1,2026-02-26 00:00:00+00:00,turbine_1: на 2026-02-26T00:00:00+00:00 проверяемого факта пока нет; overlap_wind_change=1.253m/s>=0.5.
2026-02-27 02:00:00+00:00,2026-02-25 18:00:00+00:00,32.0,5.95,-1.1,0.30500000000000005,0.4212166728850176,0.30500000000000005,baseline,turbine_1,2026-02-26 00:00:00+00:00,turbine_1: на 2026-02-26T00:00:00+00:00 проверяемого факта пока нет; overlap_wind_change=1.253m/s>=0.5.
2026-02-27 03:00:00+00:00,2026-02-25 18:00:00+00:00,33.0,4.74,-0.3,0.16520555555555558,0.21083844291624582,0.16520555555555558,baseline,turbine_1,2026-02-26 00:00:00+00:00,turbine_1: на 2026-02-26T00:00:00+00:00 проверяемого факта пока нет; overlap_wind_change=1.253m/s>=0.5.
2026-02-27 04:00:00+00:00,2026-02-25 18:00:00+00:00,34.0,4.53,0.4,0.14618888888888892,0.22180170502551594,0.14618888888888892,baseline,turbine_1,2026-02-26 00:00:00+00:00,turbine_1: на 2026-02-26T00:00:00+00:00 проверяемого факта пока нет; overlap_wind_change=1.253m/s>=0.5.
2026-02-27 05:00:00+00:00,2026-02-25 18:00:00+00:00,35.0,3.91,1.0,0.09117777777777779,0.14016801037586285,0.09117777777777779,baseline,turbine_1,2026-02-26 00:00:00+00:00,turbine_1: на 2026-02-26T00:00:00+00:00 проверяемого факта пока нет; overlap_wind_change=1.253m/s>=0.5.
2026-02-27 06:00:00+00:00,2026-02-25 18:00:00+00:00,36.0,4.14,1.9,0.11123888888888886,0.1958535439124673,0.11123888888888886,baseline,turbine_1,2026-02-26 00:00:00+00:00,turbine_1: на 2026-02-26T00:00:00+00:00 проверяемого факта пока нет; overlap_wind_change=1.253m/s>=0.5.
2026-02-27 07:00:00+00:00,2026-02-25 18:00:00+00:00,37.0,4.24,2.3,0.11996111111111113,0.20109228298906992,0.11996111111111113,baseline,turbine_1,2026-02-26 00:00:00+00:00,turbine_1: на 2026-02-26T00:00:00+00:00 проверяемого факта пока нет; overlap_wind_change=1.253m/s>=0.5.
2026-02-27 08:00:00+00:00,2026-02-25 18:00:00+00:00,38.0,5.49,2.2,0.23282222222222226,0.33746091984496196,0.23282222222222226,baseline,turbine_1,2026-02-26 00:00:00+00:00,turbine_1: на 2026-02-26T00:00:00+00:00 проверяемого факта пока нет; overlap_wind_change=1.253m/s>=0.5.
2026-02-27 09:00:00+00:00,2026-02-25 18:00:00+00:00,39.0,6.22,1.6,0.36499999999999994,0.5674593105558045,0.36499999999999994,baseline,turbine_1,2026-02-26 00:00:00+00:00,turbine_1: на 2026-02-26T00:00:00+00:00 проверяемого факта пока нет; overlap_wind_change=1.253m/s>=0.5.
2026-02-27 10:00:00+00:00,2026-02-25 18:00:00+00:00,40.0,6.85,1.0,0.49538888888888877,0.6789041980154801,0.49538888888888877,baseline,turbine_1,2026-02-26 00:00:00+00:00,turbine_1: на 2026-02-26T00:00:00+00:00 проверяемого факта пока нет; overlap_wind_change=1.253m/s>=0.5.
2026-02-27 11:00:00+00:00,2026-02-25 18:00:00+00:00,41.0,6.96,0.1,0.5208722222222222,0.7005557082882716,0.5208722222222222,baseline,turbine_1,2026-02-26 00:00:00+00:00,turbine_1: на 2026-02-26T00:00:00+00:00 проверяемого факта пока нет; overlap_wind_change=1.253m/s>=0.5.
2026-02-27 12:00:00+00:00,2026-02-25 18:00:00+00:00,42.0,6.55,-0.9,0.43199999999999994,0.7074965472209772,0.43199999999999994,baseline,turbine_1,2026-02-26 00:00:00+00:00,turbine_1: на 2026-02-26T00:00:00+00:00 проверяемого факта пока нет; overlap_wind_change=1.253m/s>=0.5.
2026-02-27 13:00:00+00:00,2026-02-25 18:00:00+00:00,43.0,6.81,-1.9,0.48612222222222207,0.7082334713114673,0.48612222222222207,baseline,turbine_1,2026-02-26 00:00:00+00:00,turbine_1: на 2026-02-26T00:00:00+00:00 проверяемого факта пока нет; overlap_wind_change=1.253m/s>=0.5.
2026-02-27 14:00:00+00:00,2026-02-25 18:00:00+00:00,44.0,6.31,-2.3,0.3837333333333332,0.7025900518292293,0.3837333333333332,baseline,turbine_1,2026-02-26 00:00:00+00:00,turbine_1: на 2026-02-26T00:00:00+00:00 проверяемого факта пока нет; overlap_wind_change=1.253m/s>=0.5.
2026-02-27 15:00:00+00:00,2026-02-25 18:00:00+00:00,45.0,6.59,-3.0,0.44004444444444435,0.7053652795627805,0.44004444444444435,baseline,turbine_1,2026-02-26 00:00:00+00:00,turbine_1: на 2026-02-26T00:00:00+00:00 проверяемого факта пока нет; overlap_wind_change=1.253m/s>=0.5.
2026-02-27 16:00:00+00:00,2026-02-25 18:00:00+00:00,46.0,6.35,-3.4,0.39177777777777767,0.7160824183260863,0.39177777777777767,baseline,turbine_1,2026-02-26 00:00:00+00:00,turbine_1: на 2026-02-26T00:00:00+00:00 проверяемого факта пока нет; overlap_wind_change=1.253m/s>=0.5.
2026-02-27 17:00:00+00:00,2026-02-25 18:00:00+00:00,47.0,6.42,-3.6,0.4058555555555555,0.7224444558669284,0.4058555555555555,baseline,turbine_1,2026-02-26 00:00:00+00:00,turbine_1: на 2026-02-26T00:00:00+00:00 проверяемого факта пока нет; overlap_wind_change=1.253m/s>=0.5.
2026-02-27 18:00:00+00:00,2026-02-25 18:00:00+00:00,48.0,6.15,-3.9,0.3494444444444445,0.4948109369689942,0.3494444444444445,baseline,turbine_1,2026-02-26 00:00:00+00:00,turbine_1: на 2026-02-26T00:00:00+00:00 проверяемого факта пока нет; overlap_wind_change=1.253m/s>=0.5.
2026-02-27 19:00:00+00:00,2026-02-25 18:00:00+00:00,49.0,6.23,-4.2,0.3672222222222223,0.540946532004674,0.3672222222222223,baseline,turbine_1,2026-02-26 00:00:00+00:00,turbine_1: на 2026-02-26T00:00:00+00:00 проверяемого факта пока нет; overlap_wind_change=1.253m/s>=0.5.
2026-02-27 20:00:00+00:00,2026-02-25 18:00:00+00:00,50.0,5.33,-4.4,0.21575555555555556,0.3198979347895158,0.21575555555555556,baseline,turbine_1,2026-02-26 00:00:00+00:00,turbine_1: на 2026-02-26T00:00:00+00:00 проверяемого факта пока нет; overlap_wind_change=1.253m/s>=0.5.
2026-02-27 21:00:00+00:00,2026-02-25 18:00:00+00:00,51.0,5.77,-5.0,0.26499999999999996,0.39920764685811383,0.26499999999999996,baseline,turbine_1,2026-02-26 00:00:00+00:00,turbine_1: на 2026-02-26T00:00:00+00:00 проверяемого факта пока нет; overlap_wind_change=1.253m/s>=0.5.
2026-02-27 22:00:00+00:00,2026-02-25 18:00:00+00:00,52.0,6.17,-5.2,0.35388888888888886,0.4422716532000144,0.35388888888888886,baseline,turbine_1,2026-02-26 00:00:00+00:00,turbine_1: на 2026-02-26T00:00:00+00:00 проверяемого факта пока нет; overlap_wind_change=1.253m/s>=0.5.
2026-02-27 23:00:00+00:00,2026-02-25 18:00:00+00:00,53.0,6.9,-6.1,0.5069722222222223,0.5390176472031579,0.5069722222222223,baseline,turbine_1,2026-02-26 00:00:00+00:00,turbine_1: на 2026-02-26T00:00:00+00:00 проверяемого факта пока нет; overlap_wind_change=1.253m/s>=0.5.
2026-02-28 00:00:00+00:00,2026-02-25 18:00:00+00:00,54.0,6.5,-6.2,0.4219444444444444,0.562484858371582,0.4219444444444444,baseline,turbine_1,2026-02-26 00:00:00+00:00,turbine_1: на 2026-02-26T00:00:00+00:00 проверяемого факта пока нет; overlap_wind_change=1.253m/s>=0.5.
2026-02-26 01:00:00+00:00,2026-02-25 18:00:00+00:00,7.0,7.08,0.7,0.5472888888888888,0.35727805703981974,0.5472888888888888,baseline,turbine_2,2026-02-26 00:00:00+00:00,turbine_2: на 2026-02-26T00:00:00+00:00 проверяемого факта пока нет; overlap_wind_change=1.253m/s>=0.5.
2026-02-26 02:00:00+00:00,2026-02-25 18:00:00+00:00,8.0,7.37,0.8,0.6055111111111111,0.37043970421479666,0.6055111111111111,baseline,turbine_2,2026-02-26 00:00:00+00:00,turbine_2: на 2026-02-26T00:00:00+00:00 проверяемого факта пока нет; overlap_wind_change=1.253m/s>=0.5.
2026-02-26 03:00:00+00:00,2026-02-25 18:00:00+00:00,9.0,7.37,1.3,0.6055111111111111,0.3934417558417545,0.6055111111111111,baseline,turbine_2,2026-02-26 00:00:00+00:00,turbine_2: на 2026-02-26T00:00:00+00:00 проверяемого факта пока нет; overlap_wind_change=1.253m/s>=0.5.
2026-02-26 04:00:00+00:00,2026-02-25 18:00:00+00:00,10.0,5.91,3.3,0.2948111111111112,0.264875183466529,0.2948111111111112,baseline,turbine_2,2026-02-26 00:00:00+00:00,turbine_2: на 2026-02-26T00:00:00+00:00 проверяемого факта пока нет; overlap_wind_change=1.253m/s>=0.5.
2026-02-26 05:00:00+00:00,2026-02-25 18:00:00+00:00,11.0,3.09,5.0,0.03253333333333333,0.0,0.03253333333333333,baseline,turbine_2,2026-02-26 00:00:00+00:00,turbine_2: на 2026-02-26T00:00:00+00:00 проверяемого факта пока нет; overlap_wind_change=1.253m/s>=0.5.
2026-02-26 06:00:00+00:00,2026-02-25 18:00:00+00:00,12.0,7.78,6.2,0.6585111111111112,0.5428490971289959,0.6585111111111112,baseline,turbine_2,2026-02-26 00:00:00+00:00,turbine_2: на 2026-02-26T00:00:00+00:00 проверяемого факта пока нет; overlap_wind_change=1.253m/s>=0.5.
2026-02-26 07:00:00+00:00,2026-02-25 18:00:00+00:00,13.0,9.07,3.5,0.9104222222222221,0.9149579291946655,0.9104222222222221,baseline,turbine_2,2026-02-26 00:00:00+00:00,turbine_2: на 2026-02-26T00:00:00+00:00 проверяемого факта пока нет; overlap_wind_change=1.253m/s>=0.5.
2026-02-26 08:00:00+00:00,2026-02-25 18:00:00+00:00,14.0,6.62,3.1,0.43838888888888883,0.6851152786789809,0.43838888888888883,baseline,turbine_2,2026-02-26 00:00:00+00:00,turbine_2: на 2026-02-26T00:00:00+00:00 проверяемого факта пока нет; overlap_wind_change=1.253m/s>=0.5.
2026-02-26 09:00:00+00:00,2026-02-25 18:00:00+00:00,15.0,5.86,0.2,0.2836722222222223,0.48186188250347456,0.2836722222222223,baseline,turbine_2,2026-02-26 00:00:00+00:00,turbine_2: на 2026-02-26T00:00:00+00:00 проверяемого факта пока нет; overlap_wind_change=1.253m/s>=0.5.
2026-02-26 10:00:00+00:00,2026-02-25 18:00:00+00:00,16.0,5.77,-0.8,0.26362222222222215,0.43510658932121526,0.26362222222222215,baseline,turbine_2,2026-02-26 00:00:00+00:00,turbine_2: на 2026-02-26T00:00:00+00:00 проверяемого факта пока нет; overlap_wind_change=1.253m/s>=0.5.
2026-02-26 11:00:00+00:00,2026-02-25 18:00:00+00:00,17.0,8.04,-0.5,0.7226444444444441,0.7592763289899589,0.7226444444444441,baseline,turbine_2,2026-02-26 00:00:00+00:00,turbine_2: на 2026-02-26T00:00:00+00:00 проверяемого факта пока нет; overlap_wind_change=1.253m/s>=0.5.
2026-02-26 12:00:00+00:00,2026-02-25 18:00:00+00:00,18.0,8.7,0.7,0.8419444444444443,0.9052369804154351,0.8419444444444443,baseline,turbine_2,2026-02-26 00:00:00+00:00,turbine_2: на 2026-02-26T00:00:00+00:00 проверяемого факта пока нет; overlap_wind_change=1.253m/s>=0.5.
2026-02-26 13:00:00+00:00,2026-02-25 18:00:00+00:00,19.0,8.05,0.4,0.7251111111111112,0.7827232085408236,0.7251111111111112,baseline,turbine_2,2026-02-26 00:00:00+00:00,turbine_2: на 2026-02-26T00:00:00+00:00 проверяемого факта пока нет; overlap_wind_change=1.253m/s>=0.5.
2026-02-26 14:00:00+00:00,2026-02-25 18:00:00+00:00,20.0,7.6,0.4,0.6331111111111111,0.768908903155108,0.6331111111111111,baseline,turbine_2,2026-02-26 00:00:00+00:00,turbine_2: на 2026-02-26T00:00:00+00:00 проверяемого факта пока нет; overlap_wind_change=1.253m/s>=0.5.
2026-02-26 15:00:00+00:00,2026-02-25 18:00:00+00:00,21.0,9.12,0.5,0.9199499999999997,0.9635121138841867,0.9199499999999997,baseline,turbine_2,2026-02-26 00:00:00+00:00,turbine_2: на 2026-02-26T00:00:00+00:00 проверяемого факта пока нет; overlap_wind_change=1.253m/s>=0.5.
2026-02-26 16:00:00+00:00,2026-02-25 18:00:00+00:00,22.0,8.9,1.1,0.8780277777777777,0.9221933272217215,0.8780277777777777,baseline,turbine_2,2026-02-26 00:00:00+00:00,turbine_2: на 2026-02-26T00:00:00+00:00 проверяемого факта пока нет; overlap_wind_change=1.253m/s>=0.5.
2026-02-26 17:00:00+00:00,2026-02-25 18:00:00+00:00,23.0,8.54,1.1,0.8179444444444441,0.8845765345462206,0.8179444444444441,baseline,turbine_2,2026-02-26 00:00:00+00:00,turbine_2: на 2026-02-26T00:00:00+00:00 проверяемого факта пока нет; overlap_wind_change=1.253m/s>=0.5.
2026-02-26 18:00:00+00:00,2026-02-25 18:00:00+00:00,24.0,8.52,0.4,0.8149444444444442,0.9228613902729731,0.8149444444444442,baseline,turbine_2,2026-02-26 00:00:00+00:00,turbine_2: на 2026-02-26T00:00:00+00:00 проверяемого факта пока нет; overlap_wind_change=1.253m/s>=0.5.
2026-02-26 19:00:00+00:00,2026-02-25 18:00:00+00:00,25.0,9.23,-0.2,0.9409111111111111,0.9428847348026678,0.9409111111111111,baseline,turbine_2,2026-02-26 00:00:00+00:00,turbine_2: на 2026-02-26T00:00:00+00:00 проверяемого факта пока нет; overlap_wind_change=1.253m/s>=0.5.
2026-02-26 20:00:00+00:00,2026-02-25 18:00:00+00:00,26.0,7.98,-0.8,0.7078444444444445,0.678898853982834,0.7078444444444445,baseline,turbine_2,2026-02-26 00:00:00+00:00,turbine_2: на 2026-02-26T00:00:00+00:00 проверяемого факта пока нет; overlap_wind_change=1.253m/s>=0.5.
2026-02-26 21:00:00+00:00,2026-02-25 18:00:00+00:00,27.0,8.17,-0.9,0.7547111111111109,0.6745522588675034,0.7547111111111109,baseline,turbine_2,2026-02-26 00:00:00+00:00,turbine_2: на 2026-02-26T00:00:00+00:00 проверяемого факта пока нет; overlap_wind_change=1.253m/s>=0.5.
2026-02-26 22:00:00+00:00,2026-02-25 18:00:00+00:00,28.0,7.89,-1.0,0.6856444444444443,0.6894739267707861,0.6856444444444443,baseline,turbine_2,2026-02-26 00:00:00+00:00,turbine_2: на 2026-02-26T00:00:00+00:00 проверяемого факта пока нет; overlap_wind_change=1.253m/s>=0.5.
2026-02-26 23:00:00+00:00,2026-02-25 18:00:00+00:00,29.0,7.08,-1.2,0.5472888888888888,0.6165490829097338,0.5472888888888888,baseline,turbine_2,2026-02-26 00:00:00+00:00,turbine_2: на 2026-02-26T00:00:00+00:00 проверяемого факта пока нет; overlap_wind_change=1.253m/s>=0.5.
2026-02-27 00:00:00+00:00,2026-02-25 18:00:00+00:00,30.0,6.46,-1.6,0.4090555555555555,0.5901171047229733,0.4090555555555555,baseline,turbine_2,2026-02-26 00:00:00+00:00,turbine_2: на 2026-02-26T00:00:00+00:00 проверяемого факта пока нет; overlap_wind_change=1.253m/s>=0.5.
2026-02-27 01:00:00+00:00,2026-02-25 18:00:00+00:00,31.0,6.44,-1.5,0.4053888888888889,0.5875704722587484,0.4053888888888889,baseline,turbine_2,2026-02-26 00:00:00+00:00,turbine_2: на 2026-02-26T00:00:00+00:00 проверяемого факта пока нет; overlap_wind_change=1.253m/s>=0.5.
2026-02-27 02:00:00+00:00,2026-02-25 18:00:00+00:00,32.0,5.95,-1.1,0.3037222222222223,0.4360516627318207,0.3037222222222223,baseline,turbine_2,2026-02-26 00:00:00+00:00,turbine_2: на 2026-02-26T00:00:00+00:00 проверяемого факта пока нет; overlap_wind_change=1.253m/s>=0.5.
2026-02-27 03:00:00+00:00,2026-02-25 18:00:00+00:00,33.0,4.74,-0.3,0.14721666666666672,0.21526993193438937,0.14721666666666672,baseline,turbine_2,2026-02-26 00:00:00+00:00,turbine_2: на 2026-02-26T00:00:00+00:00 проверяемого факта пока нет; overlap_wind_change=1.253m/s>=0.5.
2026-02-27 04:00:00+00:00,2026-02-25 18:00:00+00:00,34.0,4.53,0.4,0.12960000000000005,0.2249046943897348,0.12960000000000005,baseline,turbine_2,2026-02-26 00:00:00+00:00,turbine_2: на 2026-02-26T00:00:00+00:00 проверяемого факта пока нет; overlap_wind_change=1.253m/s>=0.5.
2026-02-27 05:00:00+00:00,2026-02-25 18:00:00+00:00,35.0,3.91,1.0,0.0809888888888889,0.1718130226442551,0.0809888888888889,baseline,turbine_2,2026-02-26 00:00:00+00:00,turbine_2: на 2026-02-26T00:00:00+00:00 проверяемого факта пока нет; overlap_wind_change=1.253m/s>=0.5.
2026-02-27 06:00:00+00:00,2026-02-25 18:00:00+00:00,36.0,4.14,1.9,0.09798333333333331,0.22846609839895313,0.09798333333333331,baseline,turbine_2,2026-02-26 00:00:00+00:00,turbine_2: на 2026-02-26T00:00:00+00:00 проверяемого факта пока нет; overlap_wind_change=1.253m/s>=0.5.
2026-02-27 07:00:00+00:00,2026-02-25 18:00:00+00:00,37.0,4.24,2.3,0.10537222222222224,0.2250835189514975,0.10537222222222224,baseline,turbine_2,2026-02-26 00:00:00+00:00,turbine_2: на 2026-02-26T00:00:00+00:00 проверяемого факта пока нет; overlap_wind_change=1.253m/s>=0.5.
2026-02-27 08:00:00+00:00,2026-02-25 18:00:00+00:00,38.0,5.49,2.2,0.22377777777777783,0.4082047589865098,0.22377777777777783,baseline,turbine_2,2026-02-26 00:00:00+00:00,turbine_2: на 2026-02-26T00:00:00+00:00 проверяемого факта пока нет; overlap_wind_change=1.253m/s>=0.5.
2026-02-27 09:00:00+00:00,2026-02-25 18:00:00+00:00,39.0,6.22,1.6,0.36387222222222215,0.6261653125987248,0.36387222222222215,baseline,turbine_2,2026-02-26 00:00:00+00:00,turbine_2: на 2026-02-26T00:00:00+00:00 проверяемого факта пока нет; overlap_wind_change=1.253m/s>=0.5.
2026-02-27 10:00:00+00:00,2026-02-25 18:00:00+00:00,40.0,6.85,1.0,0.4879999999999998,0.7503100025992017,0.4879999999999998,baseline,turbine_2,2026-02-26 00:00:00+00:00,turbine_2: на 2026-02-26T00:00:00+00:00 проверяемого факта пока нет; overlap_wind_change=1.253m/s>=0.5.
2026-02-27 11:00:00+00:00,2026-02-25 18:00:00+00:00,41.0,6.96,0.1,0.5163555555555555,0.7490605307732346,0.5163555555555555,baseline,turbine_2,2026-02-26 00:00:00+00:00,turbine_2: на 2026-02-26T00:00:00+00:00 проверяемого факта пока нет; overlap_wind_change=1.253m/s>=0.5.
2026-02-27 12:00:00+00:00,2026-02-25 18:00:00+00:00,42.0,6.55,-0.9,0.42555555555555546,0.7453722559377396,0.42555555555555546,baseline,turbine_2,2026-02-26 00:00:00+00:00,turbine_2: на 2026-02-26T00:00:00+00:00 проверяемого факта пока нет; overlap_wind_change=1.253m/s>=0.5.
2026-02-27 13:00:00+00:00,2026-02-25 18:00:00+00:00,43.0,6.81,-1.9,0.4776888888888887,0.7468234318317906,0.4776888888888887,baseline,turbine_2,2026-02-26 00:00:00+00:00,turbine_2: на 2026-02-26T00:00:00+00:00 проверяемого факта пока нет; overlap_wind_change=1.253m/s>=0.5.
2026-02-27 14:00:00+00:00,2026-02-25 18:00:00+00:00,44.0,6.31,-2.3,0.3815555555555554,0.742796621824565,0.3815555555555554,baseline,turbine_2,2026-02-26 00:00:00+00:00,turbine_2: на 2026-02-26T00:00:00+00:00 проверяемого факта пока нет; overlap_wind_change=1.253m/s>=0.5.
2026-02-27 15:00:00+00:00,2026-02-25 18:00:00+00:00,45.0,6.59,-3.0,0.4328888888888888,0.7438388775414851,0.4328888888888888,baseline,turbine_2,2026-02-26 00:00:00+00:00,turbine_2: на 2026-02-26T00:00:00+00:00 проверяемого факта пока нет; overlap_wind_change=1.253m/s>=0.5.
2026-02-27 16:00:00+00:00,2026-02-25 18:00:00+00:00,46.0,6.35,-3.4,0.3888888888888888,0.7524323668186378,0.3888888888888888,baseline,turbine_2,2026-02-26 00:00:00+00:00,turbine_2: на 2026-02-26T00:00:00+00:00 проверяемого факта пока нет; overlap_wind_change=1.253m/s>=0.5.
2026-02-27 17:00:00+00:00,2026-02-25 18:00:00+00:00,47.0,6.42,-3.6,0.40172222222222215,0.746069418529441,0.40172222222222215,baseline,turbine_2,2026-02-26 00:00:00+00:00,turbine_2: на 2026-02-26T00:00:00+00:00 проверяемого факта пока нет; overlap_wind_change=1.253m/s>=0.5.
2026-02-27 18:00:00+00:00,2026-02-25 18:00:00+00:00,48.0,6.15,-3.9,0.34827777777777785,0.4836539097291176,0.34827777777777785,baseline,turbine_2,2026-02-26 00:00:00+00:00,turbine_2: на 2026-02-26T00:00:00+00:00 проверяемого факта пока нет; overlap_wind_change=1.253m/s>=0.5.
2026-02-27 19:00:00+00:00,2026-02-25 18:00:00+00:00,49.0,6.23,-4.2,0.3661000000000001,0.5699233362924916,0.3661000000000001,baseline,turbine_2,2026-02-26 00:00:00+00:00,turbine_2: на 2026-02-26T00:00:00+00:00 проверяемого факта пока нет; overlap_wind_change=1.253m/s>=0.5.
2026-02-27 20:00:00+00:00,2026-02-25 18:00:00+00:00,50.0,5.33,-4.4,0.202,0.3091754101531065,0.202,baseline,turbine_2,2026-02-26 00:00:00+00:00,turbine_2: на 2026-02-26T00:00:00+00:00 проверяемого факта пока нет; overlap_wind_change=1.253m/s>=0.5.
2026-02-27 21:00:00+00:00,2026-02-25 18:00:00+00:00,51.0,5.77,-5.0,0.26362222222222215,0.426129962326805,0.26362222222222215,baseline,turbine_2,2026-02-26 00:00:00+00:00,turbine_2: на 2026-02-26T00:00:00+00:00 проверяемого факта пока нет; overlap_wind_change=1.253m/s>=0.5.
2026-02-27 22:00:00+00:00,2026-02-25 18:00:00+00:00,52.0,6.17,-5.2,0.3527333333333333,0.4543347381318797,0.3527333333333333,baseline,turbine_2,2026-02-26 00:00:00+00:00,turbine_2: на 2026-02-26T00:00:00+00:00 проверяемого факта пока нет; overlap_wind_change=1.253m/s>=0.5.
2026-02-27 23:00:00+00:00,2026-02-25 18:00:00+00:00,53.0,6.9,-6.1,0.5008888888888889,0.5520589049424434,0.5008888888888889,baseline,turbine_2,2026-02-26 00:00:00+00:00,turbine_2: на 2026-02-26T00:00:00+00:00 проверяемого факта пока нет; overlap_wind_change=1.253m/s>=0.5.
2026-02-28 00:00:00+00:00,2026-02-25 18:00:00+00:00,54.0,6.5,-6.2,0.4163888888888888,0.5505103827588592,0.4163888888888888,baseline,turbine_2,2026-02-26 00:00:00+00:00,turbine_2: на 2026-02-26T00:00:00+00:00 проверяемого факта пока нет; overlap_wind_change=1.253m/s>=0.5.
2026-02-27 01:00:00+00:00,2026-02-26 18:00:00+00:00,7.0,5.1,0.4,0.19488888888888886,0.14934081558488,0.19488888888888886,baseline,turbine_1,2026-02-27 00:00:00+00:00,turbine_1: на 2026-02-27T00:00:00+00:00 проверяемого факта пока нет; overlap_wind_change=0.525m/s>=0.5.
2026-02-27 02:00:00+00:00,2026-02-26 18:00:00+00:00,8.0,4.85,0.2,0.1743333333333333,0.13869891658154093,0.1743333333333333,baseline,turbine_1,2026-02-27 00:00:00+00:00,turbine_1: на 2026-02-27T00:00:00+00:00 проверяемого факта пока нет; overlap_wind_change=0.525m/s>=0.5.
2026-02-27 03:00:00+00:00,2026-02-26 18:00:00+00:00,9.0,4.87,0.9,0.1759777777777778,0.18169339271643717,0.1759777777777778,baseline,turbine_1,2026-02-27 00:00:00+00:00,turbine_1: на 2026-02-27T00:00:00+00:00 проверяемого факта пока нет; overlap_wind_change=0.525m/s>=0.5.
2026-02-27 04:00:00+00:00,2026-02-26 18:00:00+00:00,10.0,4.69,0.5,0.16067777777777784,0.11094195997359856,0.16067777777777784,baseline,turbine_1,2026-02-27 00:00:00+00:00,turbine_1: на 2026-02-27T00:00:00+00:00 проверяемого факта пока нет; overlap_wind_change=0.525m/s>=0.5.
2026-02-27 05:00:00+00:00,2026-02-26 18:00:00+00:00,11.0,3.78,1.1,0.07983888888888888,0.0,0.07983888888888888,baseline,turbine_1,2026-02-27 00:00:00+00:00,turbine_1: на 2026-02-27T00:00:00+00:00 проверяемого факта пока нет; overlap_wind_change=0.525m/s>=0.5.
2026-02-27 06:00:00+00:00,2026-02-26 18:00:00+00:00,12.0,3.67,1.1,0.07166666666666666,0.0,0.07166666666666666,baseline,turbine_1,2026-02-27 00:00:00+00:00,turbine_1: на 2026-02-27T00:00:00+00:00 проверяемого факта пока нет; overlap_wind_change=0.525m/s>=0.5.
2026-02-27 07:00:00+00:00,2026-02-26 18:00:00+00:00,13.0,3.96,1.8,0.09553888888888888,0.07827414491220107,0.09553888888888888,baseline,turbine_1,2026-02-27 00:00:00+00:00,turbine_1: на 2026-02-27T00:00:00+00:00 проверяемого факта пока нет; overlap_wind_change=0.525m/s>=0.5.
2026-02-27 08:00:00+00:00,2026-02-26 18:00:00+00:00,14.0,4.62,1.8,0.15433888888888891,0.22957731724428992,0.15433888888888891,baseline,turbine_1,2026-02-27 00:00:00+00:00,turbine_1: на 2026-02-27T00:00:00+00:00 проверяемого факта пока нет; overlap_wind_change=0.525m/s>=0.5.
2026-02-27 09:00:00+00:00,2026-02-26 18:00:00+00:00,15.0,5.45,1.1,0.2285555555555556,0.32135932165261577,0.2285555555555556,baseline,turbine_1,2026-02-27 00:00:00+00:00,turbine_1: на 2026-02-27T00:00:00+00:00 проверяемого факта пока нет; overlap_wind_change=0.525m/s>=0.5.
2026-02-27 10:00:00+00:00,2026-02-26 18:00:00+00:00,16.0,5.98,0.7,0.31166666666666676,0.4816371814373833,0.31166666666666676,baseline,turbine_1,2026-02-27 00:00:00+00:00,turbine_1: на 2026-02-27T00:00:00+00:00 проверяемого факта пока нет; overlap_wind_change=0.525m/s>=0.5.
2026-02-27 11:00:00+00:00,2026-02-26 18:00:00+00:00,17.0,6.25,-0.4,0.37166666666666665,0.5801689684066305,0.37166666666666665,baseline,turbine_1,2026-02-27 00:00:00+00:00,turbine_1: на 2026-02-27T00:00:00+00:00 проверяемого факта пока нет; overlap_wind_change=0.525m/s>=0.5.
2026-02-27 12:00:00+00:00,2026-02-26 18:00:00+00:00,18.0,6.71,-1.6,0.4641777777777777,0.6980171140243475,0.4641777777777777,baseline,turbine_1,2026-02-27 00:00:00+00:00,turbine_1: на 2026-02-27T00:00:00+00:00 проверяемого факта пока нет; overlap_wind_change=0.525m/s>=0.5.
2026-02-27 13:00:00+00:00,2026-02-26 18:00:00+00:00,19.0,7.2,-2.8,0.5764722222222223,0.7117621742592858,0.5764722222222223,baseline,turbine_1,2026-02-27 00:00:00+00:00,turbine_1: на 2026-02-27T00:00:00+00:00 проверяемого факта пока нет; overlap_wind_change=0.525m/s>=0.5.
2026-02-27 14:00:00+00:00,2026-02-26 18:00:00+00:00,20.0,7.36,-3.9,0.6015611111111111,0.7688257015813931,0.6015611111111111,baseline,turbine_1,2026-02-27 00:00:00+00:00,turbine_1: на 2026-02-27T00:00:00+00:00 проверяемого факта пока нет; overlap_wind_change=0.525m/s>=0.5.
2026-02-27 15:00:00+00:00,2026-02-26 18:00:00+00:00,21.0,6.95,-4.6,0.5185555555555555,0.636585959706072,0.5185555555555555,baseline,turbine_1,2026-02-27 00:00:00+00:00,turbine_1: на 2026-02-27T00:00:00+00:00 проверяемого факта пока нет; overlap_wind_change=0.525m/s>=0.5.
2026-02-27 16:00:00+00:00,2026-02-26 18:00:00+00:00,22.0,6.76,-4.7,0.4745388888888888,0.636585959706072,0.4745388888888888,baseline,turbine_1,2026-02-27 00:00:00+00:00,turbine_1: на 2026-02-27T00:00:00+00:00 проверяемого факта пока нет; overlap_wind_change=0.525m/s>=0.5.
2026-02-27 17:00:00+00:00,2026-02-26 18:00:00+00:00,23.0,6.73,-4.6,0.4682,0.639938484545198,0.4682,baseline,turbine_1,2026-02-27 00:00:00+00:00,turbine_1: на 2026-02-27T00:00:00+00:00 проверяемого факта пока нет; overlap_wind_change=0.525m/s>=0.5.
2026-02-27 18:00:00+00:00,2026-02-26 18:00:00+00:00,24.0,6.45,-4.6,0.41188888888888886,0.639938484545198,0.41188888888888886,baseline,turbine_1,2026-02-27 00:00:00+00:00,turbine_1: на 2026-02-27T00:00:00+00:00 проверяемого факта пока нет; overlap_wind_change=0.525m/s>=0.5.
2026-02-27 19:00:00+00:00,2026-02-26 18:00:00+00:00,25.0,6.2,-5.0,0.3605555555555556,0.44913348377244666,0.3605555555555556,baseline,turbine_1,2026-02-27 00:00:00+00:00,turbine_1: на 2026-02-27T00:00:00+00:00 проверяемого факта пока нет; overlap_wind_change=0.525m/s>=0.5.
2026-02-27 20:00:00+00:00,2026-02-26 18:00:00+00:00,26.0,6.65,-5.1,0.45211111111111113,0.5975713604239498,0.45211111111111113,baseline,turbine_1,2026-02-27 00:00:00+00:00,turbine_1: на 2026-02-27T00:00:00+00:00 проверяемого факта пока нет; overlap_wind_change=0.525m/s>=0.5.
2026-02-27 21:00:00+00:00,2026-02-26 18:00:00+00:00,27.0,6.2,-5.1,0.3605555555555556,0.43934612161302666,0.3605555555555556,baseline,turbine_1,2026-02-27 00:00:00+00:00,turbine_1: на 2026-02-27T00:00:00+00:00 проверяемого факта пока нет; overlap_wind_change=0.525m/s>=0.5.
2026-02-27 22:00:00+00:00,2026-02-26 18:00:00+00:00,28.0,6.96,-5.8,0.5208722222222222,0.544661602439545,0.5208722222222222,baseline,turbine_1,2026-02-27 00:00:00+00:00,turbine_1: на 2026-02-27T00:00:00+00:00 проверяемого факта пока нет; overlap_wind_change=0.525m/s>=0.5.
2026-02-27 23:00:00+00:00,2026-02-26 18:00:00+00:00,29.0,7.06,-6.1,0.5440388888888887,0.5474621904279269,0.5440388888888887,baseline,turbine_1,2026-02-27 00:00:00+00:00,turbine_1: на 2026-02-27T00:00:00+00:00 проверяемого факта пока нет; overlap_wind_change=0.525m/s>=0.5.
2026-02-28 00:00:00+00:00,2026-02-26 18:00:00+00:00,30.0,6.57,-6.4,0.43602222222222226,0.562484858371582,0.43602222222222226,baseline,turbine_1,2026-02-27 00:00:00+00:00,turbine_1: на 2026-02-27T00:00:00+00:00 проверяемого факта пока нет; overlap_wind_change=0.525m/s>=0.5.
2026-02-28 01:00:00+00:00,2026-02-26 18:00:00+00:00,31.0,6.49,-6.8,0.4199333333333333,0.5187335264784482,0.4199333333333333,baseline,turbine_1,2026-02-27 00:00:00+00:00,turbine_1: на 2026-02-27T00:00:00+00:00 проверяемого факта пока нет; overlap_wind_change=0.525m/s>=0.5.
2026-02-28 02:00:00+00:00,2026-02-26 18:00:00+00:00,32.0,7.41,-7.6,0.6077,0.5362908044926722,0.6077,baseline,turbine_1,2026-02-27 00:00:00+00:00,turbine_1: на 2026-02-27T00:00:00+00:00 проверяемого факта пока нет; overlap_wind_change=0.525m/s>=0.5.
2026-02-28 03:00:00+00:00,2026-02-26 18:00:00+00:00,33.0,7.18,-7.7,0.5718388888888888,0.552511832184063,0.5718388888888888,baseline,turbine_1,2026-02-27 00:00:00+00:00,turbine_1: на 2026-02-27T00:00:00+00:00 проверяемого факта пока нет; overlap_wind_change=0.525m/s>=0.5.
2026-02-28 04:00:00+00:00,2026-02-26 18:00:00+00:00,34.0,7.38,-7.5,0.6040166666666666,0.5875455789639645,0.6040166666666666,baseline,turbine_1,2026-02-27 00:00:00+00:00,turbine_1: на 2026-02-27T00:00:00+00:00 проверяемого факта пока нет; overlap_wind_change=0.525m/s>=0.5.
2026-02-28 05:00:00+00:00,2026-02-26 18:00:00+00:00,35.0,7.65,-7.2,0.6371666666666667,0.6250246694865345,0.6371666666666667,baseline,turbine_1,2026-02-27 00:00:00+00:00,turbine_1: на 2026-02-27T00:00:00+00:00 проверяемого факта пока нет; overlap_wind_change=0.525m/s>=0.5.
2026-02-28 06:00:00+00:00,2026-02-26 18:00:00+00:00,36.0,7.87,-7.4,0.6772444444444444,0.7109722074280167,0.6772444444444444,baseline,turbine_1,2026-02-27 00:00:00+00:00,turbine_1: на 2026-02-27T00:00:00+00:00 проверяемого факта пока нет; overlap_wind_change=0.525m/s>=0.5.
2026-02-28 07:00:00+00:00,2026-02-26 18:00:00+00:00,37.0,7.02,-7.6,0.5347722222222221,0.6076561316178073,0.5347722222222221,baseline,turbine_1,2026-02-27 00:00:00+00:00,turbine_1: на 2026-02-27T00:00:00+00:00 проверяемого факта пока нет; overlap_wind_change=0.525m/s>=0.5.
2026-02-28 08:00:00+00:00,2026-02-26 18:00:00+00:00,38.0,7.94,-7.4,0.6934611111111112,0.7330622240609658,0.6934611111111112,baseline,turbine_1,2026-02-27 00:00:00+00:00,turbine_1: на 2026-02-27T00:00:00+00:00 проверяемого факта пока нет; overlap_wind_change=0.525m/s>=0.5.
2026-02-28 09:00:00+00:00,2026-02-26 18:00:00+00:00,39.0,7.65,-7.3,0.6371666666666667,0.681296638807089,0.6371666666666667,baseline,turbine_1,2026-02-27 00:00:00+00:00,turbine_1: на 2026-02-27T00:00:00+00:00 проверяемого факта пока нет; overlap_wind_change=0.525m/s>=0.5.
2026-02-28 10:00:00+00:00,2026-02-26 18:00:00+00:00,40.0,7.43,-7.4,0.6101555555555555,0.6736839569223323,0.6101555555555555,baseline,turbine_1,2026-02-27 00:00:00+00:00,turbine_1: на 2026-02-27T00:00:00+00:00 проверяемого факта пока нет; overlap_wind_change=0.525m/s>=0.5.
2026-02-28 11:00:00+00:00,2026-02-26 18:00:00+00:00,41.0,7.41,-7.8,0.6077,0.6611342185177986,0.6077,baseline,turbine_1,2026-02-27 00:00:00+00:00,turbine_1: на 2026-02-27T00:00:00+00:00 проверяемого факта пока нет; overlap_wind_change=0.525m/s>=0.5.
2026-02-28 12:00:00+00:00,2026-02-26 18:00:00+00:00,42.0,7.05,-7.9,0.5417222222222221,0.6042154693210712,0.5417222222222221,baseline,turbine_1,2026-02-27 00:00:00+00:00,turbine_1: на 2026-02-27T00:00:00+00:00 проверяемого факта пока нет; overlap_wind_change=0.525m/s>=0.5.
2026-02-28 13:00:00+00:00,2026-02-26 18:00:00+00:00,43.0,6.73,-8.0,0.4682,0.5921225438848492,0.4682,baseline,turbine_1,2026-02-27 00:00:00+00:00,turbine_1: на 2026-02-27T00:00:00+00:00 проверяемого факта пока нет; overlap_wind_change=0.525m/s>=0.5.
2026-02-28 14:00:00+00:00,2026-02-26 18:00:00+00:00,44.0,6.55,-7.7,0.43199999999999994,0.6055690540918939,0.43199999999999994,baseline,turbine_1,2026-02-27 00:00:00+00:00,turbine_1: на 2026-02-27T00:00:00+00:00 проверяемого факта пока нет; overlap_wind_change=0.525m/s>=0.5.
2026-02-28 15:00:00+00:00,2026-02-26 18:00:00+00:00,45.0,5.25,-7.2,0.20722222222222222,0.35414230429270654,0.20722222222222222,baseline,turbine_1,2026-02-27 00:00:00+00:00,turbine_1: на 2026-02-27T00:00:00+00:00 проверяемого факта пока нет; overlap_wind_change=0.525m/s>=0.5.
2026-02-28 16:00:00+00:00,2026-02-26 18:00:00+00:00,46.0,4.36,-7.0,0.1307944444444445,0.2147049209681875,0.1307944444444445,baseline,turbine_1,2026-02-27 00:00:00+00:00,turbine_1: на 2026-02-27T00:00:00+00:00 проверяемого факта пока нет; overlap_wind_change=0.525m/s>=0.5.
2026-02-28 17:00:00+00:00,2026-02-26 18:00:00+00:00,47.0,4.26,-7.3,0.12173888888888887,0.21584943965417933,0.12173888888888887,baseline,turbine_1,2026-02-27 00:00:00+00:00,turbine_1: на 2026-02-27T00:00:00+00:00 проверяемого факта пока нет; overlap_wind_change=0.525m/s>=0.5.
2026-02-28 18:00:00+00:00,2026-02-26 18:00:00+00:00,48.0,3.85,-7.3,0.08594444444444445,0.1804098435369381,0.08594444444444445,baseline,turbine_1,2026-02-27 00:00:00+00:00,turbine_1: на 2026-02-27T00:00:00+00:00 проверяемого факта пока нет; overlap_wind_change=0.525m/s>=0.5.
2026-02-28 19:00:00+00:00,2026-02-26 18:00:00+00:00,49.0,3.63,-7.8,0.06888888888888887,0.1856193049821409,0.06888888888888887,baseline,turbine_1,2026-02-27 00:00:00+00:00,turbine_1: на 2026-02-27T00:00:00+00:00 проверяемого факта пока нет; overlap_wind_change=0.525m/s>=0.5.
2026-02-28 20:00:00+00:00,2026-02-26 18:00:00+00:00,50.0,3.31,-8.0,0.046666666666666676,0.1824129905843678,0.046666666666666676,baseline,turbine_1,2026-02-27 00:00:00+00:00,turbine_1: на 2026-02-27T00:00:00+00:00 проверяемого факта пока нет; overlap_wind_change=0.525m/s>=0.5.
2026-02-28 21:00:00+00:00,2026-02-26 18:00:00+00:00,51.0,2.41,-8.4,0.026277777777777782,0.11854475990945802,0.026277777777777782,baseline,turbine_1,2026-02-27 00:00:00+00:00,turbine_1: на 2026-02-27T00:00:00+00:00 проверяемого факта пока нет; overlap_wind_change=0.525m/s>=0.5.
2026-02-28 22:00:00+00:00,2026-02-26 18:00:00+00:00,52.0,2.47,-9.2,0.027277777777777783,0.11639347227431997,0.027277777777777783,baseline,turbine_1,2026-02-27 00:00:00+00:00,turbine_1: на 2026-02-27T00:00:00+00:00 проверяемого факта пока нет; overlap_wind_change=0.525m/s>=0.5.
2026-02-28 23:00:00+00:00,2026-02-26 18:00:00+00:00,53.0,2.26,-9.3,0.023777777777777773,0.11639347227431997,0.023777777777777773,baseline,turbine_1,2026-02-27 00:00:00+00:00,turbine_1: на 2026-02-27T00:00:00+00:00 проверяемого факта пока нет; overlap_wind_change=0.525m/s>=0.5.
2026-03-01 00:00:00+00:00,2026-02-26 18:00:00+00:00,54.0,1.94,-9.0,0.018961111111111113,0.12172789269960774,0.018961111111111113,baseline,turbine_1,2026-02-27 00:00:00+00:00,turbine_1: на 2026-02-27T00:00:00+00:00 проверяемого факта пока нет; overlap_wind_change=0.525m/s>=0.5.
2026-02-27 01:00:00+00:00,2026-02-26 18:00:00+00:00,7.0,5.1,0.4,0.1781944444444444,0.1535397934705266,0.1781944444444444,baseline,turbine_2,2026-02-27 00:00:00+00:00,turbine_2: на 2026-02-27T00:00:00+00:00 проверяемого факта пока нет; overlap_wind_change=0.525m/s>=0.5.
2026-02-27 02:00:00+00:00,2026-02-26 18:00:00+00:00,8.0,4.85,0.2,0.15666666666666665,0.1197825825279728,0.15666666666666665,baseline,turbine_2,2026-02-27 00:00:00+00:00,turbine_2: на 2026-02-27T00:00:00+00:00 проверяемого факта пока нет; overlap_wind_change=0.525m/s>=0.5.
2026-02-27 03:00:00+00:00,2026-02-26 18:00:00+00:00,9.0,4.87,0.9,0.1583888888888889,0.13748634511113259,0.1583888888888889,baseline,turbine_2,2026-02-27 00:00:00+00:00,turbine_2: на 2026-02-27T00:00:00+00:00 проверяемого факта пока нет; overlap_wind_change=0.525m/s>=0.5.
2026-02-27 04:00:00+00:00,2026-02-26 18:00:00+00:00,10.0,4.69,0.5,0.14302222222222227,0.11224871013919552,0.14302222222222227,baseline,turbine_2,2026-02-27 00:00:00+00:00,turbine_2: на 2026-02-27T00:00:00+00:00 проверяемого факта пока нет; overlap_wind_change=0.525m/s>=0.5.
2026-02-27 05:00:00+00:00,2026-02-26 18:00:00+00:00,11.0,3.78,1.1,0.07138333333333333,0.006874347361992262,0.07138333333333333,baseline,turbine_2,2026-02-27 00:00:00+00:00,turbine_2: на 2026-02-27T00:00:00+00:00 проверяемого факта пока нет; overlap_wind_change=0.525m/s>=0.5.
2026-02-27 06:00:00+00:00,2026-02-26 18:00:00+00:00,12.0,3.67,1.1,0.06378888888888888,0.0,0.06378888888888888,baseline,turbine_2,2026-02-27 00:00:00+00:00,turbine_2: на 2026-02-27T00:00:00+00:00 проверяемого факта пока нет; overlap_wind_change=0.525m/s>=0.5.
2026-02-27 07:00:00+00:00,2026-02-26 18:00:00+00:00,13.0,3.96,1.8,0.08468333333333333,0.109122585030806,0.08468333333333333,baseline,turbine_2,2026-02-27 00:00:00+00:00,turbine_2: на 2026-02-27T00:00:00+00:00 проверяемого факта пока нет; overlap_wind_change=0.525m/s>=0.5.
2026-02-27 08:00:00+00:00,2026-02-26 18:00:00+00:00,14.0,4.62,1.8,0.13715000000000002,0.251363586387436,0.13715000000000002,baseline,turbine_2,2026-02-27 00:00:00+00:00,turbine_2: на 2026-02-27T00:00:00+00:00 проверяемого факта пока нет; overlap_wind_change=0.525m/s>=0.5.
2026-02-27 09:00:00+00:00,2026-02-26 18:00:00+00:00,15.0,5.45,1.1,0.21833333333333335,0.34665737189504237,0.21833333333333335,baseline,turbine_2,2026-02-27 00:00:00+00:00,turbine_2: на 2026-02-27T00:00:00+00:00 проверяемого факта пока нет; overlap_wind_change=0.525m/s>=0.5.
2026-02-27 10:00:00+00:00,2026-02-26 18:00:00+00:00,16.0,5.98,0.7,0.31040555555555566,0.4942569373530545,0.31040555555555566,baseline,turbine_2,2026-02-27 00:00:00+00:00,turbine_2: на 2026-02-27T00:00:00+00:00 проверяемого факта пока нет; overlap_wind_change=0.525m/s>=0.5.
2026-02-27 11:00:00+00:00,2026-02-26 18:00:00+00:00,17.0,6.25,-0.4,0.3705555555555555,0.5984588848447315,0.3705555555555555,baseline,turbine_2,2026-02-27 00:00:00+00:00,turbine_2: на 2026-02-27T00:00:00+00:00 проверяемого факта пока нет; overlap_wind_change=0.525m/s>=0.5.
2026-02-27 12:00:00+00:00,2026-02-26 18:00:00+00:00,18.0,6.71,-1.6,0.4548888888888888,0.7288684251936046,0.4548888888888888,baseline,turbine_2,2026-02-27 00:00:00+00:00,turbine_2: на 2026-02-27T00:00:00+00:00 проверяемого факта пока нет; overlap_wind_change=0.525m/s>=0.5.
2026-02-27 13:00:00+00:00,2026-02-26 18:00:00+00:00,19.0,7.2,-2.8,0.5782222222222222,0.7450054959043777,0.5782222222222222,baseline,turbine_2,2026-02-27 00:00:00+00:00,turbine_2: на 2026-02-27T00:00:00+00:00 проверяемого факта пока нет; overlap_wind_change=0.525m/s>=0.5.
2026-02-27 14:00:00+00:00,2026-02-26 18:00:00+00:00,20.0,7.36,-3.9,0.6043111111111111,0.762233715388185,0.6043111111111111,baseline,turbine_2,2026-02-27 00:00:00+00:00,turbine_2: на 2026-02-27T00:00:00+00:00 проверяемого факта пока нет; overlap_wind_change=0.525m/s>=0.5.
2026-02-27 15:00:00+00:00,2026-02-26 18:00:00+00:00,21.0,6.95,-4.6,0.5137777777777778,0.7358414597096155,0.5137777777777778,baseline,turbine_2,2026-02-27 00:00:00+00:00,turbine_2: на 2026-02-27T00:00:00+00:00 проверяемого факта пока нет; overlap_wind_change=0.525m/s>=0.5.
2026-02-27 16:00:00+00:00,2026-02-26 18:00:00+00:00,22.0,6.76,-4.7,0.4647999999999999,0.7358414597096155,0.4647999999999999,baseline,turbine_2,2026-02-27 00:00:00+00:00,turbine_2: на 2026-02-27T00:00:00+00:00 проверяемого факта пока нет; overlap_wind_change=0.525m/s>=0.5.
2026-02-27 17:00:00+00:00,2026-02-26 18:00:00+00:00,23.0,6.73,-4.6,0.45855555555555555,0.7083227536440416,0.45855555555555555,baseline,turbine_2,2026-02-27 00:00:00+00:00,turbine_2: на 2026-02-27T00:00:00+00:00 проверяемого факта пока нет; overlap_wind_change=0.525m/s>=0.5.
2026-02-27 18:00:00+00:00,2026-02-26 18:00:00+00:00,24.0,6.45,-4.6,0.4072222222222222,0.7308013472481244,0.4072222222222222,baseline,turbine_2,2026-02-27 00:00:00+00:00,turbine_2: на 2026-02-27T00:00:00+00:00 проверяемого факта пока нет; overlap_wind_change=0.525m/s>=0.5.
2026-02-27 19:00:00+00:00,2026-02-26 18:00:00+00:00,25.0,6.2,-5.0,0.35941666666666666,0.4663211771377133,0.35941666666666666,baseline,turbine_2,2026-02-27 00:00:00+00:00,turbine_2: на 2026-02-27T00:00:00+00:00 проверяемого факта пока нет; overlap_wind_change=0.525m/s>=0.5.
2026-02-27 20:00:00+00:00,2026-02-26 18:00:00+00:00,26.0,6.65,-5.1,0.4438888888888889,0.5919528349379143,0.4438888888888889,baseline,turbine_2,2026-02-27 00:00:00+00:00,turbine_2: на 2026-02-27T00:00:00+00:00 проверяемого факта пока нет; overlap_wind_change=0.525m/s>=0.5.
2026-02-27 21:00:00+00:00,2026-02-26 18:00:00+00:00,27.0,6.2,-5.1,0.35941666666666666,0.4511541682566892,0.35941666666666666,baseline,turbine_2,2026-02-27 00:00:00+00:00,turbine_2: на 2026-02-27T00:00:00+00:00 проверяемого факта пока нет; overlap_wind_change=0.525m/s>=0.5.
2026-02-27 22:00:00+00:00,2026-02-26 18:00:00+00:00,28.0,6.96,-5.8,0.5163555555555555,0.5520589049424434,0.5163555555555555,baseline,turbine_2,2026-02-27 00:00:00+00:00,turbine_2: на 2026-02-27T00:00:00+00:00 проверяемого факта пока нет; overlap_wind_change=0.525m/s>=0.5.
2026-02-27 23:00:00+00:00,2026-02-26 18:00:00+00:00,29.0,7.06,-6.1,0.5421333333333331,0.5391757064770298,0.5421333333333331,baseline,turbine_2,2026-02-27 00:00:00+00:00,turbine_2: на 2026-02-27T00:00:00+00:00 проверяемого факта пока нет; overlap_wind_change=0.525m/s>=0.5.
2026-02-28 00:00:00+00:00,2026-02-26 18:00:00+00:00,30.0,6.57,-6.4,0.4292222222222222,0.557289359061211,0.4292222222222222,baseline,turbine_2,2026-02-27 00:00:00+00:00,turbine_2: на 2026-02-27T00:00:00+00:00 проверяемого факта пока нет; overlap_wind_change=0.525m/s>=0.5.
2026-02-28 01:00:00+00:00,2026-02-26 18:00:00+00:00,31.0,6.49,-6.8,0.41455555555555557,0.5109014395179743,0.41455555555555557,baseline,turbine_2,2026-02-27 00:00:00+00:00,turbine_2: на 2026-02-27T00:00:00+00:00 проверяемого факта пока нет; overlap_wind_change=0.525m/s>=0.5.
2026-02-28 02:00:00+00:00,2026-02-26 18:00:00+00:00,32.0,7.41,-7.6,0.610311111111111,0.5847148444485125,0.610311111111111,baseline,turbine_2,2026-02-27 00:00:00+00:00,turbine_2: на 2026-02-27T00:00:00+00:00 проверяемого факта пока нет; overlap_wind_change=0.525m/s>=0.5.
2026-02-28 03:00:00+00:00,2026-02-26 18:00:00+00:00,33.0,7.18,-7.7,0.5730666666666665,0.5290558365311436,0.5730666666666665,baseline,turbine_2,2026-02-27 00:00:00+00:00,turbine_2: на 2026-02-27T00:00:00+00:00 проверяемого факта пока нет; overlap_wind_change=0.525m/s>=0.5.
2026-02-28 04:00:00+00:00,2026-02-26 18:00:00+00:00,34.0,7.38,-7.5,0.606711111111111,0.593479870413445,0.606711111111111,baseline,turbine_2,2026-02-27 00:00:00+00:00,turbine_2: на 2026-02-27T00:00:00+00:00 проверяемого факта пока нет; overlap_wind_change=0.525m/s>=0.5.
2026-02-28 05:00:00+00:00,2026-02-26 18:00:00+00:00,35.0,7.65,-7.2,0.6391111111111111,0.5915330343387586,0.6391111111111111,baseline,turbine_2,2026-02-27 00:00:00+00:00,turbine_2: на 2026-02-27T00:00:00+00:00 проверяемого факта пока нет; overlap_wind_change=0.525m/s>=0.5.
2026-02-28 06:00:00+00:00,2026-02-26 18:00:00+00:00,36.0,7.87,-7.4,0.680711111111111,0.6529502505955894,0.680711111111111,baseline,turbine_2,2026-02-27 00:00:00+00:00,turbine_2: на 2026-02-27T00:00:00+00:00 проверяемого факта пока нет; overlap_wind_change=0.525m/s>=0.5.
2026-02-28 07:00:00+00:00,2026-02-26 18:00:00+00:00,37.0,7.02,-7.6,0.5318222222222221,0.6132392779341714,0.5318222222222221,baseline,turbine_2,2026-02-27 00:00:00+00:00,turbine_2: на 2026-02-27T00:00:00+00:00 проверяемого факта пока нет; overlap_wind_change=0.525m/s>=0.5.
2026-02-28 08:00:00+00:00,2026-02-26 18:00:00+00:00,38.0,7.94,-7.4,0.6979777777777778,0.7539236759913223,0.6979777777777778,baseline,turbine_2,2026-02-27 00:00:00+00:00,turbine_2: на 2026-02-27T00:00:00+00:00 проверяемого факта пока нет; overlap_wind_change=0.525m/s>=0.5.
2026-02-28 09:00:00+00:00,2026-02-26 18:00:00+00:00,39.0,7.65,-7.3,0.6391111111111111,0.7056799248668167,0.6391111111111111,baseline,turbine_2,2026-02-27 00:00:00+00:00,turbine_2: на 2026-02-27T00:00:00+00:00 проверяемого факта пока нет; overlap_wind_change=0.525m/s>=0.5.
2026-02-28 10:00:00+00:00,2026-02-26 18:00:00+00:00,40.0,7.43,-7.4,0.612711111111111,0.7131909054292342,0.612711111111111,baseline,turbine_2,2026-02-27 00:00:00+00:00,turbine_2: на 2026-02-27T00:00:00+00:00 проверяемого факта пока нет; overlap_wind_change=0.525m/s>=0.5.
2026-02-28 11:00:00+00:00,2026-02-26 18:00:00+00:00,41.0,7.41,-7.8,0.610311111111111,0.7131584290238304,0.610311111111111,baseline,turbine_2,2026-02-27 00:00:00+00:00,turbine_2: на 2026-02-27T00:00:00+00:00 проверяемого факта пока нет; overlap_wind_change=0.525m/s>=0.5.
2026-02-28 12:00:00+00:00,2026-02-26 18:00:00+00:00,42.0,7.05,-7.9,0.5395555555555555,0.6493215848872216,0.5395555555555555,baseline,turbine_2,2026-02-27 00:00:00+00:00,turbine_2: на 2026-02-27T00:00:00+00:00 проверяемого факта пока нет; overlap_wind_change=0.525m/s>=0.5.
2026-02-28 13:00:00+00:00,2026-02-26 18:00:00+00:00,43.0,6.73,-8.0,0.45855555555555555,0.6550040641902992,0.45855555555555555,baseline,turbine_2,2026-02-27 00:00:00+00:00,turbine_2: на 2026-02-27T00:00:00+00:00 проверяемого факта пока нет; overlap_wind_change=0.525m/s>=0.5.
2026-02-28 14:00:00+00:00,2026-02-26 18:00:00+00:00,44.0,6.55,-7.7,0.42555555555555546,0.6579280217835967,0.42555555555555546,baseline,turbine_2,2026-02-27 00:00:00+00:00,turbine_2: на 2026-02-27T00:00:00+00:00 проверяемого факта пока нет; overlap_wind_change=0.525m/s>=0.5.
2026-02-28 15:00:00+00:00,2026-02-26 18:00:00+00:00,45.0,5.25,-7.2,0.1911111111111111,0.33624244427360545,0.1911111111111111,baseline,turbine_2,2026-02-27 00:00:00+00:00,turbine_2: на 2026-02-27T00:00:00+00:00 проверяемого факта пока нет; overlap_wind_change=0.525m/s>=0.5.
2026-02-28 16:00:00+00:00,2026-02-26 18:00:00+00:00,46.0,4.36,-7.0,0.11533888888888892,0.21016285733567427,0.11533888888888892,baseline,turbine_2,2026-02-27 00:00:00+00:00,turbine_2: на 2026-02-27T00:00:00+00:00 проверяемого факта пока нет; overlap_wind_change=0.525m/s>=0.5.
2026-02-28 17:00:00+00:00,2026-02-26 18:00:00+00:00,47.0,4.26,-7.3,0.10694999999999999,0.20294305839291124,0.10694999999999999,baseline,turbine_2,2026-02-27 00:00:00+00:00,turbine_2: на 2026-02-27T00:00:00+00:00 проверяемого факта пока нет; overlap_wind_change=0.525m/s>=0.5.
2026-02-28 18:00:00+00:00,2026-02-26 18:00:00+00:00,48.0,3.85,-7.3,0.07655555555555556,0.17585745177458437,0.07655555555555556,baseline,turbine_2,2026-02-27 00:00:00+00:00,turbine_2: на 2026-02-27T00:00:00+00:00 проверяемого факта пока нет; overlap_wind_change=0.525m/s>=0.5.
2026-02-28 19:00:00+00:00,2026-02-26 18:00:00+00:00,49.0,3.63,-7.8,0.061099999999999995,0.1770123696887772,0.061099999999999995,baseline,turbine_2,2026-02-27 00:00:00+00:00,turbine_2: на 2026-02-27T00:00:00+00:00 проверяемого факта пока нет; overlap_wind_change=0.525m/s>=0.5.
2026-02-28 20:00:00+00:00,2026-02-26 18:00:00+00:00,50.0,3.31,-8.0,0.039588888888888896,0.16857248423404275,0.039588888888888896,baseline,turbine_2,2026-02-27 00:00:00+00:00,turbine_2: на 2026-02-27T00:00:00+00:00 проверяемого факта пока нет; overlap_wind_change=0.525m/s>=0.5.
2026-02-28 21:00:00+00:00,2026-02-26 18:00:00+00:00,51.0,2.41,-8.4,0.022711111111111112,0.11464340501424675,0.022711111111111112,baseline,turbine_2,2026-02-27 00:00:00+00:00,turbine_2: на 2026-02-27T00:00:00+00:00 проверяемого факта пока нет; overlap_wind_change=0.525m/s>=0.5.
2026-02-28 22:00:00+00:00,2026-02-26 18:00:00+00:00,52.0,2.47,-9.2,0.023311111111111116,0.11475293340783799,0.023311111111111116,baseline,turbine_2,2026-02-27 00:00:00+00:00,turbine_2: на 2026-02-27T00:00:00+00:00 проверяемого факта пока нет; overlap_wind_change=0.525m/s>=0.5.
2026-02-28 23:00:00+00:00,2026-02-26 18:00:00+00:00,53.0,2.26,-9.3,0.02121111111111111,0.11475293340783799,0.02121111111111111,baseline,turbine_2,2026-02-27 00:00:00+00:00,turbine_2: на 2026-02-27T00:00:00+00:00 проверяемого факта пока нет; overlap_wind_change=0.525m/s>=0.5.
2026-03-01 00:00:00+00:00,2026-02-26 18:00:00+00:00,54.0,1.94,-9.0,0.017666666666666664,0.08842720726856435,0.017666666666666664,baseline,turbine_2,2026-02-27 00:00:00+00:00,turbine_2: на 2026-02-27T00:00:00+00:00 проверяемого факта пока нет; overlap_wind_change=0.525m/s>=0.5.
