valid_time,run_time,lead_hours,wind_ms,temperature_c,baseline,prediction,operational_prediction,chosen_model,site,as_of,revision_of,reason
2026-02-01 01:00:00+00:00,2026-01-31 18:00:00+00:00,7.0,4.31,-2.7,0.12626666666666664,0.0,0.12626666666666664,baseline,turbine_1,2026-02-01 00:00:00+00:00,2026-01-31 00:00:00+00:00,overlap_wind_change=0.993m/s>=0.5
2026-02-01 02:00:00+00:00,2026-01-31 18:00:00+00:00,8.0,4.88,-2.6,0.1768,0.10699224690409272,0.1768,baseline,turbine_1,2026-02-01 00:00:00+00:00,2026-01-31 00:00:00+00:00,overlap_wind_change=0.993m/s>=0.5
2026-02-01 03:00:00+00:00,2026-01-31 18:00:00+00:00,9.0,5.21,-1.3,0.20393333333333333,0.1523742736738915,0.20393333333333333,baseline,turbine_1,2026-02-01 00:00:00+00:00,2026-01-31 00:00:00+00:00,overlap_wind_change=0.993m/s>=0.5
2026-02-01 04:00:00+00:00,2026-01-31 18:00:00+00:00,10.0,5.99,0.4,0.31388888888888894,0.23590092704707663,0.31388888888888894,baseline,turbine_1,2026-02-01 00:00:00+00:00,2026-01-31 00:00:00+00:00,overlap_wind_change=0.993m/s>=0.5
2026-02-01 05:00:00+00:00,2026-01-31 18:00:00+00:00,11.0,4.72,2.3,0.16339444444444443,0.034711611973214665,0.16339444444444443,baseline,turbine_1,2026-02-01 00:00:00+00:00,2026-01-31 00:00:00+00:00,overlap_wind_change=0.993m/s>=0.5
2026-02-01 06:00:00+00:00,2026-01-31 18:00:00+00:00,12.0,3.46,3.5,0.05708333333333333,0.0,0.05708333333333333,baseline,turbine_1,2026-02-01 00:00:00+00:00,2026-01-31 00:00:00+00:00,overlap_wind_change=0.993m/s>=0.5
2026-02-01 07:00:00+00:00,2026-01-31 18:00:00+00:00,13.0,2.82,4.5,0.03342222222222222,0.0,0.03342222222222222,baseline,turbine_1,2026-02-01 00:00:00+00:00,2026-01-31 00:00:00+00:00,overlap_wind_change=0.993m/s>=0.5
2026-02-01 08:00:00+00:00,2026-01-31 18:00:00+00:00,14.0,3.06,5.9,0.03848888888888889,0.039299150312163855,0.03848888888888889,baseline,turbine_1,2026-02-01 00:00:00+00:00,2026-01-31 00:00:00+00:00,overlap_wind_change=0.993m/s>=0.5
2026-02-01 09:00:00+00:00,2026-01-31 18:00:00+00:00,15.0,3.76,6.4,0.07809444444444442,0.0512131666897139,0.07809444444444442,baseline,turbine_1,2026-02-01 00:00:00+00:00,2026-01-31 00:00:00+00:00,overlap_wind_change=0.993m/s>=0.5
2026-02-01 10:00:00+00:00,2026-01-31 18:00:00+00:00,16.0,3.69,5.9,0.07305555555555555,0.05848993619344356,0.07305555555555555,baseline,turbine_1,2026-02-01 00:00:00+00:00,2026-01-31 00:00:00+00:00,overlap_wind_change=0.993m/s>=0.5
2026-02-01 11:00:00+00:00,2026-01-31 18:00:00+00:00,17.0,4.79,3.8,0.16940000000000002,0.1450803857197113,0.16940000000000002,baseline,turbine_1,2026-02-01 00:00:00+00:00,2026-01-31 00:00:00+00:00,overlap_wind_change=0.993m/s>=0.5
2026-02-01 12:00:00+00:00,2026-01-31 18:00:00+00:00,18.0,4.6,0.6,0.15252777777777776,0.13778505169107397,0.15252777777777776,baseline,turbine_1,2026-02-01 00:00:00+00:00,2026-01-31 00:00:00+00:00,overlap_wind_change=0.993m/s>=0.5
2026-02-01 13:00:00+00:00,2026-01-31 18:00:00+00:00,19.0,4.82,0.4,0.1718666666666667,0.14410323002761816,0.1718666666666667,baseline,turbine_1,2026-02-01 00:00:00+00:00,2026-01-31 00:00:00+00:00,overlap_wind_change=0.993m/s>=0.5
2026-02-01 14:00:00+00:00,2026-01-31 18:00:00+00:00,20.0,4.89,0.4,0.1776222222222222,0.18859127150459915,0.1776222222222222,baseline,turbine_1,2026-02-01 00:00:00+00:00,2026-01-31 00:00:00+00:00,overlap_wind_change=0.993m/s>=0.5
2026-02-01 15:00:00+00:00,2026-01-31 18:00:00+00:00,21.0,4.87,0.2,0.1759777777777778,0.1361502538246799,0.1759777777777778,baseline,turbine_1,2026-02-01 00:00:00+00:00,2026-01-31 00:00:00+00:00,overlap_wind_change=0.993m/s>=0.5
2026-02-01 16:00:00+00:00,2026-01-31 18:00:00+00:00,22.0,4.89,-0.3,0.1776222222222222,0.1218720735900432,0.1776222222222222,baseline,turbine_1,2026-02-01 00:00:00+00:00,2026-01-31 00:00:00+00:00,overlap_wind_change=0.993m/s>=0.5
2026-02-01 17:00:00+00:00,2026-01-31 18:00:00+00:00,23.0,5.0,-0.3,0.18666666666666668,0.1479973058394934,0.18666666666666668,baseline,turbine_1,2026-02-01 00:00:00+00:00,2026-01-31 00:00:00+00:00,overlap_wind_change=0.993m/s>=0.5
2026-02-01 18:00:00+00:00,2026-01-31 18:00:00+00:00,24.0,5.5,-0.3,0.23388888888888892,0.16162126811887598,0.23388888888888892,baseline,turbine_1,2026-02-01 00:00:00+00:00,2026-01-31 00:00:00+00:00,overlap_wind_change=0.993m/s>=0.5
2026-02-01 19:00:00+00:00,2026-01-31 18:00:00+00:00,25.0,6.33,-0.6,0.3877555555555555,0.6084500932312745,0.3877555555555555,baseline,turbine_1,2026-02-01 00:00:00+00:00,2026-01-31 00:00:00+00:00,overlap_wind_change=0.993m/s>=0.5
2026-02-01 20:00:00+00:00,2026-01-31 18:00:00+00:00,26.0,6.65,-0.8,0.45211111111111113,0.5724864921472265,0.45211111111111113,baseline,turbine_1,2026-02-01 00:00:00+00:00,2026-01-31 00:00:00+00:00,overlap_wind_change=0.993m/s>=0.5
2026-02-01 21:00:00+00:00,2026-01-31 18:00:00+00:00,27.0,6.64,-1.1,0.4500999999999999,0.6193890708532597,0.4500999999999999,baseline,turbine_1,2026-02-01 00:00:00+00:00,2026-01-31 00:00:00+00:00,overlap_wind_change=0.993m/s>=0.5
2026-02-01 22:00:00+00:00,2026-01-31 18:00:00+00:00,28.0,6.4,-1.4,0.4018333333333334,0.6352733561324583,0.4018333333333334,baseline,turbine_1,2026-02-01 00:00:00+00:00,2026-01-31 00:00:00+00:00,overlap_wind_change=0.993m/s>=0.5
2026-02-01 23:00:00+00:00,2026-01-31 18:00:00+00:00,29.0,6.42,-1.8,0.4058555555555555,0.6409730752074025,0.4058555555555555,baseline,turbine_1,2026-02-01 00:00:00+00:00,2026-01-31 00:00:00+00:00,overlap_wind_change=0.993m/s>=0.5
2026-02-02 00:00:00+00:00,2026-01-31 18:00:00+00:00,30.0,6.19,-2.2,0.3583333333333334,0.2993856234194596,0.3583333333333334,baseline,turbine_1,2026-02-01 00:00:00+00:00,2026-01-31 00:00:00+00:00,overlap_wind_change=0.993m/s>=0.5
2026-02-01 01:00:00+00:00,2026-01-31 18:00:00+00:00,7.0,4.31,-2.7,0.11114444444444442,0.01829667358912453,0.11114444444444442,baseline,turbine_2,2026-02-01 00:00:00+00:00,2026-01-31 00:00:00+00:00,overlap_wind_change=0.993m/s>=0.5
2026-02-01 02:00:00+00:00,2026-01-31 18:00:00+00:00,8.0,4.88,-2.6,0.15925,0.11701707897254264,0.15925,baseline,turbine_2,2026-02-01 00:00:00+00:00,2026-01-31 00:00:00+00:00,overlap_wind_change=0.993m/s>=0.5
2026-02-01 03:00:00+00:00,2026-01-31 18:00:00+00:00,9.0,5.21,-1.3,0.18766666666666665,0.16396582671630278,0.18766666666666665,baseline,turbine_2,2026-02-01 00:00:00+00:00,2026-01-31 00:00:00+00:00,overlap_wind_change=0.993m/s>=0.5
2026-02-01 04:00:00+00:00,2026-01-31 18:00:00+00:00,10.0,5.99,0.4,0.3126333333333334,0.276421571009714,0.3126333333333334,baseline,turbine_2,2026-02-01 00:00:00+00:00,2026-01-31 00:00:00+00:00,overlap_wind_change=0.993m/s>=0.5
2026-02-01 05:00:00+00:00,2026-01-31 18:00:00+00:00,11.0,4.72,2.3,0.14553888888888888,0.07410192171796456,0.14553888888888888,baseline,turbine_2,2026-02-01 00:00:00+00:00,2026-01-31 00:00:00+00:00,overlap_wind_change=0.993m/s>=0.5
2026-02-01 06:00:00+00:00,2026-01-31 18:00:00+00:00,12.0,3.46,3.5,0.04967222222222222,0.009503146638632904,0.04967222222222222,baseline,turbine_2,2026-02-01 00:00:00+00:00,2026-01-31 00:00:00+00:00,overlap_wind_change=0.993m/s>=0.5
2026-02-01 07:00:00+00:00,2026-01-31 18:00:00+00:00,13.0,2.82,4.5,0.02743333333333333,0.0,0.02743333333333333,baseline,turbine_2,2026-02-01 00:00:00+00:00,2026-01-31 00:00:00+00:00,overlap_wind_change=0.993m/s>=0.5
2026-02-01 08:00:00+00:00,2026-01-31 18:00:00+00:00,14.0,3.06,5.9,0.03196666666666667,0.03282977289386141,0.03196666666666667,baseline,turbine_2,2026-02-01 00:00:00+00:00,2026-01-31 00:00:00+00:00,overlap_wind_change=0.993m/s>=0.5
2026-02-01 09:00:00+00:00,2026-01-31 18:00:00+00:00,15.0,3.76,6.4,0.06990555555555554,0.06460958011472086,0.06990555555555554,baseline,turbine_2,2026-02-01 00:00:00+00:00,2026-01-31 00:00:00+00:00,overlap_wind_change=0.993m/s>=0.5
2026-02-01 10:00:00+00:00,2026-01-31 18:00:00+00:00,16.0,3.69,5.9,0.06513333333333333,0.07589985203246515,0.06513333333333333,baseline,turbine_2,2026-02-01 00:00:00+00:00,2026-01-31 00:00:00+00:00,overlap_wind_change=0.993m/s>=0.5
2026-02-01 11:00:00+00:00,2026-01-31 18:00:00+00:00,17.0,4.79,3.8,0.15150000000000002,0.1901872966055717,0.15150000000000002,baseline,turbine_2,2026-02-01 00:00:00+00:00,2026-01-31 00:00:00+00:00,overlap_wind_change=0.993m/s>=0.5
2026-02-01 12:00:00+00:00,2026-01-31 18:00:00+00:00,18.0,4.6,0.6,0.13547222222222222,0.14226533460362015,0.13547222222222222,baseline,turbine_2,2026-02-01 00:00:00+00:00,2026-01-31 00:00:00+00:00,overlap_wind_change=0.993m/s>=0.5
2026-02-01 13:00:00+00:00,2026-01-31 18:00:00+00:00,19.0,4.82,0.4,0.15408333333333338,0.14226533460362015,0.15408333333333338,baseline,turbine_2,2026-02-01 00:00:00+00:00,2026-01-31 00:00:00+00:00,overlap_wind_change=0.993m/s>=0.5
2026-02-01 14:00:00+00:00,2026-01-31 18:00:00+00:00,20.0,4.89,0.4,0.1601111111111111,0.21695158362118164,0.1601111111111111,baseline,turbine_2,2026-02-01 00:00:00+00:00,2026-01-31 00:00:00+00:00,overlap_wind_change=0.993m/s>=0.5
2026-02-01 15:00:00+00:00,2026-01-31 18:00:00+00:00,21.0,4.87,0.2,0.1583888888888889,0.15393837075725694,0.1583888888888889,baseline,turbine_2,2026-02-01 00:00:00+00:00,2026-01-31 00:00:00+00:00,overlap_wind_change=0.993m/s>=0.5
2026-02-01 16:00:00+00:00,2026-01-31 18:00:00+00:00,22.0,4.89,-0.3,0.1601111111111111,0.12533648964945218,0.1601111111111111,baseline,turbine_2,2026-02-01 00:00:00+00:00,2026-01-31 00:00:00+00:00,overlap_wind_change=0.993m/s>=0.5
2026-02-01 17:00:00+00:00,2026-01-31 18:00:00+00:00,23.0,5.0,-0.3,0.16958333333333334,0.146116905790861,0.16958333333333334,baseline,turbine_2,2026-02-01 00:00:00+00:00,2026-01-31 00:00:00+00:00,overlap_wind_change=0.993m/s>=0.5
2026-02-01 18:00:00+00:00,2026-01-31 18:00:00+00:00,24.0,5.5,-0.3,0.2251388888888889,0.18898976076629195,0.2251388888888889,baseline,turbine_2,2026-02-01 00:00:00+00:00,2026-01-31 00:00:00+00:00,overlap_wind_change=0.993m/s>=0.5
2026-02-01 19:00:00+00:00,2026-01-31 18:00:00+00:00,25.0,6.33,-0.6,0.3852222222222222,0.6051095159210976,0.3852222222222222,baseline,turbine_2,2026-02-01 00:00:00+00:00,2026-01-31 00:00:00+00:00,overlap_wind_change=0.993m/s>=0.5
2026-02-01 20:00:00+00:00,2026-01-31 18:00:00+00:00,26.0,6.65,-0.8,0.4438888888888889,0.4878932307753458,0.4438888888888889,baseline,turbine_2,2026-02-01 00:00:00+00:00,2026-01-31 00:00:00+00:00,overlap_wind_change=0.993m/s>=0.5
2026-02-01 21:00:00+00:00,2026-01-31 18:00:00+00:00,27.0,6.64,-1.1,0.4420555555555554,0.487917242770745,0.4420555555555554,baseline,turbine_2,2026-02-01 00:00:00+00:00,2026-01-31 00:00:00+00:00,overlap_wind_change=0.993m/s>=0.5
2026-02-01 22:00:00+00:00,2026-01-31 18:00:00+00:00,28.0,6.4,-1.4,0.39805555555555555,0.5320292911946024,0.39805555555555555,baseline,turbine_2,2026-02-01 00:00:00+00:00,2026-01-31 00:00:00+00:00,overlap_wind_change=0.993m/s>=0.5
2026-02-01 23:00:00+00:00,2026-01-31 18:00:00+00:00,29.0,6.42,-1.8,0.40172222222222215,0.49133226361554205,0.40172222222222215,baseline,turbine_2,2026-02-01 00:00:00+00:00,2026-01-31 00:00:00+00:00,overlap_wind_change=0.993m/s>=0.5
2026-02-02 00:00:00+00:00,2026-01-31 18:00:00+00:00,30.0,6.19,-2.2,0.35718888888888894,0.34961658548580654,0.35718888888888894,baseline,turbine_2,2026-02-01 00:00:00+00:00,2026-01-31 00:00:00+00:00,overlap_wind_change=0.993m/s>=0.5
2026-02-02 01:00:00+00:00,2026-02-01 18:00:00+00:00,7.0,7.02,-2.6,0.5347722222222221,0.5100275613955981,0.5347722222222221,baseline,turbine_1,2026-02-02 00:00:00+00:00,2026-02-01 00:00:00+00:00,overlap_wind_change=0.927m/s>=0.5
2026-02-02 02:00:00+00:00,2026-02-01 18:00:00+00:00,8.0,7.11,-2.9,0.5556222222222222,0.5117036146932922,0.5556222222222222,baseline,turbine_1,2026-02-02 00:00:00+00:00,2026-02-01 00:00:00+00:00,overlap_wind_change=0.927m/s>=0.5
2026-02-02 03:00:00+00:00,2026-02-01 18:00:00+00:00,9.0,7.45,-1.6,0.6126111111111111,0.5569187838026463,0.6126111111111111,baseline,turbine_1,2026-02-02 00:00:00+00:00,2026-02-01 00:00:00+00:00,overlap_wind_change=0.927m/s>=0.5
2026-02-02 04:00:00+00:00,2026-02-01 18:00:00+00:00,10.0,8.52,1.7,0.8162777777777777,0.6961234560001923,0.8162777777777777,baseline,turbine_1,2026-02-02 00:00:00+00:00,2026-02-01 00:00:00+00:00,overlap_wind_change=0.927m/s>=0.5
2026-02-02 05:00:00+00:00,2026-02-01 18:00:00+00:00,11.0,7.57,4.2,0.6273444444444445,0.5155002845218568,0.6273444444444445,baseline,turbine_1,2026-02-02 00:00:00+00:00,2026-02-01 00:00:00+00:00,overlap_wind_change=0.927m/s>=0.5
2026-02-02 06:00:00+00:00,2026-02-01 18:00:00+00:00,12.0,8.32,5.9,0.7785000000000001,0.5953616027175395,0.7785000000000001,baseline,turbine_1,2026-02-02 00:00:00+00:00,2026-02-01 00:00:00+00:00,overlap_wind_change=0.927m/s>=0.5
2026-02-02 07:00:00+00:00,2026-02-01 18:00:00+00:00,13.0,8.93,7.1,0.8936222222222221,0.8000863175471856,0.8936222222222221,baseline,turbine_1,2026-02-02 00:00:00+00:00,2026-02-01 00:00:00+00:00,overlap_wind_change=0.927m/s>=0.5
2026-02-02 08:00:00+00:00,2026-02-01 18:00:00+00:00,14.0,9.63,7.9,0.9743666666666667,0.864160194134802,0.9743666666666667,baseline,turbine_1,2026-02-02 00:00:00+00:00,2026-02-01 00:00:00+00:00,overlap_wind_change=0.927m/s>=0.5
2026-02-02 09:00:00+00:00,2026-02-01 18:00:00+00:00,15.0,9.31,8.1,0.9571222222222222,0.8330581772043117,0.9571222222222222,baseline,turbine_1,2026-02-02 00:00:00+00:00,2026-02-01 00:00:00+00:00,overlap_wind_change=0.927m/s>=0.5
2026-02-02 10:00:00+00:00,2026-02-01 18:00:00+00:00,16.0,8.63,7.6,0.8370555555555557,0.7446747902274199,0.8370555555555557,baseline,turbine_1,2026-02-02 00:00:00+00:00,2026-02-01 00:00:00+00:00,overlap_wind_change=0.927m/s>=0.5
2026-02-02 11:00:00+00:00,2026-02-01 18:00:00+00:00,17.0,8.23,5.7,0.7606444444444446,0.5684957147664967,0.7606444444444446,baseline,turbine_1,2026-02-02 00:00:00+00:00,2026-02-01 00:00:00+00:00,overlap_wind_change=0.927m/s>=0.5
2026-02-02 12:00:00+00:00,2026-02-01 18:00:00+00:00,18.0,6.72,2.6,0.46618888888888876,0.6687841278725745,0.46618888888888876,baseline,turbine_1,2026-02-02 00:00:00+00:00,2026-02-01 00:00:00+00:00,overlap_wind_change=0.927m/s>=0.5
2026-02-02 13:00:00+00:00,2026-02-01 18:00:00+00:00,19.0,4.7,0.6,0.16158333333333336,0.32820033402017323,0.16158333333333336,baseline,turbine_1,2026-02-02 00:00:00+00:00,2026-02-01 00:00:00+00:00,overlap_wind_change=0.927m/s>=0.5
2026-02-02 14:00:00+00:00,2026-02-01 18:00:00+00:00,20.0,1.97,-0.7,0.01941111111111111,0.04536153708824499,0.01941111111111111,baseline,turbine_1,2026-02-02 00:00:00+00:00,2026-02-01 00:00:00+00:00,overlap_wind_change=0.927m/s>=0.5
2026-02-02 15:00:00+00:00,2026-02-01 18:00:00+00:00,21.0,1.63,-1.0,0.015844444444444446,0.1102667301538743,0.015844444444444446,baseline,turbine_1,2026-02-02 00:00:00+00:00,2026-02-01 00:00:00+00:00,overlap_wind_change=0.927m/s>=0.5
2026-02-02 16:00:00+00:00,2026-02-01 18:00:00+00:00,22.0,2.25,-1.1,0.02361111111111111,0.07605570403228969,0.02361111111111111,baseline,turbine_1,2026-02-02 00:00:00+00:00,2026-02-01 00:00:00+00:00,overlap_wind_change=0.927m/s>=0.5
2026-02-02 17:00:00+00:00,2026-02-01 18:00:00+00:00,23.0,2.91,-0.9,0.03532222222222223,0.09269426526906287,0.03532222222222223,baseline,turbine_1,2026-02-02 00:00:00+00:00,2026-02-01 00:00:00+00:00,overlap_wind_change=0.927m/s>=0.5
2026-02-02 18:00:00+00:00,2026-02-01 18:00:00+00:00,24.0,3.97,-0.8,0.09641111111111113,0.14654025321331673,0.09641111111111113,baseline,turbine_1,2026-02-02 00:00:00+00:00,2026-02-01 00:00:00+00:00,overlap_wind_change=0.927m/s>=0.5
2026-02-02 19:00:00+00:00,2026-02-01 18:00:00+00:00,25.0,5.19,-0.8,0.20228888888888893,0.3088632698945556,0.20228888888888893,baseline,turbine_1,2026-02-02 00:00:00+00:00,2026-02-01 00:00:00+00:00,overlap_wind_change=0.927m/s>=0.5
2026-02-02 20:00:00+00:00,2026-02-01 18:00:00+00:00,26.0,6.05,-0.8,0.3272222222222222,0.45869242016028605,0.3272222222222222,baseline,turbine_1,2026-02-02 00:00:00+00:00,2026-02-01 00:00:00+00:00,overlap_wind_change=0.927m/s>=0.5
2026-02-02 21:00:00+00:00,2026-02-01 18:00:00+00:00,27.0,6.47,-1.0,0.415911111111111,0.6840425659836862,0.415911111111111,baseline,turbine_1,2026-02-02 00:00:00+00:00,2026-02-01 00:00:00+00:00,overlap_wind_change=0.927m/s>=0.5
2026-02-02 22:00:00+00:00,2026-02-01 18:00:00+00:00,28.0,6.52,-1.6,0.42596666666666655,0.6864829790542014,0.42596666666666655,baseline,turbine_1,2026-02-02 00:00:00+00:00,2026-02-01 00:00:00+00:00,overlap_wind_change=0.927m/s>=0.5
2026-02-02 23:00:00+00:00,2026-02-01 18:00:00+00:00,29.0,6.53,-1.7,0.4279777777777778,0.6813245766813363,0.4279777777777778,baseline,turbine_1,2026-02-02 00:00:00+00:00,2026-02-01 00:00:00+00:00,overlap_wind_change=0.927m/s>=0.5
2026-02-03 00:00:00+00:00,2026-02-01 18:00:00+00:00,30.0,6.02,-1.9,0.3205555555555555,0.4970932064395979,0.3205555555555555,baseline,turbine_1,2026-02-02 00:00:00+00:00,2026-02-01 00:00:00+00:00,overlap_wind_change=0.927m/s>=0.5
2026-02-02 01:00:00+00:00,2026-02-01 18:00:00+00:00,7.0,7.02,-2.6,0.5318222222222221,0.3854053083026342,0.5318222222222221,baseline,turbine_2,2026-02-02 00:00:00+00:00,2026-02-01 00:00:00+00:00,overlap_wind_change=0.927m/s>=0.5
2026-02-02 02:00:00+00:00,2026-02-01 18:00:00+00:00,8.0,7.11,-2.9,0.5550222222222222,0.37820102217918355,0.5550222222222222,baseline,turbine_2,2026-02-02 00:00:00+00:00,2026-02-01 00:00:00+00:00,overlap_wind_change=0.927m/s>=0.5
2026-02-02 03:00:00+00:00,2026-02-01 18:00:00+00:00,9.0,7.45,-1.6,0.615111111111111,0.4119972380575984,0.615111111111111,baseline,turbine_2,2026-02-02 00:00:00+00:00,2026-02-01 00:00:00+00:00,overlap_wind_change=0.927m/s>=0.5
2026-02-02 04:00:00+00:00,2026-02-01 18:00:00+00:00,10.0,8.52,1.7,0.8149444444444442,0.654810476139174,0.8149444444444442,baseline,turbine_2,2026-02-02 00:00:00+00:00,2026-02-01 00:00:00+00:00,overlap_wind_change=0.927m/s>=0.5
2026-02-02 05:00:00+00:00,2026-02-01 18:00:00+00:00,11.0,7.57,4.2,0.6295111111111111,0.4515262226166762,0.6295111111111111,baseline,turbine_2,2026-02-02 00:00:00+00:00,2026-02-01 00:00:00+00:00,overlap_wind_change=0.927m/s>=0.5
2026-02-02 06:00:00+00:00,2026-02-01 18:00:00+00:00,12.0,8.32,5.9,0.7849444444444443,0.5870894032113356,0.7849444444444443,baseline,turbine_2,2026-02-02 00:00:00+00:00,2026-02-01 00:00:00+00:00,overlap_wind_change=0.927m/s>=0.5
2026-02-02 07:00:00+00:00,2026-02-01 18:00:00+00:00,13.0,8.93,7.1,0.8837444444444443,0.8593207889835759,0.8837444444444443,baseline,turbine_2,2026-02-02 00:00:00+00:00,2026-02-01 00:00:00+00:00,overlap_wind_change=0.927m/s>=0.5
2026-02-02 08:00:00+00:00,2026-02-01 18:00:00+00:00,14.0,9.63,7.9,0.9628777777777777,0.9217616559649148,0.9628777777777777,baseline,turbine_2,2026-02-02 00:00:00+00:00,2026-02-01 00:00:00+00:00,overlap_wind_change=0.927m/s>=0.5
2026-02-02 09:00:00+00:00,2026-02-01 18:00:00+00:00,15.0,9.31,8.1,0.9475888888888888,0.86832824441072,0.9475888888888888,baseline,turbine_2,2026-02-02 00:00:00+00:00,2026-02-01 00:00:00+00:00,overlap_wind_change=0.927m/s>=0.5
2026-02-02 10:00:00+00:00,2026-02-01 18:00:00+00:00,16.0,8.63,7.6,0.8314444444444444,0.8166756847777626,0.8314444444444444,baseline,turbine_2,2026-02-02 00:00:00+00:00,2026-02-01 00:00:00+00:00,overlap_wind_change=0.927m/s>=0.5
2026-02-02 11:00:00+00:00,2026-02-01 18:00:00+00:00,17.0,8.23,5.7,0.769511111111111,0.6328714719609846,0.769511111111111,baseline,turbine_2,2026-02-02 00:00:00+00:00,2026-02-01 00:00:00+00:00,overlap_wind_change=0.927m/s>=0.5
2026-02-02 12:00:00+00:00,2026-02-01 18:00:00+00:00,18.0,6.72,2.6,0.4567222222222221,0.7184001239893976,0.4567222222222221,baseline,turbine_2,2026-02-02 00:00:00+00:00,2026-02-01 00:00:00+00:00,overlap_wind_change=0.927m/s>=0.5
2026-02-02 13:00:00+00:00,2026-02-01 18:00:00+00:00,19.0,4.7,0.6,0.14386111111111113,0.3172384789077862,0.14386111111111113,baseline,turbine_2,2026-02-02 00:00:00+00:00,2026-02-01 00:00:00+00:00,overlap_wind_change=0.927m/s>=0.5
2026-02-02 14:00:00+00:00,2026-02-01 18:00:00+00:00,20.0,1.97,-0.7,0.018,0.08899278850859425,0.018,baseline,turbine_2,2026-02-02 00:00:00+00:00,2026-02-01 00:00:00+00:00,overlap_wind_change=0.927m/s>=0.5
2026-02-02 15:00:00+00:00,2026-02-01 18:00:00+00:00,21.0,1.63,-1.0,0.015155555555555554,0.1553937644404675,0.015155555555555554,baseline,turbine_2,2026-02-02 00:00:00+00:00,2026-02-01 00:00:00+00:00,overlap_wind_change=0.927m/s>=0.5
2026-02-02 16:00:00+00:00,2026-02-01 18:00:00+00:00,22.0,2.25,-1.1,0.021111111111111112,0.14017155165986384,0.021111111111111112,baseline,turbine_2,2026-02-02 00:00:00+00:00,2026-02-01 00:00:00+00:00,overlap_wind_change=0.927m/s>=0.5
2026-02-02 17:00:00+00:00,2026-02-01 18:00:00+00:00,23.0,2.91,-0.9,0.029133333333333337,0.10379635601291873,0.029133333333333337,baseline,turbine_2,2026-02-02 00:00:00+00:00,2026-02-01 00:00:00+00:00,overlap_wind_change=0.927m/s>=0.5
2026-02-02 18:00:00+00:00,2026-02-01 18:00:00+00:00,24.0,3.97,-0.8,0.08542222222222223,0.1450166456886578,0.08542222222222223,baseline,turbine_2,2026-02-02 00:00:00+00:00,2026-02-01 00:00:00+00:00,overlap_wind_change=0.927m/s>=0.5
2026-02-02 19:00:00+00:00,2026-02-01 18:00:00+00:00,25.0,5.19,-0.8,0.18594444444444447,0.29078916212781314,0.18594444444444447,baseline,turbine_2,2026-02-02 00:00:00+00:00,2026-02-01 00:00:00+00:00,overlap_wind_change=0.927m/s>=0.5
2026-02-02 20:00:00+00:00,2026-02-01 18:00:00+00:00,26.0,6.05,-0.8,0.32599999999999996,0.4604576856499982,0.32599999999999996,baseline,turbine_2,2026-02-02 00:00:00+00:00,2026-02-01 00:00:00+00:00,overlap_wind_change=0.927m/s>=0.5
2026-02-02 21:00:00+00:00,2026-02-01 18:00:00+00:00,27.0,6.47,-1.0,0.4108888888888888,0.6160908381102416,0.4108888888888888,baseline,turbine_2,2026-02-02 00:00:00+00:00,2026-02-01 00:00:00+00:00,overlap_wind_change=0.927m/s>=0.5
2026-02-02 22:00:00+00:00,2026-02-01 18:00:00+00:00,28.0,6.52,-1.6,0.4200555555555554,0.5914832738771618,0.4200555555555554,baseline,turbine_2,2026-02-02 00:00:00+00:00,2026-02-01 00:00:00+00:00,overlap_wind_change=0.927m/s>=0.5
2026-02-02 23:00:00+00:00,2026-02-01 18:00:00+00:00,29.0,6.53,-1.7,0.42188888888888887,0.6036326935080298,0.42188888888888887,baseline,turbine_2,2026-02-02 00:00:00+00:00,2026-02-01 00:00:00+00:00,overlap_wind_change=0.927m/s>=0.5
2026-02-03 00:00:00+00:00,2026-02-01 18:00:00+00:00,30.0,6.02,-1.9,0.3193166666666666,0.4809648306157599,0.3193166666666666,baseline,turbine_2,2026-02-02 00:00:00+00:00,2026-02-01 00:00:00+00:00,overlap_wind_change=0.927m/s>=0.5
2026-02-03 01:00:00+00:00,2026-02-02 18:00:00+00:00,7.0,6.98,-2.1,0.5255055555555557,0.41549495365655414,0.5255055555555557,baseline,turbine_1,2026-02-03 00:00:00+00:00,2026-02-02 00:00:00+00:00,overlap_wind_change=1.175m/s>=0.5
2026-02-03 02:00:00+00:00,2026-02-02 18:00:00+00:00,8.0,6.36,-2.3,0.3937888888888889,0.3918735546137583,0.3937888888888889,baseline,turbine_1,2026-02-03 00:00:00+00:00,2026-02-02 00:00:00+00:00,overlap_wind_change=1.175m/s>=0.5
2026-02-03 03:00:00+00:00,2026-02-02 18:00:00+00:00,9.0,5.23,-1.1,0.2055777777777778,0.1990091418801868,0.2055777777777778,baseline,turbine_1,2026-02-03 00:00:00+00:00,2026-02-02 00:00:00+00:00,overlap_wind_change=1.175m/s>=0.5
2026-02-03 04:00:00+00:00,2026-02-02 18:00:00+00:00,10.0,2.77,2.3,0.03236666666666667,0.0,0.03236666666666667,baseline,turbine_1,2026-02-03 00:00:00+00:00,2026-02-02 00:00:00+00:00,overlap_wind_change=1.175m/s>=0.5
2026-02-03 05:00:00+00:00,2026-02-02 18:00:00+00:00,11.0,1.25,4.2,0.015,0.0011218321867350212,0.015,baseline,turbine_1,2026-02-03 00:00:00+00:00,2026-02-02 00:00:00+00:00,overlap_wind_change=1.175m/s>=0.5
2026-02-03 06:00:00+00:00,2026-02-02 18:00:00+00:00,12.0,2.48,6.3,0.027444444444444445,0.0,0.027444444444444445,baseline,turbine_1,2026-02-03 00:00:00+00:00,2026-02-02 00:00:00+00:00,overlap_wind_change=1.175m/s>=0.5
2026-02-03 07:00:00+00:00,2026-02-02 18:00:00+00:00,13.0,4.34,7.8,0.1289833333333333,0.11689319182838519,0.1289833333333333,baseline,turbine_1,2026-02-03 00:00:00+00:00,2026-02-02 00:00:00+00:00,overlap_wind_change=1.175m/s>=0.5
2026-02-03 08:00:00+00:00,2026-02-02 18:00:00+00:00,14.0,4.97,8.4,0.1842,0.31755833254519716,0.1842,baseline,turbine_1,2026-02-03 00:00:00+00:00,2026-02-02 00:00:00+00:00,overlap_wind_change=1.175m/s>=0.5
2026-02-03 09:00:00+00:00,2026-02-02 18:00:00+00:00,15.0,5.07,8.2,0.19242222222222224,0.3213468533555448,0.19242222222222224,baseline,turbine_1,2026-02-03 00:00:00+00:00,2026-02-02 00:00:00+00:00,overlap_wind_change=1.175m/s>=0.5
2026-02-03 10:00:00+00:00,2026-02-02 18:00:00+00:00,16.0,4.04,7.3,0.10251666666666667,0.22618032604177402,0.10251666666666667,baseline,turbine_1,2026-02-03 00:00:00+00:00,2026-02-02 00:00:00+00:00,overlap_wind_change=1.175m/s>=0.5
2026-02-03 11:00:00+00:00,2026-02-02 18:00:00+00:00,17.0,3.74,4.7,0.07652777777777779,0.12420130431991218,0.07652777777777779,baseline,turbine_1,2026-02-03 00:00:00+00:00,2026-02-02 00:00:00+00:00,overlap_wind_change=1.175m/s>=0.5
2026-02-03 12:00:00+00:00,2026-02-02 18:00:00+00:00,18.0,4.29,2.1,0.12445555555555556,0.2868346499735734,0.12445555555555556,baseline,turbine_1,2026-02-03 00:00:00+00:00,2026-02-02 00:00:00+00:00,overlap_wind_change=1.175m/s>=0.5
2026-02-03 13:00:00+00:00,2026-02-02 18:00:00+00:00,19.0,5.38,1.9,0.2210888888888889,0.38912591382965167,0.2210888888888889,baseline,turbine_1,2026-02-03 00:00:00+00:00,2026-02-02 00:00:00+00:00,overlap_wind_change=1.175m/s>=0.5
2026-02-03 14:00:00+00:00,2026-02-02 18:00:00+00:00,20.0,5.98,2.9,0.31166666666666676,0.45341372751164033,0.31166666666666676,baseline,turbine_1,2026-02-03 00:00:00+00:00,2026-02-02 00:00:00+00:00,overlap_wind_change=1.175m/s>=0.5
2026-02-03 15:00:00+00:00,2026-02-02 18:00:00+00:00,21.0,6.82,2.2,0.4884388888888889,0.6501930532837114,0.4884388888888889,baseline,turbine_1,2026-02-03 00:00:00+00:00,2026-02-02 00:00:00+00:00,overlap_wind_change=1.175m/s>=0.5
2026-02-03 16:00:00+00:00,2026-02-02 18:00:00+00:00,22.0,7.0,2.1,0.5301388888888888,0.6147408887713536,0.5301388888888888,baseline,turbine_1,2026-02-03 00:00:00+00:00,2026-02-02 00:00:00+00:00,overlap_wind_change=1.175m/s>=0.5
2026-02-03 17:00:00+00:00,2026-02-02 18:00:00+00:00,23.0,7.57,2.4,0.6273444444444445,0.6359436152326257,0.6273444444444445,baseline,turbine_1,2026-02-03 00:00:00+00:00,2026-02-02 00:00:00+00:00,overlap_wind_change=1.175m/s>=0.5
2026-02-03 18:00:00+00:00,2026-02-02 18:00:00+00:00,24.0,6.6,2.5,0.4420555555555554,0.5973055729911178,0.4420555555555554,baseline,turbine_1,2026-02-03 00:00:00+00:00,2026-02-02 00:00:00+00:00,overlap_wind_change=1.175m/s>=0.5
2026-02-03 19:00:00+00:00,2026-02-02 18:00:00+00:00,25.0,6.29,1.7,0.3797111111111111,0.6245366169826576,0.3797111111111111,baseline,turbine_1,2026-02-03 00:00:00+00:00,2026-02-02 00:00:00+00:00,overlap_wind_change=1.175m/s>=0.5
2026-02-03 20:00:00+00:00,2026-02-02 18:00:00+00:00,26.0,7.24,2.0,0.5857388888888889,0.5264494647990879,0.5857388888888889,baseline,turbine_1,2026-02-03 00:00:00+00:00,2026-02-02 00:00:00+00:00,overlap_wind_change=1.175m/s>=0.5
2026-02-03 21:00:00+00:00,2026-02-02 18:00:00+00:00,27.0,6.48,2.5,0.41792222222222225,0.5151128952886032,0.41792222222222225,baseline,turbine_1,2026-02-03 00:00:00+00:00,2026-02-02 00:00:00+00:00,overlap_wind_change=1.175m/s>=0.5
2026-02-03 22:00:00+00:00,2026-02-02 18:00:00+00:00,28.0,6.37,2.6,0.3958,0.5122576569430178,0.3958,baseline,turbine_1,2026-02-03 00:00:00+00:00,2026-02-02 00:00:00+00:00,overlap_wind_change=1.175m/s>=0.5
2026-02-03 23:00:00+00:00,2026-02-02 18:00:00+00:00,29.0,6.16,2.5,0.3516666666666667,0.42033417340418466,0.3516666666666667,baseline,turbine_1,2026-02-03 00:00:00+00:00,2026-02-02 00:00:00+00:00,overlap_wind_change=1.175m/s>=0.5
2026-02-04 00:00:00+00:00,2026-02-02 18:00:00+00:00,30.0,6.2,2.6,0.3605555555555556,0.3864864214632449,0.3605555555555556,baseline,turbine_1,2026-02-03 00:00:00+00:00,2026-02-02 00:00:00+00:00,overlap_wind_change=1.175m/s>=0.5
2026-02-03 01:00:00+00:00,2026-02-02 18:00:00+00:00,7.0,6.98,-2.1,0.5215111111111111,0.36051575694256055,0.5215111111111111,baseline,turbine_2,2026-02-03 00:00:00+00:00,2026-02-02 00:00:00+00:00,overlap_wind_change=1.175m/s>=0.5
2026-02-03 02:00:00+00:00,2026-02-02 18:00:00+00:00,8.0,6.36,-2.3,0.39072222222222225,0.3495808567963803,0.39072222222222225,baseline,turbine_2,2026-02-03 00:00:00+00:00,2026-02-02 00:00:00+00:00,overlap_wind_change=1.175m/s>=0.5
2026-02-03 03:00:00+00:00,2026-02-02 18:00:00+00:00,9.0,5.23,-1.1,0.1893888888888889,0.19205279998932379,0.1893888888888889,baseline,turbine_2,2026-02-03 00:00:00+00:00,2026-02-02 00:00:00+00:00,overlap_wind_change=1.175m/s>=0.5
2026-02-03 04:00:00+00:00,2026-02-02 18:00:00+00:00,10.0,2.77,2.3,0.02648888888888889,0.05129597731397962,0.02648888888888889,baseline,turbine_2,2026-02-03 00:00:00+00:00,2026-02-02 00:00:00+00:00,overlap_wind_change=1.175m/s>=0.5
2026-02-03 05:00:00+00:00,2026-02-02 18:00:00+00:00,11.0,1.25,4.2,0.013888888888888888,0.05108755866226257,0.013888888888888888,baseline,turbine_2,2026-02-03 00:00:00+00:00,2026-02-02 00:00:00+00:00,overlap_wind_change=1.175m/s>=0.5
2026-02-03 06:00:00+00:00,2026-02-02 18:00:00+00:00,12.0,2.48,6.3,0.02341111111111111,0.06198429819767462,0.02341111111111111,baseline,turbine_2,2026-02-03 00:00:00+00:00,2026-02-02 00:00:00+00:00,overlap_wind_change=1.175m/s>=0.5
2026-02-03 07:00:00+00:00,2026-02-02 18:00:00+00:00,13.0,4.34,7.8,0.1136611111111111,0.19748701932621696,0.1136611111111111,baseline,turbine_2,2026-02-03 00:00:00+00:00,2026-02-02 00:00:00+00:00,overlap_wind_change=1.175m/s>=0.5
2026-02-03 08:00:00+00:00,2026-02-02 18:00:00+00:00,14.0,4.97,8.4,0.16699999999999998,0.38290899484081536,0.16699999999999998,baseline,turbine_2,2026-02-03 00:00:00+00:00,2026-02-02 00:00:00+00:00,overlap_wind_change=1.175m/s>=0.5
2026-02-03 09:00:00+00:00,2026-02-02 18:00:00+00:00,15.0,5.07,8.2,0.17561111111111113,0.3731463848719597,0.17561111111111113,baseline,turbine_2,2026-02-03 00:00:00+00:00,2026-02-02 00:00:00+00:00,overlap_wind_change=1.175m/s>=0.5
2026-02-03 10:00:00+00:00,2026-02-02 18:00:00+00:00,16.0,4.04,7.3,0.09059444444444445,0.2674630824009171,0.09059444444444445,baseline,turbine_2,2026-02-03 00:00:00+00:00,2026-02-02 00:00:00+00:00,overlap_wind_change=1.175m/s>=0.5
2026-02-03 11:00:00+00:00,2026-02-02 18:00:00+00:00,17.0,3.74,4.7,0.06849444444444446,0.17481169919777445,0.06849444444444446,baseline,turbine_2,2026-02-03 00:00:00+00:00,2026-02-02 00:00:00+00:00,overlap_wind_change=1.175m/s>=0.5
2026-02-03 12:00:00+00:00,2026-02-02 18:00:00+00:00,18.0,4.29,2.1,0.10946666666666667,0.327673487745273,0.10946666666666667,baseline,turbine_2,2026-02-03 00:00:00+00:00,2026-02-02 00:00:00+00:00,overlap_wind_change=1.175m/s>=0.5
2026-02-03 13:00:00+00:00,2026-02-02 18:00:00+00:00,19.0,5.38,1.9,0.20880555555555555,0.42302753761180323,0.20880555555555555,baseline,turbine_2,2026-02-03 00:00:00+00:00,2026-02-02 00:00:00+00:00,overlap_wind_change=1.175m/s>=0.5
2026-02-03 14:00:00+00:00,2026-02-02 18:00:00+00:00,20.0,5.98,2.9,0.31040555555555566,0.4896904067667149,0.31040555555555566,baseline,turbine_2,2026-02-03 00:00:00+00:00,2026-02-02 00:00:00+00:00,overlap_wind_change=1.175m/s>=0.5
2026-02-03 15:00:00+00:00,2026-02-02 18:00:00+00:00,21.0,6.82,2.2,0.4802666666666667,0.7246469891713663,0.4802666666666667,baseline,turbine_2,2026-02-03 00:00:00+00:00,2026-02-02 00:00:00+00:00,overlap_wind_change=1.175m/s>=0.5
2026-02-03 16:00:00+00:00,2026-02-02 18:00:00+00:00,22.0,7.0,2.1,0.5266666666666666,0.7389593698198149,0.5266666666666666,baseline,turbine_2,2026-02-03 00:00:00+00:00,2026-02-02 00:00:00+00:00,overlap_wind_change=1.175m/s>=0.5
2026-02-03 17:00:00+00:00,2026-02-02 18:00:00+00:00,23.0,7.57,2.4,0.6295111111111111,0.7137730338198499,0.6295111111111111,baseline,turbine_2,2026-02-03 00:00:00+00:00,2026-02-02 00:00:00+00:00,overlap_wind_change=1.175m/s>=0.5
2026-02-03 18:00:00+00:00,2026-02-02 18:00:00+00:00,24.0,6.6,2.5,0.4347222222222221,0.6006941407997722,0.4347222222222221,baseline,turbine_2,2026-02-03 00:00:00+00:00,2026-02-02 00:00:00+00:00,overlap_wind_change=1.175m/s>=0.5
2026-02-03 19:00:00+00:00,2026-02-02 18:00:00+00:00,25.0,6.29,1.7,0.3778888888888889,0.6506863303699173,0.3778888888888889,baseline,turbine_2,2026-02-03 00:00:00+00:00,2026-02-02 00:00:00+00:00,overlap_wind_change=1.175m/s>=0.5
2026-02-03 20:00:00+00:00,2026-02-02 18:00:00+00:00,26.0,7.24,2.0,0.5885333333333334,0.5691847106420067,0.5885333333333334,baseline,turbine_2,2026-02-03 00:00:00+00:00,2026-02-02 00:00:00+00:00,overlap_wind_change=1.175m/s>=0.5
2026-02-03 21:00:00+00:00,2026-02-02 18:00:00+00:00,27.0,6.48,2.5,0.41272222222222227,0.4607768091646278,0.41272222222222227,baseline,turbine_2,2026-02-03 00:00:00+00:00,2026-02-02 00:00:00+00:00,overlap_wind_change=1.175m/s>=0.5
2026-02-03 22:00:00+00:00,2026-02-02 18:00:00+00:00,28.0,6.37,2.6,0.39255555555555555,0.47930404191205284,0.39255555555555555,baseline,turbine_2,2026-02-03 00:00:00+00:00,2026-02-02 00:00:00+00:00,overlap_wind_change=1.175m/s>=0.5
2026-02-03 23:00:00+00:00,2026-02-02 18:00:00+00:00,29.0,6.16,2.5,0.35050555555555557,0.4224669558606373,0.35050555555555557,baseline,turbine_2,2026-02-03 00:00:00+00:00,2026-02-02 00:00:00+00:00,overlap_wind_change=1.175m/s>=0.5
2026-02-04 00:00:00+00:00,2026-02-02 18:00:00+00:00,30.0,6.2,2.6,0.35941666666666666,0.40118041679227434,0.35941666666666666,baseline,turbine_2,2026-02-03 00:00:00+00:00,2026-02-02 00:00:00+00:00,overlap_wind_change=1.175m/s>=0.5
2026-02-04 01:00:00+00:00,2026-02-03 18:00:00+00:00,7.0,6.77,2.7,0.47685555555555537,0.31451979017543036,0.47685555555555537,baseline,turbine_1,2026-02-04 00:00:00+00:00,2026-02-03 00:00:00+00:00,overlap_wind_change=0.886m/s>=0.5
2026-02-04 02:00:00+00:00,2026-02-03 18:00:00+00:00,8.0,6.29,2.4,0.3797111111111111,0.35336532335842247,0.3797111111111111,baseline,turbine_1,2026-02-04 00:00:00+00:00,2026-02-03 00:00:00+00:00,overlap_wind_change=0.886m/s>=0.5
2026-02-04 03:00:00+00:00,2026-02-03 18:00:00+00:00,9.0,6.49,2.1,0.4199333333333333,0.4190057148353074,0.4199333333333333,baseline,turbine_1,2026-02-04 00:00:00+00:00,2026-02-03 00:00:00+00:00,overlap_wind_change=0.886m/s>=0.5
2026-02-04 04:00:00+00:00,2026-02-03 18:00:00+00:00,10.0,7.29,2.8,0.5929666666666666,0.40014920494275935,0.5929666666666666,baseline,turbine_1,2026-02-04 00:00:00+00:00,2026-02-03 00:00:00+00:00,overlap_wind_change=0.886m/s>=0.5
2026-02-04 05:00:00+00:00,2026-02-03 18:00:00+00:00,11.0,7.67,3.5,0.6396222222222222,0.527420513922827,0.6396222222222222,baseline,turbine_1,2026-02-04 00:00:00+00:00,2026-02-03 00:00:00+00:00,overlap_wind_change=0.886m/s>=0.5
2026-02-04 06:00:00+00:00,2026-02-03 18:00:00+00:00,12.0,6.59,4.2,0.44004444444444435,0.37928203200407007,0.44004444444444435,baseline,turbine_1,2026-02-04 00:00:00+00:00,2026-02-03 00:00:00+00:00,overlap_wind_change=0.886m/s>=0.5
2026-02-04 07:00:00+00:00,2026-02-03 18:00:00+00:00,13.0,5.4,6.0,0.22322222222222227,0.21592792982153047,0.22322222222222227,baseline,turbine_1,2026-02-04 00:00:00+00:00,2026-02-03 00:00:00+00:00,overlap_wind_change=0.886m/s>=0.5
2026-02-04 08:00:00+00:00,2026-02-03 18:00:00+00:00,14.0,4.39,7.5,0.13351111111111108,0.22052405237566275,0.13351111111111108,baseline,turbine_1,2026-02-04 00:00:00+00:00,2026-02-03 00:00:00+00:00,overlap_wind_change=0.886m/s>=0.5
2026-02-04 09:00:00+00:00,2026-02-03 18:00:00+00:00,15.0,4.09,8.4,0.10687777777777777,0.23627729114072082,0.10687777777777777,baseline,turbine_1,2026-02-04 00:00:00+00:00,2026-02-03 00:00:00+00:00,overlap_wind_change=0.886m/s>=0.5
2026-02-04 10:00:00+00:00,2026-02-03 18:00:00+00:00,16.0,3.59,8.2,0.0661111111111111,0.16055235178100108,0.0661111111111111,baseline,turbine_1,2026-02-04 00:00:00+00:00,2026-02-03 00:00:00+00:00,overlap_wind_change=0.886m/s>=0.5
2026-02-04 11:00:00+00:00,2026-02-03 18:00:00+00:00,17.0,2.33,6.2,0.024944444444444446,0.08393842990536893,0.024944444444444446,baseline,turbine_1,2026-02-04 00:00:00+00:00,2026-02-03 00:00:00+00:00,overlap_wind_change=0.886m/s>=0.5
2026-02-04 12:00:00+00:00,2026-02-03 18:00:00+00:00,18.0,2.14,3.3,0.021961111111111112,0.0954876930155445,0.021961111111111112,baseline,turbine_1,2026-02-04 00:00:00+00:00,2026-02-03 00:00:00+00:00,overlap_wind_change=0.886m/s>=0.5
2026-02-04 13:00:00+00:00,2026-02-03 18:00:00+00:00,19.0,0.86,1.7,0.0111,0.025428809664744867,0.0111,baseline,turbine_1,2026-02-04 00:00:00+00:00,2026-02-03 00:00:00+00:00,overlap_wind_change=0.886m/s>=0.5
2026-02-04 14:00:00+00:00,2026-02-03 18:00:00+00:00,20.0,4.14,1.3,0.11123888888888886,0.285135515679223,0.11123888888888886,baseline,turbine_1,2026-02-04 00:00:00+00:00,2026-02-03 00:00:00+00:00,overlap_wind_change=0.886m/s>=0.5
2026-02-04 15:00:00+00:00,2026-02-03 18:00:00+00:00,21.0,5.93,0.9,0.3005555555555555,0.4975446621145911,0.3005555555555555,baseline,turbine_1,2026-02-04 00:00:00+00:00,2026-02-03 00:00:00+00:00,overlap_wind_change=0.886m/s>=0.5
2026-02-04 16:00:00+00:00,2026-02-03 18:00:00+00:00,22.0,6.82,-0.1,0.4884388888888889,0.7555324282562029,0.4884388888888889,baseline,turbine_1,2026-02-04 00:00:00+00:00,2026-02-03 00:00:00+00:00,overlap_wind_change=0.886m/s>=0.5
2026-02-04 17:00:00+00:00,2026-02-03 18:00:00+00:00,23.0,6.96,-1.0,0.5208722222222222,0.7360499740034215,0.5208722222222222,baseline,turbine_1,2026-02-04 00:00:00+00:00,2026-02-03 00:00:00+00:00,overlap_wind_change=0.886m/s>=0.5
2026-02-04 18:00:00+00:00,2026-02-03 18:00:00+00:00,24.0,7.63,-1.3,0.634711111111111,0.7609818598431981,0.634711111111111,baseline,turbine_1,2026-02-04 00:00:00+00:00,2026-02-03 00:00:00+00:00,overlap_wind_change=0.886m/s>=0.5
2026-02-04 19:00:00+00:00,2026-02-03 18:00:00+00:00,25.0,8.52,-1.3,0.8162777777777777,0.8957721765722031,0.8162777777777777,baseline,turbine_1,2026-02-04 00:00:00+00:00,2026-02-03 00:00:00+00:00,overlap_wind_change=0.886m/s>=0.5
2026-02-04 20:00:00+00:00,2026-02-03 18:00:00+00:00,26.0,9.11,-0.9,0.9275222222222221,0.928004116050099,0.9275222222222221,baseline,turbine_1,2026-02-04 00:00:00+00:00,2026-02-03 00:00:00+00:00,overlap_wind_change=0.886m/s>=0.5
2026-02-04 21:00:00+00:00,2026-02-03 18:00:00+00:00,27.0,9.71,-0.4,0.9786777777777779,0.9642751832352378,0.9786777777777779,baseline,turbine_1,2026-02-04 00:00:00+00:00,2026-02-03 00:00:00+00:00,overlap_wind_change=0.886m/s>=0.5
2026-02-04 22:00:00+00:00,2026-02-03 18:00:00+00:00,28.0,10.07,-0.1,0.9815444444444444,0.9783834897499679,0.9815444444444444,baseline,turbine_1,2026-02-04 00:00:00+00:00,2026-02-03 00:00:00+00:00,overlap_wind_change=0.886m/s>=0.5
2026-02-04 23:00:00+00:00,2026-02-03 18:00:00+00:00,29.0,10.41,0.2,0.9829222222222221,0.9043627830256203,0.9829222222222221,baseline,turbine_1,2026-02-04 00:00:00+00:00,2026-02-03 00:00:00+00:00,overlap_wind_change=0.886m/s>=0.5
2026-02-05 00:00:00+00:00,2026-02-03 18:00:00+00:00,30.0,10.33,0.6,0.9824333333333333,0.9796463957024548,0.9824333333333333,baseline,turbine_1,2026-02-04 00:00:00+00:00,2026-02-03 00:00:00+00:00,overlap_wind_change=0.886m/s>=0.5
2026-02-04 01:00:00+00:00,2026-02-03 18:00:00+00:00,7.0,6.77,2.7,0.4673777777777776,0.3239150984554452,0.4673777777777776,baseline,turbine_2,2026-02-04 00:00:00+00:00,2026-02-03 00:00:00+00:00,overlap_wind_change=0.886m/s>=0.5
2026-02-04 02:00:00+00:00,2026-02-03 18:00:00+00:00,8.0,6.29,2.4,0.3778888888888889,0.33372719809530793,0.3778888888888889,baseline,turbine_2,2026-02-04 00:00:00+00:00,2026-02-03 00:00:00+00:00,overlap_wind_change=0.886m/s>=0.5
2026-02-04 03:00:00+00:00,2026-02-03 18:00:00+00:00,9.0,6.49,2.1,0.41455555555555557,0.3808536759727753,0.41455555555555557,baseline,turbine_2,2026-02-04 00:00:00+00:00,2026-02-03 00:00:00+00:00,overlap_wind_change=0.886m/s>=0.5
2026-02-04 04:00:00+00:00,2026-02-03 18:00:00+00:00,10.0,7.29,2.8,0.5959111111111111,0.36371907051458463,0.5959111111111111,baseline,turbine_2,2026-02-04 00:00:00+00:00,2026-02-03 00:00:00+00:00,overlap_wind_change=0.886m/s>=0.5
2026-02-04 05:00:00+00:00,2026-02-03 18:00:00+00:00,11.0,7.67,3.5,0.641511111111111,0.5196505439229784,0.641511111111111,baseline,turbine_2,2026-02-04 00:00:00+00:00,2026-02-03 00:00:00+00:00,overlap_wind_change=0.886m/s>=0.5
2026-02-04 06:00:00+00:00,2026-02-03 18:00:00+00:00,12.0,6.59,4.2,0.4328888888888888,0.36142636652528376,0.4328888888888888,baseline,turbine_2,2026-02-04 00:00:00+00:00,2026-02-03 00:00:00+00:00,overlap_wind_change=0.886m/s>=0.5
2026-02-04 07:00:00+00:00,2026-02-03 18:00:00+00:00,13.0,5.4,6.0,0.21152777777777781,0.31646402225494713,0.21152777777777781,baseline,turbine_2,2026-02-04 00:00:00+00:00,2026-02-03 00:00:00+00:00,overlap_wind_change=0.886m/s>=0.5
2026-02-04 08:00:00+00:00,2026-02-03 18:00:00+00:00,14.0,4.39,7.5,0.11785555555555553,0.2771950691050101,0.11785555555555553,baseline,turbine_2,2026-02-04 00:00:00+00:00,2026-02-03 00:00:00+00:00,overlap_wind_change=0.886m/s>=0.5
2026-02-04 09:00:00+00:00,2026-02-03 18:00:00+00:00,15.0,4.09,8.4,0.09428888888888888,0.27662292923934756,0.09428888888888888,baseline,turbine_2,2026-02-04 00:00:00+00:00,2026-02-03 00:00:00+00:00,overlap_wind_change=0.886m/s>=0.5
2026-02-04 10:00:00+00:00,2026-02-03 18:00:00+00:00,16.0,3.59,8.2,0.0584111111111111,0.2318166637255938,0.0584111111111111,baseline,turbine_2,2026-02-04 00:00:00+00:00,2026-02-03 00:00:00+00:00,overlap_wind_change=0.886m/s>=0.5
2026-02-04 11:00:00+00:00,2026-02-03 18:00:00+00:00,17.0,2.33,6.2,0.021911111111111114,0.13116825469897103,0.021911111111111114,baseline,turbine_2,2026-02-04 00:00:00+00:00,2026-02-03 00:00:00+00:00,overlap_wind_change=0.886m/s>=0.5
2026-02-04 12:00:00+00:00,2026-02-03 18:00:00+00:00,18.0,2.14,3.3,0.01988888888888889,0.1289147578299111,0.01988888888888889,baseline,turbine_2,2026-02-04 00:00:00+00:00,2026-02-03 00:00:00+00:00,overlap_wind_change=0.886m/s>=0.5
2026-02-04 13:00:00+00:00,2026-02-03 18:00:00+00:00,19.0,0.86,1.7,0.010855555555555556,0.09978824977370979,0.010855555555555556,baseline,turbine_2,2026-02-04 00:00:00+00:00,2026-02-03 00:00:00+00:00,overlap_wind_change=0.886m/s>=0.5
2026-02-04 14:00:00+00:00,2026-02-03 18:00:00+00:00,20.0,4.14,1.3,0.09798333333333331,0.32801320572143056,0.09798333333333331,baseline,turbine_2,2026-02-04 00:00:00+00:00,2026-02-03 00:00:00+00:00,overlap_wind_change=0.886m/s>=0.5
2026-02-04 15:00:00+00:00,2026-02-03 18:00:00+00:00,21.0,5.93,0.9,0.2992666666666666,0.4942750116114344,0.2992666666666666,baseline,turbine_2,2026-02-04 00:00:00+00:00,2026-02-03 00:00:00+00:00,overlap_wind_change=0.886m/s>=0.5
2026-02-04 16:00:00+00:00,2026-02-03 18:00:00+00:00,22.0,6.82,-0.1,0.4802666666666667,0.7977931937545382,0.4802666666666667,baseline,turbine_2,2026-02-04 00:00:00+00:00,2026-02-03 00:00:00+00:00,overlap_wind_change=0.886m/s>=0.5
2026-02-04 17:00:00+00:00,2026-02-03 18:00:00+00:00,23.0,6.96,-1.0,0.5163555555555555,0.7138177432848714,0.5163555555555555,baseline,turbine_2,2026-02-04 00:00:00+00:00,2026-02-03 00:00:00+00:00,overlap_wind_change=0.886m/s>=0.5
2026-02-04 18:00:00+00:00,2026-02-03 18:00:00+00:00,24.0,7.63,-1.3,0.636711111111111,0.773105896971347,0.636711111111111,baseline,turbine_2,2026-02-04 00:00:00+00:00,2026-02-03 00:00:00+00:00,overlap_wind_change=0.886m/s>=0.5
2026-02-04 19:00:00+00:00,2026-02-03 18:00:00+00:00,25.0,8.52,-1.3,0.8149444444444442,0.950615856973138,0.8149444444444442,baseline,turbine_2,2026-02-04 00:00:00+00:00,2026-02-03 00:00:00+00:00,overlap_wind_change=0.886m/s>=0.5
2026-02-04 20:00:00+00:00,2026-02-03 18:00:00+00:00,26.0,9.11,-0.9,0.9180444444444442,0.895081104603618,0.9180444444444442,baseline,turbine_2,2026-02-04 00:00:00+00:00,2026-02-03 00:00:00+00:00,overlap_wind_change=0.886m/s>=0.5
2026-02-04 21:00:00+00:00,2026-02-03 18:00:00+00:00,27.0,9.71,-0.4,0.9667,0.9678499445860966,0.9667,baseline,turbine_2,2026-02-04 00:00:00+00:00,2026-02-03 00:00:00+00:00,overlap_wind_change=0.886m/s>=0.5
2026-02-04 22:00:00+00:00,2026-02-03 18:00:00+00:00,28.0,10.07,-0.1,0.9718111111111111,0.9601499886060443,0.9718111111111111,baseline,turbine_2,2026-02-04 00:00:00+00:00,2026-02-03 00:00:00+00:00,overlap_wind_change=0.886m/s>=0.5
2026-02-04 23:00:00+00:00,2026-02-03 18:00:00+00:00,29.0,10.41,0.2,0.9743222222222222,1.0,0.9743222222222222,baseline,turbine_2,2026-02-04 00:00:00+00:00,2026-02-03 00:00:00+00:00,overlap_wind_change=0.886m/s>=0.5
2026-02-05 00:00:00+00:00,2026-02-03 18:00:00+00:00,30.0,10.33,0.6,0.9739666666666666,1.0,0.9739666666666666,baseline,turbine_2,2026-02-04 00:00:00+00:00,2026-02-03 00:00:00+00:00,overlap_wind_change=0.886m/s>=0.5
2026-02-05 01:00:00+00:00,2026-02-04 18:00:00+00:00,7.0,12.01,1.3,0.9899999999999999,0.8687054763688747,0.9899999999999999,baseline,turbine_1,2026-02-05 00:00:00+00:00,2026-02-04 00:00:00+00:00,overlap_wind_change=0.650m/s>=0.5
2026-02-05 02:00:00+00:00,2026-02-04 18:00:00+00:00,8.0,12.34,1.3,0.9899999999999999,0.8552602979948807,0.9899999999999999,baseline,turbine_1,2026-02-05 00:00:00+00:00,2026-02-04 00:00:00+00:00,overlap_wind_change=0.650m/s>=0.5
2026-02-05 03:00:00+00:00,2026-02-04 18:00:00+00:00,9.0,11.91,1.8,0.9899999999999999,0.8398903445506,0.9899999999999999,baseline,turbine_1,2026-02-05 00:00:00+00:00,2026-02-04 00:00:00+00:00,overlap_wind_change=0.650m/s>=0.5
2026-02-05 04:00:00+00:00,2026-02-04 18:00:00+00:00,10.0,11.24,3.1,0.9849999999999999,0.8593318655872635,0.9849999999999999,baseline,turbine_1,2026-02-05 00:00:00+00:00,2026-02-04 00:00:00+00:00,overlap_wind_change=0.650m/s>=0.5
2026-02-05 05:00:00+00:00,2026-02-04 18:00:00+00:00,11.0,11.15,4.6,0.9849999999999999,0.8396522714709382,0.9849999999999999,baseline,turbine_1,2026-02-05 00:00:00+00:00,2026-02-04 00:00:00+00:00,overlap_wind_change=0.650m/s>=0.5
2026-02-05 06:00:00+00:00,2026-02-04 18:00:00+00:00,12.0,11.23,6.3,0.9849999999999999,0.8845852098188866,0.9849999999999999,baseline,turbine_1,2026-02-05 00:00:00+00:00,2026-02-04 00:00:00+00:00,overlap_wind_change=0.650m/s>=0.5
2026-02-05 07:00:00+00:00,2026-02-04 18:00:00+00:00,13.0,11.17,7.5,0.9849999999999999,0.8323156797457633,0.9849999999999999,baseline,turbine_1,2026-02-05 00:00:00+00:00,2026-02-04 00:00:00+00:00,overlap_wind_change=0.650m/s>=0.5
2026-02-05 08:00:00+00:00,2026-02-04 18:00:00+00:00,14.0,10.17,8.3,0.9817666666666667,0.8623825411980075,0.9817666666666667,baseline,turbine_1,2026-02-05 00:00:00+00:00,2026-02-04 00:00:00+00:00,overlap_wind_change=0.650m/s>=0.5
2026-02-05 09:00:00+00:00,2026-02-04 18:00:00+00:00,15.0,9.19,8.5,0.9425888888888888,0.8829284114945581,0.9425888888888888,baseline,turbine_1,2026-02-05 00:00:00+00:00,2026-02-04 00:00:00+00:00,overlap_wind_change=0.650m/s>=0.5
2026-02-05 10:00:00+00:00,2026-02-04 18:00:00+00:00,16.0,7.79,8.1,0.658711111111111,0.68836002757269,0.658711111111111,baseline,turbine_1,2026-02-05 00:00:00+00:00,2026-02-04 00:00:00+00:00,overlap_wind_change=0.650m/s>=0.5
2026-02-05 11:00:00+00:00,2026-02-04 18:00:00+00:00,17.0,7.82,6.6,0.6656611111111111,0.6497560277055171,0.6656611111111111,baseline,turbine_1,2026-02-05 00:00:00+00:00,2026-02-04 00:00:00+00:00,overlap_wind_change=0.650m/s>=0.5
2026-02-05 12:00:00+00:00,2026-02-04 18:00:00+00:00,18.0,6.96,3.4,0.5208722222222222,0.6447257121690262,0.5208722222222222,baseline,turbine_1,2026-02-05 00:00:00+00:00,2026-02-04 00:00:00+00:00,overlap_wind_change=0.650m/s>=0.5
2026-02-05 13:00:00+00:00,2026-02-04 18:00:00+00:00,19.0,6.61,0.6,0.44406666666666667,0.7146916534409419,0.44406666666666667,baseline,turbine_1,2026-02-05 00:00:00+00:00,2026-02-04 00:00:00+00:00,overlap_wind_change=0.650m/s>=0.5
2026-02-05 14:00:00+00:00,2026-02-04 18:00:00+00:00,20.0,7.07,-0.4,0.5463555555555556,0.7658203003153061,0.5463555555555556,baseline,turbine_1,2026-02-05 00:00:00+00:00,2026-02-04 00:00:00+00:00,overlap_wind_change=0.650m/s>=0.5
2026-02-05 15:00:00+00:00,2026-02-04 18:00:00+00:00,21.0,6.93,-0.9,0.5139222222222221,0.7822619764862849,0.5139222222222221,baseline,turbine_1,2026-02-05 00:00:00+00:00,2026-02-04 00:00:00+00:00,overlap_wind_change=0.650m/s>=0.5
2026-02-05 16:00:00+00:00,2026-02-04 18:00:00+00:00,22.0,6.76,-1.5,0.4745388888888888,0.820884850621456,0.4745388888888888,baseline,turbine_1,2026-02-05 00:00:00+00:00,2026-02-04 00:00:00+00:00,overlap_wind_change=0.650m/s>=0.5
2026-02-05 17:00:00+00:00,2026-02-04 18:00:00+00:00,23.0,6.83,-1.1,0.4907555555555555,0.813297639610003,0.4907555555555555,baseline,turbine_1,2026-02-05 00:00:00+00:00,2026-02-04 00:00:00+00:00,overlap_wind_change=0.650m/s>=0.5
2026-02-05 18:00:00+00:00,2026-02-04 18:00:00+00:00,24.0,6.57,-1.4,0.43602222222222226,0.8111025204112802,0.43602222222222226,baseline,turbine_1,2026-02-05 00:00:00+00:00,2026-02-04 00:00:00+00:00,overlap_wind_change=0.650m/s>=0.5
2026-02-05 19:00:00+00:00,2026-02-04 18:00:00+00:00,25.0,6.18,-1.6,0.35611111111111104,0.46421343250786085,0.35611111111111104,baseline,turbine_1,2026-02-05 00:00:00+00:00,2026-02-04 00:00:00+00:00,overlap_wind_change=0.650m/s>=0.5
2026-02-05 20:00:00+00:00,2026-02-04 18:00:00+00:00,26.0,5.49,-1.9,0.23282222222222226,0.34593162525191906,0.23282222222222226,baseline,turbine_1,2026-02-05 00:00:00+00:00,2026-02-04 00:00:00+00:00,overlap_wind_change=0.650m/s>=0.5
2026-02-05 21:00:00+00:00,2026-02-04 18:00:00+00:00,27.0,5.12,-2.0,0.19653333333333334,0.3171788517667772,0.19653333333333334,baseline,turbine_1,2026-02-05 00:00:00+00:00,2026-02-04 00:00:00+00:00,overlap_wind_change=0.650m/s>=0.5
2026-02-05 22:00:00+00:00,2026-02-04 18:00:00+00:00,28.0,4.73,-1.8,0.16430000000000006,0.2618746954481437,0.16430000000000006,baseline,turbine_1,2026-02-05 00:00:00+00:00,2026-02-04 00:00:00+00:00,overlap_wind_change=0.650m/s>=0.5
2026-02-05 23:00:00+00:00,2026-02-04 18:00:00+00:00,29.0,3.01,-1.4,0.03743333333333333,0.1359373304352224,0.03743333333333333,baseline,turbine_1,2026-02-05 00:00:00+00:00,2026-02-04 00:00:00+00:00,overlap_wind_change=0.650m/s>=0.5
2026-02-06 00:00:00+00:00,2026-02-04 18:00:00+00:00,30.0,2.66,-0.3,0.03044444444444445,0.0977380683384334,0.03044444444444445,baseline,turbine_1,2026-02-05 00:00:00+00:00,2026-02-04 00:00:00+00:00,overlap_wind_change=0.650m/s>=0.5
2026-02-05 01:00:00+00:00,2026-02-04 18:00:00+00:00,7.0,12.01,1.3,0.9756777777777778,0.8891964880675445,0.9756777777777778,baseline,turbine_2,2026-02-05 00:00:00+00:00,2026-02-04 00:00:00+00:00,overlap_wind_change=0.650m/s>=0.5
2026-02-05 02:00:00+00:00,2026-02-04 18:00:00+00:00,8.0,12.34,1.3,0.9751277777777778,0.8769270204689702,0.9751277777777778,baseline,turbine_2,2026-02-05 00:00:00+00:00,2026-02-04 00:00:00+00:00,overlap_wind_change=0.650m/s>=0.5
2026-02-05 03:00:00+00:00,2026-02-04 18:00:00+00:00,9.0,11.91,1.8,0.9758444444444444,0.8696301538217265,0.9758444444444444,baseline,turbine_2,2026-02-05 00:00:00+00:00,2026-02-04 00:00:00+00:00,overlap_wind_change=0.650m/s>=0.5
2026-02-05 04:00:00+00:00,2026-02-04 18:00:00+00:00,10.0,11.24,3.1,0.9771944444444445,0.8690812527494894,0.9771944444444445,baseline,turbine_2,2026-02-05 00:00:00+00:00,2026-02-04 00:00:00+00:00,overlap_wind_change=0.650m/s>=0.5
2026-02-05 05:00:00+00:00,2026-02-04 18:00:00+00:00,11.0,11.15,4.6,0.9769444444444444,0.8061883164180859,0.9769444444444444,baseline,turbine_2,2026-02-05 00:00:00+00:00,2026-02-04 00:00:00+00:00,overlap_wind_change=0.650m/s>=0.5
2026-02-05 06:00:00+00:00,2026-02-04 18:00:00+00:00,12.0,11.23,6.3,0.9771666666666666,0.8823442653167969,0.9771666666666666,baseline,turbine_2,2026-02-05 00:00:00+00:00,2026-02-04 00:00:00+00:00,overlap_wind_change=0.650m/s>=0.5
2026-02-05 07:00:00+00:00,2026-02-04 18:00:00+00:00,13.0,11.17,7.5,0.977,0.8418076622481644,0.977,baseline,turbine_2,2026-02-05 00:00:00+00:00,2026-02-04 00:00:00+00:00,overlap_wind_change=0.650m/s>=0.5
2026-02-05 08:00:00+00:00,2026-02-04 18:00:00+00:00,14.0,10.17,8.3,0.9728111111111111,0.9069051058228529,0.9728111111111111,baseline,turbine_2,2026-02-05 00:00:00+00:00,2026-02-04 00:00:00+00:00,overlap_wind_change=0.650m/s>=0.5
2026-02-05 09:00:00+00:00,2026-02-04 18:00:00+00:00,15.0,9.19,8.5,0.9332888888888887,0.8493861145551872,0.9332888888888887,baseline,turbine_2,2026-02-05 00:00:00+00:00,2026-02-04 00:00:00+00:00,overlap_wind_change=0.650m/s>=0.5
2026-02-05 10:00:00+00:00,2026-02-04 18:00:00+00:00,16.0,7.79,8.1,0.6609777777777778,0.690614737884666,0.6609777777777778,baseline,turbine_2,2026-02-05 00:00:00+00:00,2026-02-04 00:00:00+00:00,overlap_wind_change=0.650m/s>=0.5
2026-02-05 11:00:00+00:00,2026-02-04 18:00:00+00:00,17.0,7.82,6.6,0.6683777777777778,0.7327673072784864,0.6683777777777778,baseline,turbine_2,2026-02-05 00:00:00+00:00,2026-02-04 00:00:00+00:00,overlap_wind_change=0.650m/s>=0.5
2026-02-05 12:00:00+00:00,2026-02-04 18:00:00+00:00,18.0,6.96,3.4,0.5163555555555555,0.7718613531471162,0.5163555555555555,baseline,turbine_2,2026-02-05 00:00:00+00:00,2026-02-04 00:00:00+00:00,overlap_wind_change=0.650m/s>=0.5
2026-02-05 13:00:00+00:00,2026-02-04 18:00:00+00:00,19.0,6.61,0.6,0.43655555555555553,0.7475818004114192,0.43655555555555553,baseline,turbine_2,2026-02-05 00:00:00+00:00,2026-02-04 00:00:00+00:00,overlap_wind_change=0.650m/s>=0.5
2026-02-05 14:00:00+00:00,2026-02-04 18:00:00+00:00,20.0,7.07,-0.4,0.5447111111111111,0.7368671112113662,0.5447111111111111,baseline,turbine_2,2026-02-05 00:00:00+00:00,2026-02-04 00:00:00+00:00,overlap_wind_change=0.650m/s>=0.5
2026-02-05 15:00:00+00:00,2026-02-04 18:00:00+00:00,21.0,6.93,-0.9,0.5086222222222221,0.8355014938544122,0.5086222222222221,baseline,turbine_2,2026-02-05 00:00:00+00:00,2026-02-04 00:00:00+00:00,overlap_wind_change=0.650m/s>=0.5
2026-02-05 16:00:00+00:00,2026-02-04 18:00:00+00:00,22.0,6.76,-1.5,0.4647999999999999,0.8355014938544122,0.4647999999999999,baseline,turbine_2,2026-02-05 00:00:00+00:00,2026-02-04 00:00:00+00:00,overlap_wind_change=0.650m/s>=0.5
2026-02-05 17:00:00+00:00,2026-02-04 18:00:00+00:00,23.0,6.83,-1.1,0.4828444444444444,0.7917041264800924,0.4828444444444444,baseline,turbine_2,2026-02-05 00:00:00+00:00,2026-02-04 00:00:00+00:00,overlap_wind_change=0.650m/s>=0.5
2026-02-05 18:00:00+00:00,2026-02-04 18:00:00+00:00,24.0,6.57,-1.4,0.4292222222222222,0.8104035719679482,0.4292222222222222,baseline,turbine_2,2026-02-05 00:00:00+00:00,2026-02-04 00:00:00+00:00,overlap_wind_change=0.650m/s>=0.5
2026-02-05 19:00:00+00:00,2026-02-04 18:00:00+00:00,25.0,6.18,-1.6,0.354961111111111,0.4402259682047447,0.354961111111111,baseline,turbine_2,2026-02-05 00:00:00+00:00,2026-02-04 00:00:00+00:00,overlap_wind_change=0.650m/s>=0.5
2026-02-05 20:00:00+00:00,2026-02-04 18:00:00+00:00,26.0,5.49,-1.9,0.22377777777777783,0.3355793776184999,0.22377777777777783,baseline,turbine_2,2026-02-05 00:00:00+00:00,2026-02-04 00:00:00+00:00,overlap_wind_change=0.650m/s>=0.5
2026-02-05 21:00:00+00:00,2026-02-04 18:00:00+00:00,27.0,5.12,-2.0,0.17991666666666667,0.27800455057119616,0.17991666666666667,baseline,turbine_2,2026-02-05 00:00:00+00:00,2026-02-04 00:00:00+00:00,overlap_wind_change=0.650m/s>=0.5
2026-02-05 22:00:00+00:00,2026-02-04 18:00:00+00:00,28.0,4.73,-1.8,0.14637777777777783,0.27707309490281185,0.14637777777777783,baseline,turbine_2,2026-02-05 00:00:00+00:00,2026-02-04 00:00:00+00:00,overlap_wind_change=0.650m/s>=0.5
2026-02-05 23:00:00+00:00,2026-02-04 18:00:00+00:00,29.0,3.01,-1.4,0.03102222222222222,0.16769689737102875,0.03102222222222222,baseline,turbine_2,2026-02-05 00:00:00+00:00,2026-02-04 00:00:00+00:00,overlap_wind_change=0.650m/s>=0.5
2026-02-06 00:00:00+00:00,2026-02-04 18:00:00+00:00,30.0,2.66,-0.3,0.025211111111111115,0.08127812848254032,0.025211111111111115,baseline,turbine_2,2026-02-05 00:00:00+00:00,2026-02-04 00:00:00+00:00,overlap_wind_change=0.650m/s>=0.5
2026-02-06 01:00:00+00:00,2026-02-05 18:00:00+00:00,7.0,2.9,-0.8,0.035111111111111114,0.0,0.035111111111111114,baseline,turbine_1,2026-02-06 00:00:00+00:00,2026-02-05 00:00:00+00:00,overlap_wind_change=2.569m/s>=0.5
2026-02-06 02:00:00+00:00,2026-02-05 18:00:00+00:00,8.0,3.18,0.2,0.04102222222222223,0.0,0.04102222222222223,baseline,turbine_1,2026-02-06 00:00:00+00:00,2026-02-05 00:00:00+00:00,overlap_wind_change=2.569m/s>=0.5
2026-02-06 03:00:00+00:00,2026-02-05 18:00:00+00:00,9.0,6.95,2.0,0.5185555555555555,0.48471325359743167,0.5185555555555555,baseline,turbine_1,2026-02-06 00:00:00+00:00,2026-02-05 00:00:00+00:00,overlap_wind_change=2.569m/s>=0.5
2026-02-06 04:00:00+00:00,2026-02-05 18:00:00+00:00,10.0,6.32,3.1,0.3857444444444445,0.393647479834745,0.3857444444444445,baseline,turbine_1,2026-02-06 00:00:00+00:00,2026-02-05 00:00:00+00:00,overlap_wind_change=2.569m/s>=0.5
2026-02-06 05:00:00+00:00,2026-02-05 18:00:00+00:00,11.0,4.81,4.3,0.17104444444444442,0.12159947867942825,0.17104444444444442,baseline,turbine_1,2026-02-06 00:00:00+00:00,2026-02-05 00:00:00+00:00,overlap_wind_change=2.569m/s>=0.5
2026-02-06 06:00:00+00:00,2026-02-05 18:00:00+00:00,12.0,3.4,5.4,0.05291666666666666,0.020748247335300136,0.05291666666666666,baseline,turbine_1,2026-02-06 00:00:00+00:00,2026-02-05 00:00:00+00:00,overlap_wind_change=2.569m/s>=0.5
2026-02-06 07:00:00+00:00,2026-02-05 18:00:00+00:00,13.0,4.36,6.1,0.1307944444444445,0.07663243574856103,0.1307944444444445,baseline,turbine_1,2026-02-06 00:00:00+00:00,2026-02-05 00:00:00+00:00,overlap_wind_change=2.569m/s>=0.5
2026-02-06 08:00:00+00:00,2026-02-05 18:00:00+00:00,14.0,10.14,8.1,0.9817,0.9669429323412919,0.9817,baseline,turbine_1,2026-02-06 00:00:00+00:00,2026-02-05 00:00:00+00:00,overlap_wind_change=2.569m/s>=0.5
2026-02-06 09:00:00+00:00,2026-02-05 18:00:00+00:00,15.0,12.77,7.0,0.9898222222222222,0.8894721041489733,0.9898222222222222,baseline,turbine_1,2026-02-06 00:00:00+00:00,2026-02-05 00:00:00+00:00,overlap_wind_change=2.569m/s>=0.5
2026-02-06 10:00:00+00:00,2026-02-05 18:00:00+00:00,16.0,13.08,5.6,0.9870666666666665,0.8737191573441808,0.9870666666666665,baseline,turbine_1,2026-02-06 00:00:00+00:00,2026-02-05 00:00:00+00:00,overlap_wind_change=2.569m/s>=0.5
2026-02-06 11:00:00+00:00,2026-02-05 18:00:00+00:00,17.0,14.16,4.1,0.9693777777777777,0.8122812867410946,0.9693777777777777,baseline,turbine_1,2026-02-06 00:00:00+00:00,2026-02-05 00:00:00+00:00,overlap_wind_change=2.569m/s>=0.5
2026-02-06 12:00:00+00:00,2026-02-05 18:00:00+00:00,18.0,15.36,3.5,0.9633333333333334,0.822762383367749,0.9633333333333334,baseline,turbine_1,2026-02-06 00:00:00+00:00,2026-02-05 00:00:00+00:00,overlap_wind_change=2.569m/s>=0.5
2026-02-06 13:00:00+00:00,2026-02-05 18:00:00+00:00,19.0,15.31,2.7,0.9633333333333334,0.8035305532244685,0.9633333333333334,baseline,turbine_1,2026-02-06 00:00:00+00:00,2026-02-05 00:00:00+00:00,overlap_wind_change=2.569m/s>=0.5
2026-02-06 14:00:00+00:00,2026-02-05 18:00:00+00:00,20.0,14.11,1.7,0.9702666666666666,0.8759230215887949,0.9702666666666666,baseline,turbine_1,2026-02-06 00:00:00+00:00,2026-02-05 00:00:00+00:00,overlap_wind_change=2.569m/s>=0.5
2026-02-06 15:00:00+00:00,2026-02-05 18:00:00+00:00,21.0,12.78,1.4,0.9897333333333332,0.8910973391587619,0.9897333333333332,baseline,turbine_1,2026-02-06 00:00:00+00:00,2026-02-05 00:00:00+00:00,overlap_wind_change=2.569m/s>=0.5
2026-02-06 16:00:00+00:00,2026-02-05 18:00:00+00:00,22.0,11.75,1.4,0.9899999999999999,0.9037523662157967,0.9899999999999999,baseline,turbine_1,2026-02-06 00:00:00+00:00,2026-02-05 00:00:00+00:00,overlap_wind_change=2.569m/s>=0.5
2026-02-06 17:00:00+00:00,2026-02-05 18:00:00+00:00,23.0,10.21,0.9,0.9818555555555555,0.9294988981729208,0.9818555555555555,baseline,turbine_1,2026-02-06 00:00:00+00:00,2026-02-05 00:00:00+00:00,overlap_wind_change=2.569m/s>=0.5
2026-02-06 18:00:00+00:00,2026-02-05 18:00:00+00:00,24.0,7.78,0.4,0.6563944444444444,0.7184369504843631,0.6563944444444444,baseline,turbine_1,2026-02-06 00:00:00+00:00,2026-02-05 00:00:00+00:00,overlap_wind_change=2.569m/s>=0.5
2026-02-06 19:00:00+00:00,2026-02-05 18:00:00+00:00,25.0,6.3,0.1,0.3817222222222222,0.6422196424086265,0.3817222222222222,baseline,turbine_1,2026-02-06 00:00:00+00:00,2026-02-05 00:00:00+00:00,overlap_wind_change=2.569m/s>=0.5
2026-02-06 20:00:00+00:00,2026-02-05 18:00:00+00:00,26.0,5.77,-0.1,0.26499999999999996,0.41864023425035907,0.26499999999999996,baseline,turbine_1,2026-02-06 00:00:00+00:00,2026-02-05 00:00:00+00:00,overlap_wind_change=2.569m/s>=0.5
2026-02-06 21:00:00+00:00,2026-02-05 18:00:00+00:00,27.0,6.22,-0.1,0.36499999999999994,0.5097441337273838,0.36499999999999994,baseline,turbine_1,2026-02-06 00:00:00+00:00,2026-02-05 00:00:00+00:00,overlap_wind_change=2.569m/s>=0.5
2026-02-06 22:00:00+00:00,2026-02-05 18:00:00+00:00,28.0,6.06,-0.3,0.3294444444444444,0.47309922220099426,0.3294444444444444,baseline,turbine_1,2026-02-06 00:00:00+00:00,2026-02-05 00:00:00+00:00,overlap_wind_change=2.569m/s>=0.5
2026-02-06 23:00:00+00:00,2026-02-05 18:00:00+00:00,29.0,5.87,-0.5,0.28722222222222227,0.4825934025326079,0.28722222222222227,baseline,turbine_1,2026-02-06 00:00:00+00:00,2026-02-05 00:00:00+00:00,overlap_wind_change=2.569m/s>=0.5
2026-02-07 00:00:00+00:00,2026-02-05 18:00:00+00:00,30.0,5.48,-0.8,0.23175555555555563,0.34106733526816324,0.23175555555555563,baseline,turbine_1,2026-02-06 00:00:00+00:00,2026-02-05 00:00:00+00:00,overlap_wind_change=2.569m/s>=0.5
2026-02-06 01:00:00+00:00,2026-02-05 18:00:00+00:00,7.0,2.9,-0.8,0.028944444444444443,0.0,0.028944444444444443,baseline,turbine_2,2026-02-06 00:00:00+00:00,2026-02-05 00:00:00+00:00,overlap_wind_change=2.569m/s>=0.5
2026-02-06 02:00:00+00:00,2026-02-05 18:00:00+00:00,8.0,3.18,0.2,0.03423333333333334,0.03257968788728118,0.03423333333333334,baseline,turbine_2,2026-02-06 00:00:00+00:00,2026-02-05 00:00:00+00:00,overlap_wind_change=2.569m/s>=0.5
2026-02-06 03:00:00+00:00,2026-02-05 18:00:00+00:00,9.0,6.95,2.0,0.5137777777777778,0.40287918584915966,0.5137777777777778,baseline,turbine_2,2026-02-06 00:00:00+00:00,2026-02-05 00:00:00+00:00,overlap_wind_change=2.569m/s>=0.5
2026-02-06 04:00:00+00:00,2026-02-05 18:00:00+00:00,10.0,6.32,3.1,0.3833888888888889,0.3536929989136004,0.3833888888888889,baseline,turbine_2,2026-02-06 00:00:00+00:00,2026-02-05 00:00:00+00:00,overlap_wind_change=2.569m/s>=0.5
2026-02-06 05:00:00+00:00,2026-02-05 18:00:00+00:00,11.0,4.81,4.3,0.1532222222222222,0.13508710615552524,0.1532222222222222,baseline,turbine_2,2026-02-06 00:00:00+00:00,2026-02-05 00:00:00+00:00,overlap_wind_change=2.569m/s>=0.5
2026-02-06 06:00:00+00:00,2026-02-05 18:00:00+00:00,12.0,3.4,5.4,0.04563888888888888,0.061047773979643234,0.04563888888888888,baseline,turbine_2,2026-02-06 00:00:00+00:00,2026-02-05 00:00:00+00:00,overlap_wind_change=2.569m/s>=0.5
2026-02-06 07:00:00+00:00,2026-02-05 18:00:00+00:00,13.0,4.36,6.1,0.11533888888888892,0.15202043994160422,0.11533888888888892,baseline,turbine_2,2026-02-06 00:00:00+00:00,2026-02-05 00:00:00+00:00,overlap_wind_change=2.569m/s>=0.5
2026-02-06 08:00:00+00:00,2026-02-05 18:00:00+00:00,14.0,10.14,8.1,0.9725111111111111,0.9641067931425469,0.9725111111111111,baseline,turbine_2,2026-02-06 00:00:00+00:00,2026-02-05 00:00:00+00:00,overlap_wind_change=2.569m/s>=0.5
2026-02-06 09:00:00+00:00,2026-02-05 18:00:00+00:00,15.0,12.77,7.0,0.9743111111111111,0.8943649668459781,0.9743111111111111,baseline,turbine_2,2026-02-06 00:00:00+00:00,2026-02-05 00:00:00+00:00,overlap_wind_change=2.569m/s>=0.5
2026-02-06 10:00:00+00:00,2026-02-05 18:00:00+00:00,16.0,13.08,5.6,0.9722444444444444,0.8832969430112824,0.9722444444444444,baseline,turbine_2,2026-02-06 00:00:00+00:00,2026-02-05 00:00:00+00:00,overlap_wind_change=2.569m/s>=0.5
2026-02-06 11:00:00+00:00,2026-02-05 18:00:00+00:00,17.0,14.16,4.1,0.9595333333333333,0.8718584639393558,0.9595333333333333,baseline,turbine_2,2026-02-06 00:00:00+00:00,2026-02-05 00:00:00+00:00,overlap_wind_change=2.569m/s>=0.5
2026-02-06 12:00:00+00:00,2026-02-05 18:00:00+00:00,18.0,15.36,3.5,0.9550000000000001,0.9366720174749323,0.9550000000000001,baseline,turbine_2,2026-02-06 00:00:00+00:00,2026-02-05 00:00:00+00:00,overlap_wind_change=2.569m/s>=0.5
2026-02-06 13:00:00+00:00,2026-02-05 18:00:00+00:00,19.0,15.31,2.7,0.9550000000000001,0.8968012134552472,0.9550000000000001,baseline,turbine_2,2026-02-06 00:00:00+00:00,2026-02-05 00:00:00+00:00,overlap_wind_change=2.569m/s>=0.5
2026-02-06 14:00:00+00:00,2026-02-05 18:00:00+00:00,20.0,14.11,1.7,0.9602,0.9420489751242502,0.9602,baseline,turbine_2,2026-02-06 00:00:00+00:00,2026-02-05 00:00:00+00:00,overlap_wind_change=2.569m/s>=0.5
2026-02-06 15:00:00+00:00,2026-02-05 18:00:00+00:00,21.0,12.78,1.4,0.9742444444444445,0.9378065972184533,0.9742444444444445,baseline,turbine_2,2026-02-06 00:00:00+00:00,2026-02-05 00:00:00+00:00,overlap_wind_change=2.569m/s>=0.5
2026-02-06 16:00:00+00:00,2026-02-05 18:00:00+00:00,22.0,11.75,1.4,0.976111111111111,0.9355957321770996,0.976111111111111,baseline,turbine_2,2026-02-06 00:00:00+00:00,2026-02-05 00:00:00+00:00,overlap_wind_change=2.569m/s>=0.5
2026-02-06 17:00:00+00:00,2026-02-05 18:00:00+00:00,23.0,10.21,0.9,0.9732111111111111,0.9733243267703707,0.9732111111111111,baseline,turbine_2,2026-02-06 00:00:00+00:00,2026-02-05 00:00:00+00:00,overlap_wind_change=2.569m/s>=0.5
2026-02-06 18:00:00+00:00,2026-02-05 18:00:00+00:00,24.0,7.78,0.4,0.6585111111111112,0.840095778643246,0.6585111111111112,baseline,turbine_2,2026-02-06 00:00:00+00:00,2026-02-05 00:00:00+00:00,overlap_wind_change=2.569m/s>=0.5
2026-02-06 19:00:00+00:00,2026-02-05 18:00:00+00:00,25.0,6.3,0.1,0.3797222222222222,0.7082656020441394,0.3797222222222222,baseline,turbine_2,2026-02-06 00:00:00+00:00,2026-02-05 00:00:00+00:00,overlap_wind_change=2.569m/s>=0.5
2026-02-06 20:00:00+00:00,2026-02-05 18:00:00+00:00,26.0,5.77,-0.1,0.26362222222222215,0.4602323724931386,0.26362222222222215,baseline,turbine_2,2026-02-06 00:00:00+00:00,2026-02-05 00:00:00+00:00,overlap_wind_change=2.569m/s>=0.5
2026-02-06 21:00:00+00:00,2026-02-05 18:00:00+00:00,27.0,6.22,-0.1,0.36387222222222215,0.48513728181573135,0.36387222222222215,baseline,turbine_2,2026-02-06 00:00:00+00:00,2026-02-05 00:00:00+00:00,overlap_wind_change=2.569m/s>=0.5
2026-02-06 22:00:00+00:00,2026-02-05 18:00:00+00:00,28.0,6.06,-0.3,0.3282277777777777,0.46804650708234324,0.3282277777777777,baseline,turbine_2,2026-02-06 00:00:00+00:00,2026-02-05 00:00:00+00:00,overlap_wind_change=2.569m/s>=0.5
2026-02-06 23:00:00+00:00,2026-02-05 18:00:00+00:00,29.0,5.87,-0.5,0.28590000000000004,0.47208131775916834,0.28590000000000004,baseline,turbine_2,2026-02-06 00:00:00+00:00,2026-02-05 00:00:00+00:00,overlap_wind_change=2.569m/s>=0.5
2026-02-07 00:00:00+00:00,2026-02-05 18:00:00+00:00,30.0,5.48,-0.8,0.22241666666666673,0.3219503303500684,0.22241666666666673,baseline,turbine_2,2026-02-06 00:00:00+00:00,2026-02-05 00:00:00+00:00,overlap_wind_change=2.569m/s>=0.5
2026-02-07 01:00:00+00:00,2026-02-06 18:00:00+00:00,7.0,2.33,-1.5,0.024944444444444446,0.0,0.024944444444444446,baseline,turbine_1,2026-02-07 00:00:00+00:00,2026-02-06 00:00:00+00:00,overlap_wind_change=0.892m/s>=0.5
2026-02-07 02:00:00+00:00,2026-02-06 18:00:00+00:00,8.0,1.7,-2.0,0.016000000000000004,0.0,0.016000000000000004,baseline,turbine_1,2026-02-07 00:00:00+00:00,2026-02-06 00:00:00+00:00,overlap_wind_change=0.892m/s>=0.5
2026-02-07 03:00:00+00:00,2026-02-06 18:00:00+00:00,9.0,0.64,-1.0,0.01,0.0,0.01,baseline,turbine_1,2026-02-07 00:00:00+00:00,2026-02-06 00:00:00+00:00,overlap_wind_change=0.892m/s>=0.5
2026-02-07 04:00:00+00:00,2026-02-06 18:00:00+00:00,10.0,0.99,0.6,0.0124,0.01726771639175967,0.0124,baseline,turbine_1,2026-02-07 00:00:00+00:00,2026-02-06 00:00:00+00:00,overlap_wind_change=0.892m/s>=0.5
2026-02-07 05:00:00+00:00,2026-02-06 18:00:00+00:00,11.0,2.16,2.3,0.022261111111111113,0.0,0.022261111111111113,baseline,turbine_1,2026-02-07 00:00:00+00:00,2026-02-06 00:00:00+00:00,overlap_wind_change=0.892m/s>=0.5
2026-02-07 06:00:00+00:00,2026-02-06 18:00:00+00:00,12.0,5.36,2.4,0.2189555555555556,0.17935971304876244,0.2189555555555556,baseline,turbine_1,2026-02-07 00:00:00+00:00,2026-02-06 00:00:00+00:00,overlap_wind_change=0.892m/s>=0.5
2026-02-07 07:00:00+00:00,2026-02-06 18:00:00+00:00,13.0,5.85,2.7,0.28277777777777774,0.3295918832577132,0.28277777777777774,baseline,turbine_1,2026-02-07 00:00:00+00:00,2026-02-06 00:00:00+00:00,overlap_wind_change=0.892m/s>=0.5
2026-02-07 08:00:00+00:00,2026-02-06 18:00:00+00:00,14.0,5.45,2.8,0.2285555555555556,0.28963529405501265,0.2285555555555556,baseline,turbine_1,2026-02-07 00:00:00+00:00,2026-02-06 00:00:00+00:00,overlap_wind_change=0.892m/s>=0.5
2026-02-07 09:00:00+00:00,2026-02-06 18:00:00+00:00,15.0,4.64,2.6,0.15614999999999998,0.22802731777103666,0.15614999999999998,baseline,turbine_1,2026-02-07 00:00:00+00:00,2026-02-06 00:00:00+00:00,overlap_wind_change=0.892m/s>=0.5
2026-02-07 10:00:00+00:00,2026-02-06 18:00:00+00:00,16.0,3.82,2.5,0.08332777777777776,0.13370092079171858,0.08332777777777776,baseline,turbine_1,2026-02-07 00:00:00+00:00,2026-02-06 00:00:00+00:00,overlap_wind_change=0.892m/s>=0.5
2026-02-07 11:00:00+00:00,2026-02-06 18:00:00+00:00,17.0,2.79,1.4,0.032788888888888895,0.08663863007475228,0.032788888888888895,baseline,turbine_1,2026-02-07 00:00:00+00:00,2026-02-06 00:00:00+00:00,overlap_wind_change=0.892m/s>=0.5
2026-02-07 12:00:00+00:00,2026-02-06 18:00:00+00:00,18.0,0.49,-0.1,0.01,0.007876647099633125,0.01,baseline,turbine_1,2026-02-07 00:00:00+00:00,2026-02-06 00:00:00+00:00,overlap_wind_change=0.892m/s>=0.5
2026-02-07 13:00:00+00:00,2026-02-06 18:00:00+00:00,19.0,5.0,0.0,0.18666666666666668,0.3403330645155491,0.18666666666666668,baseline,turbine_1,2026-02-07 00:00:00+00:00,2026-02-06 00:00:00+00:00,overlap_wind_change=0.892m/s>=0.5
2026-02-07 14:00:00+00:00,2026-02-06 18:00:00+00:00,20.0,7.14,-0.1,0.5625722222222221,0.7732134920203859,0.5625722222222221,baseline,turbine_1,2026-02-07 00:00:00+00:00,2026-02-06 00:00:00+00:00,overlap_wind_change=0.892m/s>=0.5
2026-02-07 15:00:00+00:00,2026-02-06 18:00:00+00:00,21.0,8.44,-0.2,0.8011666666666666,0.8535219177148492,0.8011666666666666,baseline,turbine_1,2026-02-07 00:00:00+00:00,2026-02-06 00:00:00+00:00,overlap_wind_change=0.892m/s>=0.5
2026-02-07 16:00:00+00:00,2026-02-06 18:00:00+00:00,22.0,8.82,-0.3,0.8729055555555556,0.9529057598874295,0.8729055555555556,baseline,turbine_1,2026-02-07 00:00:00+00:00,2026-02-06 00:00:00+00:00,overlap_wind_change=0.892m/s>=0.5
2026-02-07 17:00:00+00:00,2026-02-06 18:00:00+00:00,23.0,10.39,-0.8,0.9827999999999999,1.0,0.9827999999999999,baseline,turbine_1,2026-02-07 00:00:00+00:00,2026-02-06 00:00:00+00:00,overlap_wind_change=0.892m/s>=0.5
2026-02-07 18:00:00+00:00,2026-02-06 18:00:00+00:00,24.0,11.06,-1.3,0.9849999999999999,0.9442511334156274,0.9849999999999999,baseline,turbine_1,2026-02-07 00:00:00+00:00,2026-02-06 00:00:00+00:00,overlap_wind_change=0.892m/s>=0.5
2026-02-07 19:00:00+00:00,2026-02-06 18:00:00+00:00,25.0,11.59,-1.6,0.9883999999999998,0.9528723175891844,0.9883999999999998,baseline,turbine_1,2026-02-07 00:00:00+00:00,2026-02-06 00:00:00+00:00,overlap_wind_change=0.892m/s>=0.5
2026-02-07 20:00:00+00:00,2026-02-06 18:00:00+00:00,26.0,11.43,-1.8,0.9867999999999999,0.9509609476574807,0.9867999999999999,baseline,turbine_1,2026-02-07 00:00:00+00:00,2026-02-06 00:00:00+00:00,overlap_wind_change=0.892m/s>=0.5
2026-02-07 21:00:00+00:00,2026-02-06 18:00:00+00:00,27.0,10.59,-1.8,0.9840222222222221,0.9667625331075086,0.9840222222222221,baseline,turbine_1,2026-02-07 00:00:00+00:00,2026-02-06 00:00:00+00:00,overlap_wind_change=0.892m/s>=0.5
2026-02-07 22:00:00+00:00,2026-02-06 18:00:00+00:00,28.0,9.55,-2.0,0.9700555555555556,0.9388237751533484,0.9700555555555556,baseline,turbine_1,2026-02-07 00:00:00+00:00,2026-02-06 00:00:00+00:00,overlap_wind_change=0.892m/s>=0.5
2026-02-07 23:00:00+00:00,2026-02-06 18:00:00+00:00,29.0,8.39,-1.8,0.7917222222222223,0.6571459235666259,0.7917222222222223,baseline,turbine_1,2026-02-07 00:00:00+00:00,2026-02-06 00:00:00+00:00,overlap_wind_change=0.892m/s>=0.5
2026-02-08 00:00:00+00:00,2026-02-06 18:00:00+00:00,30.0,8.46,-1.2,0.8049444444444446,0.730297451160805,0.8049444444444446,baseline,turbine_1,2026-02-07 00:00:00+00:00,2026-02-06 00:00:00+00:00,overlap_wind_change=0.892m/s>=0.5
2026-02-07 01:00:00+00:00,2026-02-06 18:00:00+00:00,7.0,2.33,-1.5,0.021911111111111114,0.016879127586773183,0.021911111111111114,baseline,turbine_2,2026-02-07 00:00:00+00:00,2026-02-06 00:00:00+00:00,overlap_wind_change=0.892m/s>=0.5
2026-02-07 02:00:00+00:00,2026-02-06 18:00:00+00:00,8.0,1.7,-2.0,0.015388888888888886,0.03301337015383919,0.015388888888888886,baseline,turbine_2,2026-02-07 00:00:00+00:00,2026-02-06 00:00:00+00:00,overlap_wind_change=0.892m/s>=0.5
2026-02-07 03:00:00+00:00,2026-02-06 18:00:00+00:00,9.0,0.64,-1.0,0.01,0.01182942034970629,0.01,baseline,turbine_2,2026-02-07 00:00:00+00:00,2026-02-06 00:00:00+00:00,overlap_wind_change=0.892m/s>=0.5
2026-02-07 04:00:00+00:00,2026-02-06 18:00:00+00:00,10.0,0.99,0.6,0.011866666666666666,0.01212718616209955,0.011866666666666666,baseline,turbine_2,2026-02-07 00:00:00+00:00,2026-02-06 00:00:00+00:00,overlap_wind_change=0.892m/s>=0.5
2026-02-07 05:00:00+00:00,2026-02-06 18:00:00+00:00,11.0,2.16,2.3,0.020111111111111114,0.0004356804158121377,0.020111111111111114,baseline,turbine_2,2026-02-07 00:00:00+00:00,2026-02-06 00:00:00+00:00,overlap_wind_change=0.892m/s>=0.5
2026-02-07 06:00:00+00:00,2026-02-06 18:00:00+00:00,12.0,5.36,2.4,0.20608333333333337,0.21339535367392465,0.20608333333333337,baseline,turbine_2,2026-02-07 00:00:00+00:00,2026-02-06 00:00:00+00:00,overlap_wind_change=0.892m/s>=0.5
2026-02-07 07:00:00+00:00,2026-02-06 18:00:00+00:00,13.0,5.85,2.7,0.2814444444444444,0.43216325026162394,0.2814444444444444,baseline,turbine_2,2026-02-07 00:00:00+00:00,2026-02-06 00:00:00+00:00,overlap_wind_change=0.892m/s>=0.5
2026-02-07 08:00:00+00:00,2026-02-06 18:00:00+00:00,14.0,5.45,2.8,0.21833333333333335,0.36089412512618246,0.21833333333333335,baseline,turbine_2,2026-02-07 00:00:00+00:00,2026-02-06 00:00:00+00:00,overlap_wind_change=0.892m/s>=0.5
2026-02-07 09:00:00+00:00,2026-02-06 18:00:00+00:00,15.0,4.64,2.6,0.13882777777777777,0.2336209175712217,0.13882777777777777,baseline,turbine_2,2026-02-07 00:00:00+00:00,2026-02-06 00:00:00+00:00,overlap_wind_change=0.892m/s>=0.5
2026-02-07 10:00:00+00:00,2026-02-06 18:00:00+00:00,16.0,3.82,2.5,0.07433888888888888,0.16007085740582533,0.07433888888888888,baseline,turbine_2,2026-02-07 00:00:00+00:00,2026-02-06 00:00:00+00:00,overlap_wind_change=0.892m/s>=0.5
2026-02-07 11:00:00+00:00,2026-02-06 18:00:00+00:00,17.0,2.79,1.4,0.026866666666666667,0.11495850521011014,0.026866666666666667,baseline,turbine_2,2026-02-07 00:00:00+00:00,2026-02-06 00:00:00+00:00,overlap_wind_change=0.892m/s>=0.5
2026-02-07 12:00:00+00:00,2026-02-06 18:00:00+00:00,18.0,0.49,-0.1,0.01,0.045402392869924604,0.01,baseline,turbine_2,2026-02-07 00:00:00+00:00,2026-02-06 00:00:00+00:00,overlap_wind_change=0.892m/s>=0.5
2026-02-07 13:00:00+00:00,2026-02-06 18:00:00+00:00,19.0,5.0,0.0,0.16958333333333334,0.3493572386752119,0.16958333333333334,baseline,turbine_2,2026-02-07 00:00:00+00:00,2026-02-06 00:00:00+00:00,overlap_wind_change=0.892m/s>=0.5
2026-02-07 14:00:00+00:00,2026-02-06 18:00:00+00:00,20.0,7.14,-0.1,0.5627555555555553,0.7368671112113662,0.5627555555555553,baseline,turbine_2,2026-02-07 00:00:00+00:00,2026-02-06 00:00:00+00:00,overlap_wind_change=0.892m/s>=0.5
2026-02-07 15:00:00+00:00,2026-02-06 18:00:00+00:00,21.0,8.44,-0.2,0.8029444444444442,0.8705538965304515,0.8029444444444442,baseline,turbine_2,2026-02-07 00:00:00+00:00,2026-02-06 00:00:00+00:00,overlap_wind_change=0.892m/s>=0.5
2026-02-07 16:00:00+00:00,2026-02-06 18:00:00+00:00,22.0,8.82,-0.3,0.8627833333333332,0.9867302469896565,0.8627833333333332,baseline,turbine_2,2026-02-07 00:00:00+00:00,2026-02-06 00:00:00+00:00,overlap_wind_change=0.892m/s>=0.5
2026-02-07 17:00:00+00:00,2026-02-06 18:00:00+00:00,23.0,10.39,-0.8,0.9742333333333333,1.0,0.9742333333333333,baseline,turbine_2,2026-02-07 00:00:00+00:00,2026-02-06 00:00:00+00:00,overlap_wind_change=0.892m/s>=0.5
2026-02-07 18:00:00+00:00,2026-02-06 18:00:00+00:00,24.0,11.06,-1.3,0.9766944444444444,0.9519100105467311,0.9766944444444444,baseline,turbine_2,2026-02-07 00:00:00+00:00,2026-02-06 00:00:00+00:00,overlap_wind_change=0.892m/s>=0.5
2026-02-07 19:00:00+00:00,2026-02-06 18:00:00+00:00,25.0,11.59,-1.6,0.9764666666666666,0.9745980400982136,0.9764666666666666,baseline,turbine_2,2026-02-07 00:00:00+00:00,2026-02-06 00:00:00+00:00,overlap_wind_change=0.892m/s>=0.5
2026-02-07 20:00:00+00:00,2026-02-06 18:00:00+00:00,26.0,11.43,-1.8,0.9768222222222221,0.9649336665753545,0.9768222222222221,baseline,turbine_2,2026-02-07 00:00:00+00:00,2026-02-06 00:00:00+00:00,overlap_wind_change=0.892m/s>=0.5
2026-02-07 21:00:00+00:00,2026-02-06 18:00:00+00:00,27.0,10.59,-1.8,0.9751222222222221,1.0,0.9751222222222221,baseline,turbine_2,2026-02-07 00:00:00+00:00,2026-02-06 00:00:00+00:00,overlap_wind_change=0.892m/s>=0.5
2026-02-07 22:00:00+00:00,2026-02-06 18:00:00+00:00,28.0,9.55,-2.0,0.9590555555555556,1.0,0.9590555555555556,baseline,turbine_2,2026-02-07 00:00:00+00:00,2026-02-06 00:00:00+00:00,overlap_wind_change=0.892m/s>=0.5
2026-02-07 23:00:00+00:00,2026-02-06 18:00:00+00:00,29.0,8.39,-1.8,0.7954444444444444,0.6853009164629156,0.7954444444444444,baseline,turbine_2,2026-02-07 00:00:00+00:00,2026-02-06 00:00:00+00:00,overlap_wind_change=0.892m/s>=0.5
2026-02-08 00:00:00+00:00,2026-02-06 18:00:00+00:00,30.0,8.46,-1.2,0.8059444444444445,0.7031757249430609,0.8059444444444445,baseline,turbine_2,2026-02-07 00:00:00+00:00,2026-02-06 00:00:00+00:00,overlap_wind_change=0.892m/s>=0.5
2026-02-09 01:00:00+00:00,2026-02-08 18:00:00+00:00,7.0,9.8,-2.7,0.9809444444444444,0.8714697513959406,0.9809444444444444,baseline,turbine_1,2026-02-09 00:00:00+00:00,2026-02-08 00:00:00+00:00,overlap_wind_change=1.003m/s>=0.5
2026-02-09 02:00:00+00:00,2026-02-08 18:00:00+00:00,8.0,9.84,-3.2,0.9810333333333333,0.8656641820154313,0.9810333333333333,baseline,turbine_1,2026-02-09 00:00:00+00:00,2026-02-08 00:00:00+00:00,overlap_wind_change=1.003m/s>=0.5
2026-02-09 03:00:00+00:00,2026-02-08 18:00:00+00:00,9.0,9.61,-2.5,0.9732888888888889,0.8687442893289475,0.9732888888888889,baseline,turbine_1,2026-02-09 00:00:00+00:00,2026-02-08 00:00:00+00:00,overlap_wind_change=1.003m/s>=0.5
2026-02-09 04:00:00+00:00,2026-02-08 18:00:00+00:00,10.0,9.12,-0.1,0.9294055555555554,0.8105410835954777,0.9294055555555554,baseline,turbine_1,2026-02-09 00:00:00+00:00,2026-02-08 00:00:00+00:00,overlap_wind_change=1.003m/s>=0.5
2026-02-09 05:00:00+00:00,2026-02-08 18:00:00+00:00,11.0,9.42,3.2,0.96305,0.8343381295227765,0.96305,baseline,turbine_1,2026-02-09 00:00:00+00:00,2026-02-08 00:00:00+00:00,overlap_wind_change=1.003m/s>=0.5
2026-02-09 06:00:00+00:00,2026-02-08 18:00:00+00:00,12.0,9.71,4.7,0.9786777777777779,0.8198998301472474,0.9786777777777779,baseline,turbine_1,2026-02-09 00:00:00+00:00,2026-02-08 00:00:00+00:00,overlap_wind_change=1.003m/s>=0.5
2026-02-09 07:00:00+00:00,2026-02-08 18:00:00+00:00,13.0,9.59,5.9,0.9722111111111111,0.8299546097976263,0.9722111111111111,baseline,turbine_1,2026-02-09 00:00:00+00:00,2026-02-08 00:00:00+00:00,overlap_wind_change=1.003m/s>=0.5
2026-02-09 08:00:00+00:00,2026-02-08 18:00:00+00:00,14.0,8.84,6.8,0.8766722222222222,0.7992691529254091,0.8766722222222222,baseline,turbine_1,2026-02-09 00:00:00+00:00,2026-02-08 00:00:00+00:00,overlap_wind_change=1.003m/s>=0.5
2026-02-09 09:00:00+00:00,2026-02-08 18:00:00+00:00,15.0,8.56,6.8,0.8238333333333334,0.7478759218702543,0.8238333333333334,baseline,turbine_1,2026-02-09 00:00:00+00:00,2026-02-08 00:00:00+00:00,overlap_wind_change=1.003m/s>=0.5
2026-02-09 10:00:00+00:00,2026-02-08 18:00:00+00:00,16.0,8.6,6.7,0.8313888888888888,0.7270982464873105,0.8313888888888888,baseline,turbine_1,2026-02-09 00:00:00+00:00,2026-02-08 00:00:00+00:00,overlap_wind_change=1.003m/s>=0.5
2026-02-09 11:00:00+00:00,2026-02-08 18:00:00+00:00,17.0,8.95,5.6,0.8973888888888887,0.7086004939304483,0.8973888888888887,baseline,turbine_1,2026-02-09 00:00:00+00:00,2026-02-08 00:00:00+00:00,overlap_wind_change=1.003m/s>=0.5
2026-02-09 12:00:00+00:00,2026-02-08 18:00:00+00:00,18.0,8.05,2.4,0.7189444444444446,0.6085600761217876,0.7189444444444446,baseline,turbine_1,2026-02-09 00:00:00+00:00,2026-02-08 00:00:00+00:00,overlap_wind_change=1.003m/s>=0.5
2026-02-09 13:00:00+00:00,2026-02-08 18:00:00+00:00,19.0,6.35,-0.3,0.39177777777777767,0.6943474575566304,0.39177777777777767,baseline,turbine_1,2026-02-09 00:00:00+00:00,2026-02-08 00:00:00+00:00,overlap_wind_change=1.003m/s>=0.5
2026-02-09 14:00:00+00:00,2026-02-08 18:00:00+00:00,20.0,6.0,-1.3,0.3161111111111111,0.47336061374020466,0.3161111111111111,baseline,turbine_1,2026-02-09 00:00:00+00:00,2026-02-08 00:00:00+00:00,overlap_wind_change=1.003m/s>=0.5
2026-02-09 15:00:00+00:00,2026-02-08 18:00:00+00:00,21.0,5.99,-1.6,0.31388888888888894,0.46569746231239095,0.31388888888888894,baseline,turbine_1,2026-02-09 00:00:00+00:00,2026-02-08 00:00:00+00:00,overlap_wind_change=1.003m/s>=0.5
2026-02-09 16:00:00+00:00,2026-02-08 18:00:00+00:00,22.0,4.01,-1.8,0.09989999999999997,0.1660515774893004,0.09989999999999997,baseline,turbine_1,2026-02-09 00:00:00+00:00,2026-02-08 00:00:00+00:00,overlap_wind_change=1.003m/s>=0.5
2026-02-09 17:00:00+00:00,2026-02-08 18:00:00+00:00,23.0,2.11,-1.5,0.02151111111111111,0.09288757945102342,0.02151111111111111,baseline,turbine_1,2026-02-09 00:00:00+00:00,2026-02-08 00:00:00+00:00,overlap_wind_change=1.003m/s>=0.5
2026-02-09 18:00:00+00:00,2026-02-08 18:00:00+00:00,24.0,2.19,-0.5,0.02271111111111111,0.09379032631120836,0.02271111111111111,baseline,turbine_1,2026-02-09 00:00:00+00:00,2026-02-08 00:00:00+00:00,overlap_wind_change=1.003m/s>=0.5
2026-02-09 19:00:00+00:00,2026-02-08 18:00:00+00:00,25.0,3.07,-0.8,0.0387,0.11697936704847316,0.0387,baseline,turbine_1,2026-02-09 00:00:00+00:00,2026-02-08 00:00:00+00:00,overlap_wind_change=1.003m/s>=0.5
2026-02-09 20:00:00+00:00,2026-02-08 18:00:00+00:00,26.0,2.41,-0.3,0.026277777777777782,0.09093881067564934,0.026277777777777782,baseline,turbine_1,2026-02-09 00:00:00+00:00,2026-02-08 00:00:00+00:00,overlap_wind_change=1.003m/s>=0.5
2026-02-09 21:00:00+00:00,2026-02-08 18:00:00+00:00,27.0,2.2,0.4,0.022861111111111113,0.10398432234442495,0.022861111111111113,baseline,turbine_1,2026-02-09 00:00:00+00:00,2026-02-08 00:00:00+00:00,overlap_wind_change=1.003m/s>=0.5
2026-02-09 22:00:00+00:00,2026-02-08 18:00:00+00:00,28.0,2.17,0.6,0.02241111111111111,0.09635542469032488,0.02241111111111111,baseline,turbine_1,2026-02-09 00:00:00+00:00,2026-02-08 00:00:00+00:00,overlap_wind_change=1.003m/s>=0.5
2026-02-09 23:00:00+00:00,2026-02-08 18:00:00+00:00,29.0,3.04,1.5,0.03806666666666667,0.10945289165577908,0.03806666666666667,baseline,turbine_1,2026-02-09 00:00:00+00:00,2026-02-08 00:00:00+00:00,overlap_wind_change=1.003m/s>=0.5
2026-02-10 00:00:00+00:00,2026-02-08 18:00:00+00:00,30.0,2.14,2.4,0.021961111111111112,0.07553087069102597,0.021961111111111112,baseline,turbine_1,2026-02-09 00:00:00+00:00,2026-02-08 00:00:00+00:00,overlap_wind_change=1.003m/s>=0.5
2026-02-09 01:00:00+00:00,2026-02-08 18:00:00+00:00,7.0,9.8,-2.7,0.9691111111111111,0.906244856220152,0.9691111111111111,baseline,turbine_2,2026-02-09 00:00:00+00:00,2026-02-08 00:00:00+00:00,overlap_wind_change=1.003m/s>=0.5
2026-02-09 02:00:00+00:00,2026-02-08 18:00:00+00:00,8.0,9.84,-3.2,0.9695111111111111,0.8949911327064806,0.9695111111111111,baseline,turbine_2,2026-02-09 00:00:00+00:00,2026-02-08 00:00:00+00:00,overlap_wind_change=1.003m/s>=0.5
2026-02-09 03:00:00+00:00,2026-02-08 18:00:00+00:00,9.0,9.61,-2.5,0.9619222222222221,0.888120598237035,0.9619222222222221,baseline,turbine_2,2026-02-09 00:00:00+00:00,2026-02-08 00:00:00+00:00,overlap_wind_change=1.003m/s>=0.5
2026-02-09 04:00:00+00:00,2026-02-08 18:00:00+00:00,10.0,9.12,-0.1,0.9199499999999997,0.7002880344194367,0.9199499999999997,baseline,turbine_2,2026-02-09 00:00:00+00:00,2026-02-08 00:00:00+00:00,overlap_wind_change=1.003m/s>=0.5
2026-02-09 05:00:00+00:00,2026-02-08 18:00:00+00:00,11.0,9.42,3.2,0.9528444444444444,0.8818852323867155,0.9528444444444444,baseline,turbine_2,2026-02-09 00:00:00+00:00,2026-02-08 00:00:00+00:00,overlap_wind_change=1.003m/s>=0.5
2026-02-09 06:00:00+00:00,2026-02-08 18:00:00+00:00,12.0,9.71,4.7,0.9667,0.8628163914298929,0.9667,baseline,turbine_2,2026-02-09 00:00:00+00:00,2026-02-08 00:00:00+00:00,overlap_wind_change=1.003m/s>=0.5
2026-02-09 07:00:00+00:00,2026-02-08 18:00:00+00:00,13.0,9.59,5.9,0.9609666666666666,0.9384239329137135,0.9609666666666666,baseline,turbine_2,2026-02-09 00:00:00+00:00,2026-02-08 00:00:00+00:00,overlap_wind_change=1.003m/s>=0.5
2026-02-09 08:00:00+00:00,2026-02-08 18:00:00+00:00,14.0,8.84,6.8,0.8665944444444443,0.8594626550818127,0.8665944444444443,baseline,turbine_2,2026-02-09 00:00:00+00:00,2026-02-08 00:00:00+00:00,overlap_wind_change=1.003m/s>=0.5
2026-02-09 09:00:00+00:00,2026-02-08 18:00:00+00:00,15.0,8.56,6.8,0.8209444444444444,0.8241029549622221,0.8209444444444444,baseline,turbine_2,2026-02-09 00:00:00+00:00,2026-02-08 00:00:00+00:00,overlap_wind_change=1.003m/s>=0.5
2026-02-09 10:00:00+00:00,2026-02-08 18:00:00+00:00,16.0,8.6,6.7,0.8269444444444443,0.8102686291644551,0.8269444444444443,baseline,turbine_2,2026-02-09 00:00:00+00:00,2026-02-08 00:00:00+00:00,overlap_wind_change=1.003m/s>=0.5
2026-02-09 11:00:00+00:00,2026-02-08 18:00:00+00:00,17.0,8.95,5.6,0.8875555555555553,0.8047758151111036,0.8875555555555553,baseline,turbine_2,2026-02-09 00:00:00+00:00,2026-02-08 00:00:00+00:00,overlap_wind_change=1.003m/s>=0.5
2026-02-09 12:00:00+00:00,2026-02-08 18:00:00+00:00,18.0,8.05,2.4,0.7251111111111112,0.6781078735664267,0.7251111111111112,baseline,turbine_2,2026-02-09 00:00:00+00:00,2026-02-08 00:00:00+00:00,overlap_wind_change=1.003m/s>=0.5
2026-02-09 13:00:00+00:00,2026-02-08 18:00:00+00:00,19.0,6.35,-0.3,0.3888888888888888,0.742079086061129,0.3888888888888888,baseline,turbine_2,2026-02-09 00:00:00+00:00,2026-02-08 00:00:00+00:00,overlap_wind_change=1.003m/s>=0.5
2026-02-09 14:00:00+00:00,2026-02-08 18:00:00+00:00,20.0,6.0,-1.3,0.31486111111111115,0.48806949473314654,0.31486111111111115,baseline,turbine_2,2026-02-09 00:00:00+00:00,2026-02-08 00:00:00+00:00,overlap_wind_change=1.003m/s>=0.5
2026-02-09 15:00:00+00:00,2026-02-08 18:00:00+00:00,21.0,5.99,-1.6,0.3126333333333334,0.4870066683339016,0.3126333333333334,baseline,turbine_2,2026-02-09 00:00:00+00:00,2026-02-08 00:00:00+00:00,overlap_wind_change=1.003m/s>=0.5
2026-02-09 16:00:00+00:00,2026-02-08 18:00:00+00:00,22.0,4.01,-1.8,0.08837777777777776,0.16821454478126732,0.08837777777777776,baseline,turbine_2,2026-02-09 00:00:00+00:00,2026-02-08 00:00:00+00:00,overlap_wind_change=1.003m/s>=0.5
2026-02-09 17:00:00+00:00,2026-02-08 18:00:00+00:00,23.0,2.11,-1.5,0.019555555555555555,0.10093208573713199,0.019555555555555555,baseline,turbine_2,2026-02-09 00:00:00+00:00,2026-02-08 00:00:00+00:00,overlap_wind_change=1.003m/s>=0.5
2026-02-09 18:00:00+00:00,2026-02-08 18:00:00+00:00,24.0,2.19,-0.5,0.020444444444444446,0.10315937579687848,0.020444444444444446,baseline,turbine_2,2026-02-09 00:00:00+00:00,2026-02-08 00:00:00+00:00,overlap_wind_change=1.003m/s>=0.5
2026-02-09 19:00:00+00:00,2026-02-08 18:00:00+00:00,25.0,3.07,-0.8,0.032155555555555555,0.12056150676701427,0.032155555555555555,baseline,turbine_2,2026-02-09 00:00:00+00:00,2026-02-08 00:00:00+00:00,overlap_wind_change=1.003m/s>=0.5
2026-02-09 20:00:00+00:00,2026-02-08 18:00:00+00:00,26.0,2.41,-0.3,0.022711111111111112,0.09831979846059838,0.022711111111111112,baseline,turbine_2,2026-02-09 00:00:00+00:00,2026-02-08 00:00:00+00:00,overlap_wind_change=1.003m/s>=0.5
2026-02-09 21:00:00+00:00,2026-02-08 18:00:00+00:00,27.0,2.2,0.4,0.02055555555555556,0.1101835696997804,0.02055555555555556,baseline,turbine_2,2026-02-09 00:00:00+00:00,2026-02-08 00:00:00+00:00,overlap_wind_change=1.003m/s>=0.5
2026-02-09 22:00:00+00:00,2026-02-08 18:00:00+00:00,28.0,2.17,0.6,0.02022222222222222,0.11198019158667473,0.02022222222222222,baseline,turbine_2,2026-02-09 00:00:00+00:00,2026-02-08 00:00:00+00:00,overlap_wind_change=1.003m/s>=0.5
2026-02-09 23:00:00+00:00,2026-02-08 18:00:00+00:00,29.0,3.04,1.5,0.03158888888888889,0.14197042530653883,0.03158888888888889,baseline,turbine_2,2026-02-09 00:00:00+00:00,2026-02-08 00:00:00+00:00,overlap_wind_change=1.003m/s>=0.5
2026-02-10 00:00:00+00:00,2026-02-08 18:00:00+00:00,30.0,2.14,2.4,0.01988888888888889,0.09025509412610265,0.01988888888888889,baseline,turbine_2,2026-02-09 00:00:00+00:00,2026-02-08 00:00:00+00:00,overlap_wind_change=1.003m/s>=0.5
2026-02-10 01:00:00+00:00,2026-02-09 18:00:00+00:00,7.0,4.35,0.8,0.12988888888888886,0.029523925478750417,0.12988888888888886,baseline,turbine_1,2026-02-10 00:00:00+00:00,2026-02-09 00:00:00+00:00,overlap_wind_change=0.964m/s>=0.5
2026-02-10 02:00:00+00:00,2026-02-09 18:00:00+00:00,8.0,5.28,0.6,0.21042222222222226,0.14505035425291113,0.21042222222222226,baseline,turbine_1,2026-02-10 00:00:00+00:00,2026-02-09 00:00:00+00:00,overlap_wind_change=0.964m/s>=0.5
2026-02-10 03:00:00+00:00,2026-02-09 18:00:00+00:00,9.0,4.37,1.7,0.1317,0.07214859490708282,0.1317,baseline,turbine_1,2026-02-10 00:00:00+00:00,2026-02-09 00:00:00+00:00,overlap_wind_change=0.964m/s>=0.5
2026-02-10 04:00:00+00:00,2026-02-09 18:00:00+00:00,10.0,5.99,3.6,0.31388888888888894,0.25898348761545825,0.31388888888888894,baseline,turbine_1,2026-02-10 00:00:00+00:00,2026-02-09 00:00:00+00:00,overlap_wind_change=0.964m/s>=0.5
2026-02-10 05:00:00+00:00,2026-02-09 18:00:00+00:00,11.0,5.96,4.4,0.30722222222222223,0.21324586635516826,0.30722222222222223,baseline,turbine_1,2026-02-10 00:00:00+00:00,2026-02-09 00:00:00+00:00,overlap_wind_change=0.964m/s>=0.5
2026-02-10 06:00:00+00:00,2026-02-09 18:00:00+00:00,12.0,4.7,5.8,0.16158333333333336,0.0997832942382948,0.16158333333333336,baseline,turbine_1,2026-02-10 00:00:00+00:00,2026-02-09 00:00:00+00:00,overlap_wind_change=0.964m/s>=0.5
2026-02-10 07:00:00+00:00,2026-02-09 18:00:00+00:00,13.0,5.15,7.5,0.19900000000000004,0.18874146140004228,0.19900000000000004,baseline,turbine_1,2026-02-10 00:00:00+00:00,2026-02-09 00:00:00+00:00,overlap_wind_change=0.964m/s>=0.5
2026-02-10 08:00:00+00:00,2026-02-09 18:00:00+00:00,14.0,5.66,9.7,0.2509555555555556,0.30078999848348176,0.2509555555555556,baseline,turbine_1,2026-02-10 00:00:00+00:00,2026-02-09 00:00:00+00:00,overlap_wind_change=0.964m/s>=0.5
2026-02-10 09:00:00+00:00,2026-02-09 18:00:00+00:00,15.0,6.02,11.1,0.3205555555555555,0.3990640677537133,0.3205555555555555,baseline,turbine_1,2026-02-10 00:00:00+00:00,2026-02-09 00:00:00+00:00,overlap_wind_change=0.964m/s>=0.5
2026-02-10 10:00:00+00:00,2026-02-09 18:00:00+00:00,16.0,4.85,10.5,0.1743333333333333,0.28041830567943565,0.1743333333333333,baseline,turbine_1,2026-02-10 00:00:00+00:00,2026-02-09 00:00:00+00:00,overlap_wind_change=0.964m/s>=0.5
2026-02-10 11:00:00+00:00,2026-02-09 18:00:00+00:00,17.0,5.59,8.2,0.2434888888888889,0.31734818998453757,0.2434888888888889,baseline,turbine_1,2026-02-10 00:00:00+00:00,2026-02-09 00:00:00+00:00,overlap_wind_change=0.964m/s>=0.5
2026-02-10 12:00:00+00:00,2026-02-09 18:00:00+00:00,18.0,6.29,5.1,0.3797111111111111,0.5502999507177494,0.3797111111111111,baseline,turbine_1,2026-02-10 00:00:00+00:00,2026-02-09 00:00:00+00:00,overlap_wind_change=0.964m/s>=0.5
2026-02-10 13:00:00+00:00,2026-02-09 18:00:00+00:00,19.0,5.53,3.5,0.23708888888888893,0.33999706003418345,0.23708888888888893,baseline,turbine_1,2026-02-10 00:00:00+00:00,2026-02-09 00:00:00+00:00,overlap_wind_change=0.964m/s>=0.5
2026-02-10 14:00:00+00:00,2026-02-09 18:00:00+00:00,20.0,4.63,2.3,0.15524444444444443,0.2866821744345218,0.15524444444444443,baseline,turbine_1,2026-02-10 00:00:00+00:00,2026-02-09 00:00:00+00:00,overlap_wind_change=0.964m/s>=0.5
2026-02-10 15:00:00+00:00,2026-02-09 18:00:00+00:00,21.0,7.24,1.6,0.5857388888888889,0.6616173062463165,0.5857388888888889,baseline,turbine_1,2026-02-10 00:00:00+00:00,2026-02-09 00:00:00+00:00,overlap_wind_change=0.964m/s>=0.5
2026-02-10 16:00:00+00:00,2026-02-09 18:00:00+00:00,22.0,9.28,1.3,0.9555055555555555,0.8651240924843593,0.9555055555555555,baseline,turbine_1,2026-02-10 00:00:00+00:00,2026-02-09 00:00:00+00:00,overlap_wind_change=0.964m/s>=0.5
2026-02-10 17:00:00+00:00,2026-02-09 18:00:00+00:00,23.0,10.41,0.9,0.9829222222222221,0.9010169644750955,0.9829222222222221,baseline,turbine_1,2026-02-10 00:00:00+00:00,2026-02-09 00:00:00+00:00,overlap_wind_change=0.964m/s>=0.5
2026-02-10 18:00:00+00:00,2026-02-09 18:00:00+00:00,24.0,11.34,0.9,0.9858999999999999,0.878797989582457,0.9858999999999999,baseline,turbine_1,2026-02-10 00:00:00+00:00,2026-02-09 00:00:00+00:00,overlap_wind_change=0.964m/s>=0.5
2026-02-10 19:00:00+00:00,2026-02-09 18:00:00+00:00,25.0,11.97,1.5,0.9899999999999999,0.8730919766447449,0.9899999999999999,baseline,turbine_1,2026-02-10 00:00:00+00:00,2026-02-09 00:00:00+00:00,overlap_wind_change=0.964m/s>=0.5
2026-02-10 20:00:00+00:00,2026-02-09 18:00:00+00:00,26.0,10.69,0.8,0.9846333333333332,0.9028242943805326,0.9846333333333332,baseline,turbine_1,2026-02-10 00:00:00+00:00,2026-02-09 00:00:00+00:00,overlap_wind_change=0.964m/s>=0.5
2026-02-10 21:00:00+00:00,2026-02-09 18:00:00+00:00,27.0,8.57,0.0,0.8257222222222222,0.807589747341262,0.8257222222222222,baseline,turbine_1,2026-02-10 00:00:00+00:00,2026-02-09 00:00:00+00:00,overlap_wind_change=0.964m/s>=0.5
2026-02-10 22:00:00+00:00,2026-02-09 18:00:00+00:00,28.0,7.12,-0.3,0.5579388888888889,0.6508931630559998,0.5579388888888889,baseline,turbine_1,2026-02-10 00:00:00+00:00,2026-02-09 00:00:00+00:00,overlap_wind_change=0.964m/s>=0.5
2026-02-10 23:00:00+00:00,2026-02-09 18:00:00+00:00,29.0,4.85,0.1,0.1743333333333333,0.2865020542696775,0.1743333333333333,baseline,turbine_1,2026-02-10 00:00:00+00:00,2026-02-09 00:00:00+00:00,overlap_wind_change=0.964m/s>=0.5
2026-02-11 00:00:00+00:00,2026-02-09 18:00:00+00:00,30.0,2.81,-0.7,0.033211111111111115,0.09962022862575907,0.033211111111111115,baseline,turbine_1,2026-02-10 00:00:00+00:00,2026-02-09 00:00:00+00:00,overlap_wind_change=0.964m/s>=0.5
2026-02-10 01:00:00+00:00,2026-02-09 18:00:00+00:00,7.0,4.35,0.8,0.11449999999999998,0.0499105183189202,0.11449999999999998,baseline,turbine_2,2026-02-10 00:00:00+00:00,2026-02-09 00:00:00+00:00,overlap_wind_change=0.964m/s>=0.5
2026-02-10 02:00:00+00:00,2026-02-09 18:00:00+00:00,8.0,5.28,0.6,0.19519444444444448,0.1554456689414052,0.19519444444444448,baseline,turbine_2,2026-02-10 00:00:00+00:00,2026-02-09 00:00:00+00:00,overlap_wind_change=0.964m/s>=0.5
2026-02-10 03:00:00+00:00,2026-02-09 18:00:00+00:00,9.0,4.37,1.7,0.1161777777777778,0.08315561463310307,0.1161777777777778,baseline,turbine_2,2026-02-10 00:00:00+00:00,2026-02-09 00:00:00+00:00,overlap_wind_change=0.964m/s>=0.5
2026-02-10 04:00:00+00:00,2026-02-09 18:00:00+00:00,10.0,5.99,3.6,0.3126333333333334,0.286250145180901,0.3126333333333334,baseline,turbine_2,2026-02-10 00:00:00+00:00,2026-02-09 00:00:00+00:00,overlap_wind_change=0.964m/s>=0.5
2026-02-10 05:00:00+00:00,2026-02-09 18:00:00+00:00,11.0,5.96,4.4,0.30595,0.24520906354293545,0.30595,baseline,turbine_2,2026-02-10 00:00:00+00:00,2026-02-09 00:00:00+00:00,overlap_wind_change=0.964m/s>=0.5
2026-02-10 06:00:00+00:00,2026-02-09 18:00:00+00:00,12.0,4.7,5.8,0.14386111111111113,0.12856217529815975,0.14386111111111113,baseline,turbine_2,2026-02-10 00:00:00+00:00,2026-02-09 00:00:00+00:00,overlap_wind_change=0.964m/s>=0.5
2026-02-10 07:00:00+00:00,2026-02-09 18:00:00+00:00,13.0,5.15,7.5,0.18250000000000002,0.29408628383013985,0.18250000000000002,baseline,turbine_2,2026-02-10 00:00:00+00:00,2026-02-09 00:00:00+00:00,overlap_wind_change=0.964m/s>=0.5
2026-02-10 08:00:00+00:00,2026-02-09 18:00:00+00:00,14.0,5.66,9.7,0.24691666666666673,0.40349190759342074,0.24691666666666673,baseline,turbine_2,2026-02-10 00:00:00+00:00,2026-02-09 00:00:00+00:00,overlap_wind_change=0.964m/s>=0.5
2026-02-10 09:00:00+00:00,2026-02-09 18:00:00+00:00,15.0,6.02,11.1,0.3193166666666666,0.4854279019375845,0.3193166666666666,baseline,turbine_2,2026-02-10 00:00:00+00:00,2026-02-09 00:00:00+00:00,overlap_wind_change=0.964m/s>=0.5
2026-02-10 10:00:00+00:00,2026-02-09 18:00:00+00:00,16.0,4.85,10.5,0.15666666666666665,0.31506327414412216,0.15666666666666665,baseline,turbine_2,2026-02-10 00:00:00+00:00,2026-02-09 00:00:00+00:00,overlap_wind_change=0.964m/s>=0.5
2026-02-10 11:00:00+00:00,2026-02-09 18:00:00+00:00,17.0,5.59,8.2,0.2373888888888889,0.4018295649378645,0.2373888888888889,baseline,turbine_2,2026-02-10 00:00:00+00:00,2026-02-09 00:00:00+00:00,overlap_wind_change=0.964m/s>=0.5
2026-02-10 12:00:00+00:00,2026-02-09 18:00:00+00:00,18.0,6.29,5.1,0.3778888888888889,0.5874710413353399,0.3778888888888889,baseline,turbine_2,2026-02-10 00:00:00+00:00,2026-02-09 00:00:00+00:00,overlap_wind_change=0.964m/s>=0.5
2026-02-10 13:00:00+00:00,2026-02-09 18:00:00+00:00,19.0,5.53,3.5,0.22922222222222227,0.4285119275096228,0.22922222222222227,baseline,turbine_2,2026-02-10 00:00:00+00:00,2026-02-09 00:00:00+00:00,overlap_wind_change=0.964m/s>=0.5
2026-02-10 14:00:00+00:00,2026-02-09 18:00:00+00:00,20.0,4.63,2.3,0.1379888888888889,0.3186489838677274,0.1379888888888889,baseline,turbine_2,2026-02-10 00:00:00+00:00,2026-02-09 00:00:00+00:00,overlap_wind_change=0.964m/s>=0.5
2026-02-10 15:00:00+00:00,2026-02-09 18:00:00+00:00,21.0,7.24,1.6,0.5885333333333334,0.7529497346769439,0.5885333333333334,baseline,turbine_2,2026-02-10 00:00:00+00:00,2026-02-09 00:00:00+00:00,overlap_wind_change=0.964m/s>=0.5
2026-02-10 16:00:00+00:00,2026-02-09 18:00:00+00:00,22.0,9.28,1.3,0.9461555555555554,1.0,0.9461555555555554,baseline,turbine_2,2026-02-10 00:00:00+00:00,2026-02-09 00:00:00+00:00,overlap_wind_change=0.964m/s>=0.5
2026-02-10 17:00:00+00:00,2026-02-09 18:00:00+00:00,23.0,10.41,0.9,0.9743222222222222,0.9901636641135939,0.9743222222222222,baseline,turbine_2,2026-02-10 00:00:00+00:00,2026-02-09 00:00:00+00:00,overlap_wind_change=0.964m/s>=0.5
2026-02-10 18:00:00+00:00,2026-02-09 18:00:00+00:00,24.0,11.34,0.9,0.9770222222222222,0.93837655519475,0.9770222222222222,baseline,turbine_2,2026-02-10 00:00:00+00:00,2026-02-09 00:00:00+00:00,overlap_wind_change=0.964m/s>=0.5
2026-02-10 19:00:00+00:00,2026-02-09 18:00:00+00:00,25.0,11.97,1.5,0.9757444444444444,0.933921816994762,0.9757444444444444,baseline,turbine_2,2026-02-10 00:00:00+00:00,2026-02-09 00:00:00+00:00,overlap_wind_change=0.964m/s>=0.5
2026-02-10 20:00:00+00:00,2026-02-09 18:00:00+00:00,26.0,10.69,0.8,0.9755666666666666,0.9252219462452103,0.9755666666666666,baseline,turbine_2,2026-02-10 00:00:00+00:00,2026-02-09 00:00:00+00:00,overlap_wind_change=0.964m/s>=0.5
2026-02-10 21:00:00+00:00,2026-02-09 18:00:00+00:00,27.0,8.57,0.0,0.8224444444444443,0.8091191037050053,0.8224444444444443,baseline,turbine_2,2026-02-10 00:00:00+00:00,2026-02-09 00:00:00+00:00,overlap_wind_change=0.964m/s>=0.5
2026-02-10 22:00:00+00:00,2026-02-09 18:00:00+00:00,28.0,7.12,-0.3,0.5576,0.6119489454736803,0.5576,baseline,turbine_2,2026-02-10 00:00:00+00:00,2026-02-09 00:00:00+00:00,overlap_wind_change=0.964m/s>=0.5
2026-02-10 23:00:00+00:00,2026-02-09 18:00:00+00:00,29.0,4.85,0.1,0.15666666666666665,0.25152168689634535,0.15666666666666665,baseline,turbine_2,2026-02-10 00:00:00+00:00,2026-02-09 00:00:00+00:00,overlap_wind_change=0.964m/s>=0.5
2026-02-11 00:00:00+00:00,2026-02-09 18:00:00+00:00,30.0,2.81,-0.7,0.027244444444444446,0.08946916359366354,0.027244444444444446,baseline,turbine_2,2026-02-10 00:00:00+00:00,2026-02-09 00:00:00+00:00,overlap_wind_change=0.964m/s>=0.5
2026-02-11 01:00:00+00:00,2026-02-10 18:00:00+00:00,7.0,3.31,-0.2,0.046666666666666676,0.0,0.046666666666666676,baseline,turbine_1,2026-02-11 00:00:00+00:00,2026-02-10 00:00:00+00:00,overlap_wind_change=1.088m/s>=0.5
2026-02-11 02:00:00+00:00,2026-02-10 18:00:00+00:00,8.0,4.88,1.2,0.1768,0.14431211742903827,0.1768,baseline,turbine_1,2026-02-11 00:00:00+00:00,2026-02-10 00:00:00+00:00,overlap_wind_change=1.088m/s>=0.5
2026-02-11 03:00:00+00:00,2026-02-10 18:00:00+00:00,9.0,3.09,3.5,0.039122222222222225,0.0,0.039122222222222225,baseline,turbine_1,2026-02-11 00:00:00+00:00,2026-02-10 00:00:00+00:00,overlap_wind_change=1.088m/s>=0.5
2026-02-11 04:00:00+00:00,2026-02-10 18:00:00+00:00,10.0,2.36,6.4,0.025444444444444443,0.0,0.025444444444444443,baseline,turbine_1,2026-02-11 00:00:00+00:00,2026-02-10 00:00:00+00:00,overlap_wind_change=1.088m/s>=0.5
2026-02-11 05:00:00+00:00,2026-02-10 18:00:00+00:00,11.0,3.54,6.2,0.0626388888888889,0.0,0.0626388888888889,baseline,turbine_1,2026-02-11 00:00:00+00:00,2026-02-10 00:00:00+00:00,overlap_wind_change=1.088m/s>=0.5
2026-02-11 06:00:00+00:00,2026-02-10 18:00:00+00:00,12.0,4.32,7.7,0.12717222222222224,0.06937011366979105,0.12717222222222224,baseline,turbine_1,2026-02-11 00:00:00+00:00,2026-02-10 00:00:00+00:00,overlap_wind_change=1.088m/s>=0.5
2026-02-11 07:00:00+00:00,2026-02-10 18:00:00+00:00,13.0,3.7,9.2,0.07375000000000001,0.003981906633729746,0.07375000000000001,baseline,turbine_1,2026-02-11 00:00:00+00:00,2026-02-10 00:00:00+00:00,overlap_wind_change=1.088m/s>=0.5
2026-02-11 08:00:00+00:00,2026-02-10 18:00:00+00:00,14.0,2.1,9.8,0.021361111111111112,0.07665444389220916,0.021361111111111112,baseline,turbine_1,2026-02-11 00:00:00+00:00,2026-02-10 00:00:00+00:00,overlap_wind_change=1.088m/s>=0.5
2026-02-11 09:00:00+00:00,2026-02-10 18:00:00+00:00,15.0,7.4,10.7,0.6064722222222222,0.6229397331468837,0.6064722222222222,baseline,turbine_1,2026-02-11 00:00:00+00:00,2026-02-10 00:00:00+00:00,overlap_wind_change=1.088m/s>=0.5
2026-02-11 10:00:00+00:00,2026-02-10 18:00:00+00:00,16.0,10.9,6.2,0.9849999999999999,0.8159005073382055,0.9849999999999999,baseline,turbine_1,2026-02-11 00:00:00+00:00,2026-02-10 00:00:00+00:00,overlap_wind_change=1.088m/s>=0.5
2026-02-11 11:00:00+00:00,2026-02-10 18:00:00+00:00,17.0,11.7,4.9,0.9894999999999998,0.7214161725086576,0.9894999999999998,baseline,turbine_1,2026-02-11 00:00:00+00:00,2026-02-10 00:00:00+00:00,overlap_wind_change=1.088m/s>=0.5
2026-02-11 12:00:00+00:00,2026-02-10 18:00:00+00:00,18.0,10.97,3.3,0.9849999999999999,0.7731612208591829,0.9849999999999999,baseline,turbine_1,2026-02-11 00:00:00+00:00,2026-02-10 00:00:00+00:00,overlap_wind_change=1.088m/s>=0.5
2026-02-11 13:00:00+00:00,2026-02-10 18:00:00+00:00,19.0,9.78,3.1,0.9809,0.806225450460505,0.9809,baseline,turbine_1,2026-02-11 00:00:00+00:00,2026-02-10 00:00:00+00:00,overlap_wind_change=1.088m/s>=0.5
2026-02-11 14:00:00+00:00,2026-02-10 18:00:00+00:00,20.0,9.26,2.7,0.9544277777777778,0.7899544860109837,0.9544277777777778,baseline,turbine_1,2026-02-11 00:00:00+00:00,2026-02-10 00:00:00+00:00,overlap_wind_change=1.088m/s>=0.5
2026-02-11 15:00:00+00:00,2026-02-10 18:00:00+00:00,21.0,10.3,1.9,0.98225,0.8806551943443948,0.98225,baseline,turbine_1,2026-02-11 00:00:00+00:00,2026-02-10 00:00:00+00:00,overlap_wind_change=1.088m/s>=0.5
2026-02-11 16:00:00+00:00,2026-02-10 18:00:00+00:00,22.0,8.76,1.5,0.8616055555555555,0.7889926800382359,0.8616055555555555,baseline,turbine_1,2026-02-11 00:00:00+00:00,2026-02-10 00:00:00+00:00,overlap_wind_change=1.088m/s>=0.5
2026-02-11 17:00:00+00:00,2026-02-10 18:00:00+00:00,23.0,7.82,1.1,0.6656611111111111,0.6648772880401281,0.6656611111111111,baseline,turbine_1,2026-02-11 00:00:00+00:00,2026-02-10 00:00:00+00:00,overlap_wind_change=1.088m/s>=0.5
2026-02-11 18:00:00+00:00,2026-02-10 18:00:00+00:00,24.0,7.11,1.1,0.5556222222222222,0.6577079637792386,0.5556222222222222,baseline,turbine_1,2026-02-11 00:00:00+00:00,2026-02-10 00:00:00+00:00,overlap_wind_change=1.088m/s>=0.5
2026-02-11 19:00:00+00:00,2026-02-10 18:00:00+00:00,25.0,6.78,0.9,0.4791722222222222,0.6545315563863832,0.4791722222222222,baseline,turbine_1,2026-02-11 00:00:00+00:00,2026-02-10 00:00:00+00:00,overlap_wind_change=1.088m/s>=0.5
2026-02-11 20:00:00+00:00,2026-02-10 18:00:00+00:00,26.0,7.0,0.7,0.5301388888888888,0.6063865155457255,0.5301388888888888,baseline,turbine_1,2026-02-11 00:00:00+00:00,2026-02-10 00:00:00+00:00,overlap_wind_change=1.088m/s>=0.5
2026-02-11 21:00:00+00:00,2026-02-10 18:00:00+00:00,27.0,7.2,1.2,0.5764722222222223,0.5628332228657326,0.5764722222222223,baseline,turbine_1,2026-02-11 00:00:00+00:00,2026-02-10 00:00:00+00:00,overlap_wind_change=1.088m/s>=0.5
2026-02-11 22:00:00+00:00,2026-02-10 18:00:00+00:00,28.0,6.49,1.5,0.4199333333333333,0.5908921527743208,0.4199333333333333,baseline,turbine_1,2026-02-11 00:00:00+00:00,2026-02-10 00:00:00+00:00,overlap_wind_change=1.088m/s>=0.5
2026-02-11 23:00:00+00:00,2026-02-10 18:00:00+00:00,29.0,6.15,1.1,0.3494444444444445,0.43730762950621355,0.3494444444444445,baseline,turbine_1,2026-02-11 00:00:00+00:00,2026-02-10 00:00:00+00:00,overlap_wind_change=1.088m/s>=0.5
2026-02-12 00:00:00+00:00,2026-02-10 18:00:00+00:00,30.0,5.8,0.8,0.27166666666666667,0.35788292953850076,0.27166666666666667,baseline,turbine_1,2026-02-11 00:00:00+00:00,2026-02-10 00:00:00+00:00,overlap_wind_change=1.088m/s>=0.5
2026-02-11 01:00:00+00:00,2026-02-10 18:00:00+00:00,7.0,3.31,-0.2,0.039588888888888896,0.0,0.039588888888888896,baseline,turbine_2,2026-02-11 00:00:00+00:00,2026-02-10 00:00:00+00:00,overlap_wind_change=1.088m/s>=0.5
2026-02-11 02:00:00+00:00,2026-02-10 18:00:00+00:00,8.0,4.88,1.2,0.15925,0.13281309497918606,0.15925,baseline,turbine_2,2026-02-11 00:00:00+00:00,2026-02-10 00:00:00+00:00,overlap_wind_change=1.088m/s>=0.5
2026-02-11 03:00:00+00:00,2026-02-10 18:00:00+00:00,9.0,3.09,3.5,0.03253333333333333,0.010836404096727942,0.03253333333333333,baseline,turbine_2,2026-02-11 00:00:00+00:00,2026-02-10 00:00:00+00:00,overlap_wind_change=1.088m/s>=0.5
2026-02-11 04:00:00+00:00,2026-02-10 18:00:00+00:00,10.0,2.36,6.4,0.022211111111111112,0.008786837755179553,0.022211111111111112,baseline,turbine_2,2026-02-11 00:00:00+00:00,2026-02-10 00:00:00+00:00,overlap_wind_change=1.088m/s>=0.5
2026-02-11 05:00:00+00:00,2026-02-10 18:00:00+00:00,11.0,3.54,6.2,0.05505,0.024125585436055256,0.05505,baseline,turbine_2,2026-02-11 00:00:00+00:00,2026-02-10 00:00:00+00:00,overlap_wind_change=1.088m/s>=0.5
2026-02-11 06:00:00+00:00,2026-02-10 18:00:00+00:00,12.0,4.32,7.7,0.11198333333333337,0.09764029856244741,0.11198333333333337,baseline,turbine_2,2026-02-11 00:00:00+00:00,2026-02-10 00:00:00+00:00,overlap_wind_change=1.088m/s>=0.5
2026-02-11 07:00:00+00:00,2026-02-10 18:00:00+00:00,13.0,3.7,9.2,0.06580555555555558,0.06204382700698057,0.06580555555555558,baseline,turbine_2,2026-02-11 00:00:00+00:00,2026-02-10 00:00:00+00:00,overlap_wind_change=1.088m/s>=0.5
2026-02-11 08:00:00+00:00,2026-02-10 18:00:00+00:00,14.0,2.1,9.8,0.019444444444444445,0.11370828896380311,0.019444444444444445,baseline,turbine_2,2026-02-11 00:00:00+00:00,2026-02-10 00:00:00+00:00,overlap_wind_change=1.088m/s>=0.5
2026-02-11 09:00:00+00:00,2026-02-10 18:00:00+00:00,15.0,7.4,10.7,0.609111111111111,0.6723255274954871,0.609111111111111,baseline,turbine_2,2026-02-11 00:00:00+00:00,2026-02-10 00:00:00+00:00,overlap_wind_change=1.088m/s>=0.5
2026-02-11 10:00:00+00:00,2026-02-10 18:00:00+00:00,16.0,10.9,6.2,0.97625,0.8667034118658313,0.97625,baseline,turbine_2,2026-02-11 00:00:00+00:00,2026-02-10 00:00:00+00:00,overlap_wind_change=1.088m/s>=0.5
2026-02-11 11:00:00+00:00,2026-02-10 18:00:00+00:00,17.0,11.7,4.9,0.9762222222222222,0.7906256640732405,0.9762222222222222,baseline,turbine_2,2026-02-11 00:00:00+00:00,2026-02-10 00:00:00+00:00,overlap_wind_change=1.088m/s>=0.5
2026-02-11 12:00:00+00:00,2026-02-10 18:00:00+00:00,18.0,10.97,3.3,0.9764444444444443,0.9028458943765738,0.9764444444444443,baseline,turbine_2,2026-02-11 00:00:00+00:00,2026-02-10 00:00:00+00:00,overlap_wind_change=1.088m/s>=0.5
2026-02-11 13:00:00+00:00,2026-02-10 18:00:00+00:00,19.0,9.78,3.1,0.9689111111111111,0.9765161620277195,0.9689111111111111,baseline,turbine_2,2026-02-11 00:00:00+00:00,2026-02-10 00:00:00+00:00,overlap_wind_change=1.088m/s>=0.5
2026-02-11 14:00:00+00:00,2026-02-10 18:00:00+00:00,20.0,9.26,2.7,0.9451999999999999,0.9755839816988516,0.9451999999999999,baseline,turbine_2,2026-02-11 00:00:00+00:00,2026-02-10 00:00:00+00:00,overlap_wind_change=1.088m/s>=0.5
2026-02-11 15:00:00+00:00,2026-02-10 18:00:00+00:00,21.0,10.3,1.9,0.9738333333333333,1.0,0.9738333333333333,baseline,turbine_2,2026-02-11 00:00:00+00:00,2026-02-10 00:00:00+00:00,overlap_wind_change=1.088m/s>=0.5
2026-02-11 16:00:00+00:00,2026-02-10 18:00:00+00:00,22.0,8.76,1.5,0.8513499999999998,0.9293595087698587,0.8513499999999998,baseline,turbine_2,2026-02-11 00:00:00+00:00,2026-02-10 00:00:00+00:00,overlap_wind_change=1.088m/s>=0.5
2026-02-11 17:00:00+00:00,2026-02-10 18:00:00+00:00,23.0,7.82,1.1,0.6683777777777778,0.744998380002684,0.6683777777777778,baseline,turbine_2,2026-02-11 00:00:00+00:00,2026-02-10 00:00:00+00:00,overlap_wind_change=1.088m/s>=0.5
2026-02-11 18:00:00+00:00,2026-02-10 18:00:00+00:00,24.0,7.11,1.1,0.5550222222222222,0.7108177237622604,0.5550222222222222,baseline,turbine_2,2026-02-11 00:00:00+00:00,2026-02-10 00:00:00+00:00,overlap_wind_change=1.088m/s>=0.5
2026-02-11 19:00:00+00:00,2026-02-10 18:00:00+00:00,25.0,6.78,0.9,0.4699555555555555,0.7031014550559935,0.4699555555555555,baseline,turbine_2,2026-02-11 00:00:00+00:00,2026-02-10 00:00:00+00:00,overlap_wind_change=1.088m/s>=0.5
2026-02-11 20:00:00+00:00,2026-02-10 18:00:00+00:00,26.0,7.0,0.7,0.5266666666666666,0.5832378177088363,0.5266666666666666,baseline,turbine_2,2026-02-11 00:00:00+00:00,2026-02-10 00:00:00+00:00,overlap_wind_change=1.088m/s>=0.5
2026-02-11 21:00:00+00:00,2026-02-10 18:00:00+00:00,27.0,7.2,1.2,0.5782222222222222,0.5723700142830869,0.5782222222222222,baseline,turbine_2,2026-02-11 00:00:00+00:00,2026-02-10 00:00:00+00:00,overlap_wind_change=1.088m/s>=0.5
2026-02-11 22:00:00+00:00,2026-02-10 18:00:00+00:00,28.0,6.49,1.5,0.41455555555555557,0.606414788770398,0.41455555555555557,baseline,turbine_2,2026-02-11 00:00:00+00:00,2026-02-10 00:00:00+00:00,overlap_wind_change=1.088m/s>=0.5
2026-02-11 23:00:00+00:00,2026-02-10 18:00:00+00:00,29.0,6.15,1.1,0.34827777777777785,0.4445782553680413,0.34827777777777785,baseline,turbine_2,2026-02-11 00:00:00+00:00,2026-02-10 00:00:00+00:00,overlap_wind_change=1.088m/s>=0.5
2026-02-12 00:00:00+00:00,2026-02-10 18:00:00+00:00,30.0,5.8,0.8,0.2703055555555556,0.3877038502548425,0.2703055555555556,baseline,turbine_2,2026-02-11 00:00:00+00:00,2026-02-10 00:00:00+00:00,overlap_wind_change=1.088m/s>=0.5
2026-02-12 01:00:00+00:00,2026-02-11 18:00:00+00:00,7.0,3.76,-0.7,0.07809444444444442,0.0,0.07809444444444442,baseline,turbine_1,2026-02-12 00:00:00+00:00,2026-02-11 00:00:00+00:00,overlap_wind_change=0.865m/s>=0.5
2026-02-12 02:00:00+00:00,2026-02-11 18:00:00+00:00,8.0,1.72,-0.7,0.016044444444444448,0.0,0.016044444444444448,baseline,turbine_1,2026-02-12 00:00:00+00:00,2026-02-11 00:00:00+00:00,overlap_wind_change=0.865m/s>=0.5
2026-02-12 03:00:00+00:00,2026-02-11 18:00:00+00:00,9.0,1.52,-0.4,0.015600000000000001,0.0,0.015600000000000001,baseline,turbine_1,2026-02-12 00:00:00+00:00,2026-02-11 00:00:00+00:00,overlap_wind_change=0.865m/s>=0.5
2026-02-12 04:00:00+00:00,2026-02-11 18:00:00+00:00,10.0,1.73,-0.4,0.01606666666666667,0.0,0.01606666666666667,baseline,turbine_1,2026-02-12 00:00:00+00:00,2026-02-11 00:00:00+00:00,overlap_wind_change=0.865m/s>=0.5
2026-02-12 05:00:00+00:00,2026-02-11 18:00:00+00:00,11.0,2.51,-0.1,0.027944444444444442,0.0,0.027944444444444442,baseline,turbine_1,2026-02-12 00:00:00+00:00,2026-02-11 00:00:00+00:00,overlap_wind_change=0.865m/s>=0.5
2026-02-12 06:00:00+00:00,2026-02-11 18:00:00+00:00,12.0,2.95,1.8,0.03616666666666667,0.0,0.03616666666666667,baseline,turbine_1,2026-02-12 00:00:00+00:00,2026-02-11 00:00:00+00:00,overlap_wind_change=0.865m/s>=0.5
2026-02-12 07:00:00+00:00,2026-02-11 18:00:00+00:00,13.0,3.41,2.9,0.05361111111111112,0.007620604857019605,0.05361111111111112,baseline,turbine_1,2026-02-12 00:00:00+00:00,2026-02-11 00:00:00+00:00,overlap_wind_change=0.865m/s>=0.5
2026-02-12 08:00:00+00:00,2026-02-11 18:00:00+00:00,14.0,2.34,3.5,0.02511111111111111,0.096440259702215,0.02511111111111111,baseline,turbine_1,2026-02-12 00:00:00+00:00,2026-02-11 00:00:00+00:00,overlap_wind_change=0.865m/s>=0.5
2026-02-12 09:00:00+00:00,2026-02-11 18:00:00+00:00,15.0,1.39,3.3,0.015311111111111112,0.08381365887423621,0.015311111111111112,baseline,turbine_1,2026-02-12 00:00:00+00:00,2026-02-11 00:00:00+00:00,overlap_wind_change=0.865m/s>=0.5
2026-02-12 10:00:00+00:00,2026-02-11 18:00:00+00:00,16.0,0.64,3.3,0.01,0.05238568401194739,0.01,baseline,turbine_1,2026-02-12 00:00:00+00:00,2026-02-11 00:00:00+00:00,overlap_wind_change=0.865m/s>=0.5
2026-02-12 11:00:00+00:00,2026-02-11 18:00:00+00:00,17.0,3.89,2.2,0.08943333333333334,0.14665830425954185,0.08943333333333334,baseline,turbine_1,2026-02-12 00:00:00+00:00,2026-02-11 00:00:00+00:00,overlap_wind_change=0.865m/s>=0.5
2026-02-12 12:00:00+00:00,2026-02-11 18:00:00+00:00,18.0,4.22,0.4,0.11821666666666665,0.23876679400752054,0.11821666666666665,baseline,turbine_1,2026-02-12 00:00:00+00:00,2026-02-11 00:00:00+00:00,overlap_wind_change=0.865m/s>=0.5
2026-02-12 13:00:00+00:00,2026-02-11 18:00:00+00:00,19.0,4.35,-0.2,0.12988888888888886,0.20140284137737965,0.12988888888888886,baseline,turbine_1,2026-02-12 00:00:00+00:00,2026-02-11 00:00:00+00:00,overlap_wind_change=0.865m/s>=0.5
2026-02-12 14:00:00+00:00,2026-02-11 18:00:00+00:00,20.0,3.65,-0.5,0.07027777777777777,0.12166878590712098,0.07027777777777777,baseline,turbine_1,2026-02-12 00:00:00+00:00,2026-02-11 00:00:00+00:00,overlap_wind_change=0.865m/s>=0.5
2026-02-12 15:00:00+00:00,2026-02-11 18:00:00+00:00,21.0,3.93,-0.7,0.09292222222222224,0.1830495029684471,0.09292222222222224,baseline,turbine_1,2026-02-12 00:00:00+00:00,2026-02-11 00:00:00+00:00,overlap_wind_change=0.865m/s>=0.5
2026-02-12 16:00:00+00:00,2026-02-11 18:00:00+00:00,22.0,3.65,-0.8,0.07027777777777777,0.14666384497574977,0.07027777777777777,baseline,turbine_1,2026-02-12 00:00:00+00:00,2026-02-11 00:00:00+00:00,overlap_wind_change=0.865m/s>=0.5
2026-02-12 17:00:00+00:00,2026-02-11 18:00:00+00:00,23.0,1.84,-0.6,0.017461111111111115,0.09070631295341582,0.017461111111111115,baseline,turbine_1,2026-02-12 00:00:00+00:00,2026-02-11 00:00:00+00:00,overlap_wind_change=0.865m/s>=0.5
2026-02-12 18:00:00+00:00,2026-02-11 18:00:00+00:00,24.0,1.87,-1.0,0.017911111111111114,0.08751554499319968,0.017911111111111114,baseline,turbine_1,2026-02-12 00:00:00+00:00,2026-02-11 00:00:00+00:00,overlap_wind_change=0.865m/s>=0.5
2026-02-12 19:00:00+00:00,2026-02-11 18:00:00+00:00,25.0,2.17,-1.5,0.02241111111111111,0.09402096876050066,0.02241111111111111,baseline,turbine_1,2026-02-12 00:00:00+00:00,2026-02-11 00:00:00+00:00,overlap_wind_change=0.865m/s>=0.5
2026-02-12 20:00:00+00:00,2026-02-11 18:00:00+00:00,26.0,2.5,-2.3,0.02777777777777778,0.08163286452347708,0.02777777777777778,baseline,turbine_1,2026-02-12 00:00:00+00:00,2026-02-11 00:00:00+00:00,overlap_wind_change=0.865m/s>=0.5
2026-02-12 21:00:00+00:00,2026-02-11 18:00:00+00:00,27.0,0.72,-2.5,0.01,0.03732557710522321,0.01,baseline,turbine_1,2026-02-12 00:00:00+00:00,2026-02-11 00:00:00+00:00,overlap_wind_change=0.865m/s>=0.5
2026-02-12 22:00:00+00:00,2026-02-11 18:00:00+00:00,28.0,1.09,-2.5,0.0134,0.06018314128546425,0.0134,baseline,turbine_1,2026-02-12 00:00:00+00:00,2026-02-11 00:00:00+00:00,overlap_wind_change=0.865m/s>=0.5
2026-02-12 23:00:00+00:00,2026-02-11 18:00:00+00:00,29.0,1.31,-2.6,0.015133333333333334,0.06252175596460889,0.015133333333333334,baseline,turbine_1,2026-02-12 00:00:00+00:00,2026-02-11 00:00:00+00:00,overlap_wind_change=0.865m/s>=0.5
2026-02-13 00:00:00+00:00,2026-02-11 18:00:00+00:00,30.0,2.44,-2.7,0.02677777777777778,0.08379036865744285,0.02677777777777778,baseline,turbine_1,2026-02-12 00:00:00+00:00,2026-02-11 00:00:00+00:00,overlap_wind_change=0.865m/s>=0.5
2026-02-12 01:00:00+00:00,2026-02-11 18:00:00+00:00,7.0,3.76,-0.7,0.06990555555555554,0.0,0.06990555555555554,baseline,turbine_2,2026-02-12 00:00:00+00:00,2026-02-11 00:00:00+00:00,overlap_wind_change=0.865m/s>=0.5
2026-02-12 02:00:00+00:00,2026-02-11 18:00:00+00:00,8.0,1.72,-0.7,0.015455555555555554,0.0,0.015455555555555554,baseline,turbine_2,2026-02-12 00:00:00+00:00,2026-02-11 00:00:00+00:00,overlap_wind_change=0.865m/s>=0.5
2026-02-12 03:00:00+00:00,2026-02-11 18:00:00+00:00,9.0,1.52,-0.4,0.014788888888888888,0.0,0.014788888888888888,baseline,turbine_2,2026-02-12 00:00:00+00:00,2026-02-11 00:00:00+00:00,overlap_wind_change=0.865m/s>=0.5
2026-02-12 04:00:00+00:00,2026-02-11 18:00:00+00:00,10.0,1.73,-0.4,0.015488888888888887,0.0,0.015488888888888887,baseline,turbine_2,2026-02-12 00:00:00+00:00,2026-02-11 00:00:00+00:00,overlap_wind_change=0.865m/s>=0.5
2026-02-12 05:00:00+00:00,2026-02-11 18:00:00+00:00,11.0,2.51,-0.1,0.02371111111111111,0.0,0.02371111111111111,baseline,turbine_2,2026-02-12 00:00:00+00:00,2026-02-11 00:00:00+00:00,overlap_wind_change=0.865m/s>=0.5
2026-02-12 06:00:00+00:00,2026-02-11 18:00:00+00:00,12.0,2.95,1.8,0.029888888888888892,0.0012685128486803455,0.029888888888888892,baseline,turbine_2,2026-02-12 00:00:00+00:00,2026-02-11 00:00:00+00:00,overlap_wind_change=0.865m/s>=0.5
2026-02-12 07:00:00+00:00,2026-02-11 18:00:00+00:00,13.0,3.41,2.9,0.04631111111111112,0.05024429339199892,0.04631111111111112,baseline,turbine_2,2026-02-12 00:00:00+00:00,2026-02-11 00:00:00+00:00,overlap_wind_change=0.865m/s>=0.5
2026-02-12 08:00:00+00:00,2026-02-11 18:00:00+00:00,14.0,2.34,3.5,0.02201111111111111,0.1257145349083688,0.02201111111111111,baseline,turbine_2,2026-02-12 00:00:00+00:00,2026-02-11 00:00:00+00:00,overlap_wind_change=0.865m/s>=0.5
2026-02-12 09:00:00+00:00,2026-02-11 18:00:00+00:00,15.0,1.39,3.3,0.014355555555555554,0.1013649718512291,0.014355555555555554,baseline,turbine_2,2026-02-12 00:00:00+00:00,2026-02-11 00:00:00+00:00,overlap_wind_change=0.865m/s>=0.5
2026-02-12 10:00:00+00:00,2026-02-11 18:00:00+00:00,16.0,0.64,3.3,0.01,0.07763787618293681,0.01,baseline,turbine_2,2026-02-12 00:00:00+00:00,2026-02-11 00:00:00+00:00,overlap_wind_change=0.865m/s>=0.5
2026-02-12 11:00:00+00:00,2026-02-11 18:00:00+00:00,17.0,3.89,2.2,0.07951111111111112,0.18623401568435494,0.07951111111111112,baseline,turbine_2,2026-02-12 00:00:00+00:00,2026-02-11 00:00:00+00:00,overlap_wind_change=0.865m/s>=0.5
2026-02-12 12:00:00+00:00,2026-02-11 18:00:00+00:00,18.0,4.22,0.4,0.10389444444444443,0.2674811509985828,0.10389444444444443,baseline,turbine_2,2026-02-12 00:00:00+00:00,2026-02-11 00:00:00+00:00,overlap_wind_change=0.865m/s>=0.5
2026-02-12 13:00:00+00:00,2026-02-11 18:00:00+00:00,19.0,4.35,-0.2,0.11449999999999998,0.21869834838611776,0.11449999999999998,baseline,turbine_2,2026-02-12 00:00:00+00:00,2026-02-11 00:00:00+00:00,overlap_wind_change=0.865m/s>=0.5
2026-02-12 14:00:00+00:00,2026-02-11 18:00:00+00:00,20.0,3.65,-0.5,0.06244444444444444,0.14365339196333096,0.06244444444444444,baseline,turbine_2,2026-02-12 00:00:00+00:00,2026-02-11 00:00:00+00:00,overlap_wind_change=0.865m/s>=0.5
2026-02-12 15:00:00+00:00,2026-02-11 18:00:00+00:00,21.0,3.93,-0.7,0.08246666666666667,0.19686199896619863,0.08246666666666667,baseline,turbine_2,2026-02-12 00:00:00+00:00,2026-02-11 00:00:00+00:00,overlap_wind_change=0.865m/s>=0.5
2026-02-12 16:00:00+00:00,2026-02-11 18:00:00+00:00,22.0,3.65,-0.8,0.06244444444444444,0.14910394713448843,0.06244444444444444,baseline,turbine_2,2026-02-12 00:00:00+00:00,2026-02-11 00:00:00+00:00,overlap_wind_change=0.865m/s>=0.5
2026-02-12 17:00:00+00:00,2026-02-11 18:00:00+00:00,23.0,1.84,-0.6,0.016555555555555556,0.1005973973546307,0.016555555555555556,baseline,turbine_2,2026-02-12 00:00:00+00:00,2026-02-11 00:00:00+00:00,overlap_wind_change=0.865m/s>=0.5
2026-02-12 18:00:00+00:00,2026-02-11 18:00:00+00:00,24.0,1.87,-1.0,0.016888888888888887,0.10627424514749795,0.016888888888888887,baseline,turbine_2,2026-02-12 00:00:00+00:00,2026-02-11 00:00:00+00:00,overlap_wind_change=0.865m/s>=0.5
2026-02-12 19:00:00+00:00,2026-02-11 18:00:00+00:00,25.0,2.17,-1.5,0.02022222222222222,0.10776385144419207,0.02022222222222222,baseline,turbine_2,2026-02-12 00:00:00+00:00,2026-02-11 00:00:00+00:00,overlap_wind_change=0.865m/s>=0.5
2026-02-12 20:00:00+00:00,2026-02-11 18:00:00+00:00,26.0,2.5,-2.3,0.02361111111111111,0.10403037655790269,0.02361111111111111,baseline,turbine_2,2026-02-12 00:00:00+00:00,2026-02-11 00:00:00+00:00,overlap_wind_change=0.865m/s>=0.5
2026-02-12 21:00:00+00:00,2026-02-11 18:00:00+00:00,27.0,0.72,-2.5,0.01,0.06482050553509996,0.01,baseline,turbine_2,2026-02-12 00:00:00+00:00,2026-02-11 00:00:00+00:00,overlap_wind_change=0.865m/s>=0.5
2026-02-12 22:00:00+00:00,2026-02-11 18:00:00+00:00,28.0,1.09,-2.5,0.012644444444444444,0.08781412890105983,0.012644444444444444,baseline,turbine_2,2026-02-12 00:00:00+00:00,2026-02-11 00:00:00+00:00,overlap_wind_change=0.865m/s>=0.5
2026-02-12 23:00:00+00:00,2026-02-11 18:00:00+00:00,29.0,1.31,-2.6,0.014088888888888889,0.0890096755832914,0.014088888888888889,baseline,turbine_2,2026-02-12 00:00:00+00:00,2026-02-11 00:00:00+00:00,overlap_wind_change=0.865m/s>=0.5
2026-02-13 00:00:00+00:00,2026-02-11 18:00:00+00:00,30.0,2.44,-2.7,0.02301111111111111,0.08634267809629718,0.02301111111111111,baseline,turbine_2,2026-02-12 00:00:00+00:00,2026-02-11 00:00:00+00:00,overlap_wind_change=0.865m/s>=0.5
2026-02-13 01:00:00+00:00,2026-02-12 18:00:00+00:00,7.0,2.38,-1.6,0.025777777777777778,0.0,0.025777777777777778,baseline,turbine_1,2026-02-13 00:00:00+00:00,2026-02-12 00:00:00+00:00,overlap_wind_change=0.780m/s>=0.5
2026-02-13 02:00:00+00:00,2026-02-12 18:00:00+00:00,8.0,2.47,-1.6,0.027277777777777783,0.0,0.027277777777777783,baseline,turbine_1,2026-02-13 00:00:00+00:00,2026-02-12 00:00:00+00:00,overlap_wind_change=0.780m/s>=0.5
2026-02-13 03:00:00+00:00,2026-02-12 18:00:00+00:00,9.0,1.82,-1.2,0.017161111111111113,0.0,0.017161111111111113,baseline,turbine_1,2026-02-13 00:00:00+00:00,2026-02-12 00:00:00+00:00,overlap_wind_change=0.780m/s>=0.5
2026-02-13 04:00:00+00:00,2026-02-12 18:00:00+00:00,10.0,1.68,-0.7,0.01595555555555556,0.0,0.01595555555555556,baseline,turbine_1,2026-02-13 00:00:00+00:00,2026-02-12 00:00:00+00:00,overlap_wind_change=0.780m/s>=0.5
2026-02-13 05:00:00+00:00,2026-02-12 18:00:00+00:00,11.0,0.56,0.1,0.01,0.0,0.01,baseline,turbine_1,2026-02-13 00:00:00+00:00,2026-02-12 00:00:00+00:00,overlap_wind_change=0.780m/s>=0.5
2026-02-13 06:00:00+00:00,2026-02-12 18:00:00+00:00,12.0,0.75,0.9,0.01,0.0,0.01,baseline,turbine_1,2026-02-13 00:00:00+00:00,2026-02-12 00:00:00+00:00,overlap_wind_change=0.780m/s>=0.5
2026-02-13 07:00:00+00:00,2026-02-12 18:00:00+00:00,13.0,0.79,1.1,0.010400000000000001,0.0,0.010400000000000001,baseline,turbine_1,2026-02-13 00:00:00+00:00,2026-02-12 00:00:00+00:00,overlap_wind_change=0.780m/s>=0.5
2026-02-13 08:00:00+00:00,2026-02-12 18:00:00+00:00,14.0,0.89,2.3,0.0114,0.030263382084595097,0.0114,baseline,turbine_1,2026-02-13 00:00:00+00:00,2026-02-12 00:00:00+00:00,overlap_wind_change=0.780m/s>=0.5
2026-02-13 09:00:00+00:00,2026-02-12 18:00:00+00:00,15.0,1.1,3.0,0.0135,0.07900434284184589,0.0135,baseline,turbine_1,2026-02-13 00:00:00+00:00,2026-02-12 00:00:00+00:00,overlap_wind_change=0.780m/s>=0.5
2026-02-13 10:00:00+00:00,2026-02-12 18:00:00+00:00,16.0,1.48,2.9,0.015511111111111113,0.09713937049585412,0.015511111111111113,baseline,turbine_1,2026-02-13 00:00:00+00:00,2026-02-12 00:00:00+00:00,overlap_wind_change=0.780m/s>=0.5
2026-02-13 11:00:00+00:00,2026-02-12 18:00:00+00:00,17.0,1.59,1.2,0.015755555555555557,0.08721554888571596,0.015755555555555557,baseline,turbine_1,2026-02-13 00:00:00+00:00,2026-02-12 00:00:00+00:00,overlap_wind_change=0.780m/s>=0.5
2026-02-13 12:00:00+00:00,2026-02-12 18:00:00+00:00,18.0,1.68,0.2,0.01595555555555556,0.07488536982400325,0.01595555555555556,baseline,turbine_1,2026-02-13 00:00:00+00:00,2026-02-12 00:00:00+00:00,overlap_wind_change=0.780m/s>=0.5
2026-02-13 13:00:00+00:00,2026-02-12 18:00:00+00:00,19.0,2.21,-0.4,0.02301111111111111,0.06292963077463902,0.02301111111111111,baseline,turbine_1,2026-02-13 00:00:00+00:00,2026-02-12 00:00:00+00:00,overlap_wind_change=0.780m/s>=0.5
2026-02-13 14:00:00+00:00,2026-02-12 18:00:00+00:00,20.0,3.21,-1.2,0.04165555555555556,0.09400753814520107,0.04165555555555556,baseline,turbine_1,2026-02-13 00:00:00+00:00,2026-02-12 00:00:00+00:00,overlap_wind_change=0.780m/s>=0.5
2026-02-13 15:00:00+00:00,2026-02-12 18:00:00+00:00,21.0,4.94,-1.0,0.18173333333333339,0.3334489352572075,0.18173333333333339,baseline,turbine_1,2026-02-13 00:00:00+00:00,2026-02-12 00:00:00+00:00,overlap_wind_change=0.780m/s>=0.5
2026-02-13 16:00:00+00:00,2026-02-12 18:00:00+00:00,22.0,7.0,-0.4,0.5301388888888888,0.7078576460155984,0.5301388888888888,baseline,turbine_1,2026-02-13 00:00:00+00:00,2026-02-12 00:00:00+00:00,overlap_wind_change=0.780m/s>=0.5
2026-02-13 17:00:00+00:00,2026-02-12 18:00:00+00:00,23.0,7.65,-0.7,0.6371666666666667,0.7675250686797499,0.6371666666666667,baseline,turbine_1,2026-02-13 00:00:00+00:00,2026-02-12 00:00:00+00:00,overlap_wind_change=0.780m/s>=0.5
2026-02-13 18:00:00+00:00,2026-02-12 18:00:00+00:00,24.0,7.38,-0.8,0.6040166666666666,0.7800270776138906,0.6040166666666666,baseline,turbine_1,2026-02-13 00:00:00+00:00,2026-02-12 00:00:00+00:00,overlap_wind_change=0.780m/s>=0.5
2026-02-13 19:00:00+00:00,2026-02-12 18:00:00+00:00,25.0,7.34,-1.2,0.5991055555555556,0.7738694962457309,0.5991055555555556,baseline,turbine_1,2026-02-13 00:00:00+00:00,2026-02-12 00:00:00+00:00,overlap_wind_change=0.780m/s>=0.5
2026-02-13 20:00:00+00:00,2026-02-12 18:00:00+00:00,26.0,7.54,-0.5,0.6236611111111111,0.7193347803494846,0.6236611111111111,baseline,turbine_1,2026-02-13 00:00:00+00:00,2026-02-12 00:00:00+00:00,overlap_wind_change=0.780m/s>=0.5
2026-02-13 21:00:00+00:00,2026-02-12 18:00:00+00:00,27.0,7.39,-0.4,0.6052444444444444,0.7098414578244351,0.6052444444444444,baseline,turbine_1,2026-02-13 00:00:00+00:00,2026-02-12 00:00:00+00:00,overlap_wind_change=0.780m/s>=0.5
2026-02-13 22:00:00+00:00,2026-02-12 18:00:00+00:00,28.0,7.48,-0.3,0.6162944444444445,0.6720100333636367,0.6162944444444445,baseline,turbine_1,2026-02-13 00:00:00+00:00,2026-02-12 00:00:00+00:00,overlap_wind_change=0.780m/s>=0.5
2026-02-13 23:00:00+00:00,2026-02-12 18:00:00+00:00,29.0,7.15,-0.4,0.564888888888889,0.6452492078196127,0.564888888888889,baseline,turbine_1,2026-02-13 00:00:00+00:00,2026-02-12 00:00:00+00:00,overlap_wind_change=0.780m/s>=0.5
2026-02-14 00:00:00+00:00,2026-02-12 18:00:00+00:00,30.0,6.42,-0.5,0.4058555555555555,0.6083944787710722,0.4058555555555555,baseline,turbine_1,2026-02-13 00:00:00+00:00,2026-02-12 00:00:00+00:00,overlap_wind_change=0.780m/s>=0.5
2026-02-13 01:00:00+00:00,2026-02-12 18:00:00+00:00,7.0,2.38,-1.6,0.02241111111111111,0.0,0.02241111111111111,baseline,turbine_2,2026-02-13 00:00:00+00:00,2026-02-12 00:00:00+00:00,overlap_wind_change=0.780m/s>=0.5
2026-02-13 02:00:00+00:00,2026-02-12 18:00:00+00:00,8.0,2.47,-1.6,0.023311111111111116,0.0,0.023311111111111116,baseline,turbine_2,2026-02-13 00:00:00+00:00,2026-02-12 00:00:00+00:00,overlap_wind_change=0.780m/s>=0.5
2026-02-13 03:00:00+00:00,2026-02-12 18:00:00+00:00,9.0,1.82,-1.2,0.01633333333333333,0.0,0.01633333333333333,baseline,turbine_2,2026-02-13 00:00:00+00:00,2026-02-12 00:00:00+00:00,overlap_wind_change=0.780m/s>=0.5
2026-02-13 04:00:00+00:00,2026-02-12 18:00:00+00:00,10.0,1.68,-0.7,0.01532222222222222,0.0,0.01532222222222222,baseline,turbine_2,2026-02-13 00:00:00+00:00,2026-02-12 00:00:00+00:00,overlap_wind_change=0.780m/s>=0.5
2026-02-13 05:00:00+00:00,2026-02-12 18:00:00+00:00,11.0,0.56,0.1,0.01,0.0,0.01,baseline,turbine_2,2026-02-13 00:00:00+00:00,2026-02-12 00:00:00+00:00,overlap_wind_change=0.780m/s>=0.5
2026-02-13 06:00:00+00:00,2026-02-12 18:00:00+00:00,12.0,0.75,0.9,0.01,0.0,0.01,baseline,turbine_2,2026-02-13 00:00:00+00:00,2026-02-12 00:00:00+00:00,overlap_wind_change=0.780m/s>=0.5
2026-02-13 07:00:00+00:00,2026-02-12 18:00:00+00:00,13.0,0.79,1.1,0.010311111111111111,0.004357371286804298,0.010311111111111111,baseline,turbine_2,2026-02-13 00:00:00+00:00,2026-02-12 00:00:00+00:00,overlap_wind_change=0.780m/s>=0.5
2026-02-13 08:00:00+00:00,2026-02-12 18:00:00+00:00,14.0,0.89,2.3,0.01108888888888889,0.06979075315159489,0.01108888888888889,baseline,turbine_2,2026-02-13 00:00:00+00:00,2026-02-12 00:00:00+00:00,overlap_wind_change=0.780m/s>=0.5
2026-02-13 09:00:00+00:00,2026-02-12 18:00:00+00:00,15.0,1.1,3.0,0.012722222222222222,0.0988068389632964,0.012722222222222222,baseline,turbine_2,2026-02-13 00:00:00+00:00,2026-02-12 00:00:00+00:00,overlap_wind_change=0.780m/s>=0.5
2026-02-13 10:00:00+00:00,2026-02-12 18:00:00+00:00,16.0,1.48,2.9,0.014655555555555554,0.12682171220080835,0.014655555555555554,baseline,turbine_2,2026-02-13 00:00:00+00:00,2026-02-12 00:00:00+00:00,overlap_wind_change=0.780m/s>=0.5
2026-02-13 11:00:00+00:00,2026-02-12 18:00:00+00:00,17.0,1.59,1.2,0.015022222222222222,0.12394051059107133,0.015022222222222222,baseline,turbine_2,2026-02-13 00:00:00+00:00,2026-02-12 00:00:00+00:00,overlap_wind_change=0.780m/s>=0.5
2026-02-13 12:00:00+00:00,2026-02-12 18:00:00+00:00,18.0,1.68,0.2,0.01532222222222222,0.10677583363064737,0.01532222222222222,baseline,turbine_2,2026-02-13 00:00:00+00:00,2026-02-12 00:00:00+00:00,overlap_wind_change=0.780m/s>=0.5
2026-02-13 13:00:00+00:00,2026-02-12 18:00:00+00:00,19.0,2.21,-0.4,0.020666666666666667,0.09282373390064479,0.020666666666666667,baseline,turbine_2,2026-02-13 00:00:00+00:00,2026-02-12 00:00:00+00:00,overlap_wind_change=0.780m/s>=0.5
2026-02-13 14:00:00+00:00,2026-02-12 18:00:00+00:00,20.0,3.21,-1.2,0.0348,0.13114263033136475,0.0348,baseline,turbine_2,2026-02-13 00:00:00+00:00,2026-02-12 00:00:00+00:00,overlap_wind_change=0.780m/s>=0.5
2026-02-13 15:00:00+00:00,2026-02-12 18:00:00+00:00,21.0,4.94,-1.0,0.1644166666666667,0.3486413096718797,0.1644166666666667,baseline,turbine_2,2026-02-13 00:00:00+00:00,2026-02-12 00:00:00+00:00,overlap_wind_change=0.780m/s>=0.5
2026-02-13 16:00:00+00:00,2026-02-12 18:00:00+00:00,22.0,7.0,-0.4,0.5266666666666666,0.73237564973654,0.5266666666666666,baseline,turbine_2,2026-02-13 00:00:00+00:00,2026-02-12 00:00:00+00:00,overlap_wind_change=0.780m/s>=0.5
2026-02-13 17:00:00+00:00,2026-02-12 18:00:00+00:00,23.0,7.65,-0.7,0.6391111111111111,0.7614321581141886,0.6391111111111111,baseline,turbine_2,2026-02-13 00:00:00+00:00,2026-02-12 00:00:00+00:00,overlap_wind_change=0.780m/s>=0.5
2026-02-13 18:00:00+00:00,2026-02-12 18:00:00+00:00,24.0,7.38,-0.8,0.606711111111111,0.7580609559131329,0.606711111111111,baseline,turbine_2,2026-02-13 00:00:00+00:00,2026-02-12 00:00:00+00:00,overlap_wind_change=0.780m/s>=0.5
2026-02-13 19:00:00+00:00,2026-02-12 18:00:00+00:00,25.0,7.34,-1.2,0.6019111111111111,0.7693772803544797,0.6019111111111111,baseline,turbine_2,2026-02-13 00:00:00+00:00,2026-02-12 00:00:00+00:00,overlap_wind_change=0.780m/s>=0.5
2026-02-13 20:00:00+00:00,2026-02-12 18:00:00+00:00,26.0,7.54,-0.5,0.6259111111111111,0.6391775585526126,0.6259111111111111,baseline,turbine_2,2026-02-13 00:00:00+00:00,2026-02-12 00:00:00+00:00,overlap_wind_change=0.780m/s>=0.5
2026-02-13 21:00:00+00:00,2026-02-12 18:00:00+00:00,27.0,7.39,-0.4,0.607911111111111,0.6367165450570839,0.607911111111111,baseline,turbine_2,2026-02-13 00:00:00+00:00,2026-02-12 00:00:00+00:00,overlap_wind_change=0.780m/s>=0.5
2026-02-13 22:00:00+00:00,2026-02-12 18:00:00+00:00,28.0,7.48,-0.3,0.6187111111111111,0.6398981329507645,0.6187111111111111,baseline,turbine_2,2026-02-13 00:00:00+00:00,2026-02-12 00:00:00+00:00,overlap_wind_change=0.780m/s>=0.5
2026-02-13 23:00:00+00:00,2026-02-12 18:00:00+00:00,29.0,7.15,-0.4,0.5653333333333334,0.6119489454736803,0.5653333333333334,baseline,turbine_2,2026-02-13 00:00:00+00:00,2026-02-12 00:00:00+00:00,overlap_wind_change=0.780m/s>=0.5
2026-02-14 00:00:00+00:00,2026-02-12 18:00:00+00:00,30.0,6.42,-0.5,0.40172222222222215,0.5855169672869198,0.40172222222222215,baseline,turbine_2,2026-02-13 00:00:00+00:00,2026-02-12 00:00:00+00:00,overlap_wind_change=0.780m/s>=0.5
2026-02-14 01:00:00+00:00,2026-02-13 18:00:00+00:00,7.0,6.13,-0.8,0.345,0.2609892693771826,0.345,baseline,turbine_1,2026-02-14 00:00:00+00:00,2026-02-13 00:00:00+00:00,overlap_wind_change=1.376m/s>=0.5
2026-02-14 02:00:00+00:00,2026-02-13 18:00:00+00:00,8.0,5.2,-1.4,0.20311111111111113,0.13356452386869122,0.20311111111111113,baseline,turbine_1,2026-02-14 00:00:00+00:00,2026-02-13 00:00:00+00:00,overlap_wind_change=1.376m/s>=0.5
2026-02-14 03:00:00+00:00,2026-02-13 18:00:00+00:00,9.0,4.35,-0.7,0.12988888888888886,0.05818430568865052,0.12988888888888886,baseline,turbine_1,2026-02-14 00:00:00+00:00,2026-02-13 00:00:00+00:00,overlap_wind_change=1.376m/s>=0.5
2026-02-14 04:00:00+00:00,2026-02-13 18:00:00+00:00,10.0,2.96,0.7,0.03637777777777778,0.0,0.03637777777777778,baseline,turbine_1,2026-02-14 00:00:00+00:00,2026-02-13 00:00:00+00:00,overlap_wind_change=1.376m/s>=0.5
2026-02-14 05:00:00+00:00,2026-02-13 18:00:00+00:00,11.0,0.74,1.2,0.01,0.0,0.01,baseline,turbine_1,2026-02-14 00:00:00+00:00,2026-02-13 00:00:00+00:00,overlap_wind_change=1.376m/s>=0.5
2026-02-14 06:00:00+00:00,2026-02-13 18:00:00+00:00,12.0,1.93,1.9,0.018811111111111112,0.0,0.018811111111111112,baseline,turbine_1,2026-02-14 00:00:00+00:00,2026-02-13 00:00:00+00:00,overlap_wind_change=1.376m/s>=0.5
2026-02-14 07:00:00+00:00,2026-02-13 18:00:00+00:00,13.0,3.54,2.8,0.0626388888888889,0.007620604857019605,0.0626388888888889,baseline,turbine_1,2026-02-14 00:00:00+00:00,2026-02-13 00:00:00+00:00,overlap_wind_change=1.376m/s>=0.5
2026-02-14 08:00:00+00:00,2026-02-13 18:00:00+00:00,14.0,3.13,2.3,0.03996666666666667,0.0762425807711969,0.03996666666666667,baseline,turbine_1,2026-02-14 00:00:00+00:00,2026-02-13 00:00:00+00:00,overlap_wind_change=1.376m/s>=0.5
2026-02-14 09:00:00+00:00,2026-02-13 18:00:00+00:00,15.0,1.93,3.4,0.018811111111111112,0.1107249286524327,0.018811111111111112,baseline,turbine_1,2026-02-14 00:00:00+00:00,2026-02-13 00:00:00+00:00,overlap_wind_change=1.376m/s>=0.5
2026-02-14 10:00:00+00:00,2026-02-13 18:00:00+00:00,16.0,1.24,3.0,0.0149,0.08118661625808489,0.0149,baseline,turbine_1,2026-02-14 00:00:00+00:00,2026-02-13 00:00:00+00:00,overlap_wind_change=1.376m/s>=0.5
2026-02-14 11:00:00+00:00,2026-02-13 18:00:00+00:00,17.0,1.01,2.4,0.0126,0.05101234490194689,0.0126,baseline,turbine_1,2026-02-14 00:00:00+00:00,2026-02-13 00:00:00+00:00,overlap_wind_change=1.376m/s>=0.5
2026-02-14 12:00:00+00:00,2026-02-13 18:00:00+00:00,18.0,1.32,-0.3,0.015155555555555556,0.043463464566021216,0.015155555555555556,baseline,turbine_1,2026-02-14 00:00:00+00:00,2026-02-13 00:00:00+00:00,overlap_wind_change=1.376m/s>=0.5
2026-02-14 13:00:00+00:00,2026-02-13 18:00:00+00:00,19.0,0.9,-0.6,0.0115,0.01791421048550768,0.0115,baseline,turbine_1,2026-02-14 00:00:00+00:00,2026-02-13 00:00:00+00:00,overlap_wind_change=1.376m/s>=0.5
2026-02-14 14:00:00+00:00,2026-02-13 18:00:00+00:00,20.0,1.26,-2.3,0.015022222222222222,0.042095329355946356,0.015022222222222222,baseline,turbine_1,2026-02-14 00:00:00+00:00,2026-02-13 00:00:00+00:00,overlap_wind_change=1.376m/s>=0.5
2026-02-14 15:00:00+00:00,2026-02-13 18:00:00+00:00,21.0,4.37,-0.9,0.1317,0.20311454791891034,0.1317,baseline,turbine_1,2026-02-14 00:00:00+00:00,2026-02-13 00:00:00+00:00,overlap_wind_change=1.376m/s>=0.5
2026-02-14 16:00:00+00:00,2026-02-13 18:00:00+00:00,22.0,2.66,-0.9,0.03044444444444445,0.09979173191081911,0.03044444444444445,baseline,turbine_1,2026-02-14 00:00:00+00:00,2026-02-13 00:00:00+00:00,overlap_wind_change=1.376m/s>=0.5
2026-02-14 17:00:00+00:00,2026-02-13 18:00:00+00:00,23.0,2.09,-1.3,0.02121111111111111,0.09288757945102342,0.02121111111111111,baseline,turbine_1,2026-02-14 00:00:00+00:00,2026-02-13 00:00:00+00:00,overlap_wind_change=1.376m/s>=0.5
2026-02-14 18:00:00+00:00,2026-02-13 18:00:00+00:00,24.0,0.43,-1.0,0.01,0.043674757535667144,0.01,baseline,turbine_1,2026-02-14 00:00:00+00:00,2026-02-13 00:00:00+00:00,overlap_wind_change=1.376m/s>=0.5
2026-02-14 19:00:00+00:00,2026-02-13 18:00:00+00:00,25.0,0.6,-0.6,0.01,0.043752847656827895,0.01,baseline,turbine_1,2026-02-14 00:00:00+00:00,2026-02-13 00:00:00+00:00,overlap_wind_change=1.376m/s>=0.5
2026-02-14 20:00:00+00:00,2026-02-13 18:00:00+00:00,26.0,1.16,-0.1,0.014099999999999998,0.06740978367644997,0.014099999999999998,baseline,turbine_1,2026-02-14 00:00:00+00:00,2026-02-13 00:00:00+00:00,overlap_wind_change=1.376m/s>=0.5
2026-02-14 21:00:00+00:00,2026-02-13 18:00:00+00:00,27.0,1.32,-1.4,0.015155555555555556,0.06898588358024287,0.015155555555555556,baseline,turbine_1,2026-02-14 00:00:00+00:00,2026-02-13 00:00:00+00:00,overlap_wind_change=1.376m/s>=0.5
2026-02-14 22:00:00+00:00,2026-02-13 18:00:00+00:00,28.0,2.22,-2.2,0.023161111111111115,0.07932743450303763,0.023161111111111115,baseline,turbine_1,2026-02-14 00:00:00+00:00,2026-02-13 00:00:00+00:00,overlap_wind_change=1.376m/s>=0.5
2026-02-14 23:00:00+00:00,2026-02-13 18:00:00+00:00,29.0,3.65,-3.2,0.07027777777777777,0.14479552121023778,0.07027777777777777,baseline,turbine_1,2026-02-14 00:00:00+00:00,2026-02-13 00:00:00+00:00,overlap_wind_change=1.376m/s>=0.5
2026-02-15 00:00:00+00:00,2026-02-13 18:00:00+00:00,30.0,4.54,-2.6,0.14709444444444444,0.2000133494643451,0.14709444444444444,baseline,turbine_1,2026-02-14 00:00:00+00:00,2026-02-13 00:00:00+00:00,overlap_wind_change=1.376m/s>=0.5
2026-02-14 01:00:00+00:00,2026-02-13 18:00:00+00:00,7.0,6.13,-0.8,0.3438222222222222,0.26572901154561474,0.3438222222222222,baseline,turbine_2,2026-02-14 00:00:00+00:00,2026-02-13 00:00:00+00:00,overlap_wind_change=1.376m/s>=0.5
2026-02-14 02:00:00+00:00,2026-02-13 18:00:00+00:00,8.0,5.2,-1.4,0.18680555555555556,0.14686718986957284,0.18680555555555556,baseline,turbine_2,2026-02-14 00:00:00+00:00,2026-02-13 00:00:00+00:00,overlap_wind_change=1.376m/s>=0.5
2026-02-14 03:00:00+00:00,2026-02-13 18:00:00+00:00,9.0,4.35,-0.7,0.11449999999999998,0.05762799821128375,0.11449999999999998,baseline,turbine_2,2026-02-14 00:00:00+00:00,2026-02-13 00:00:00+00:00,overlap_wind_change=1.376m/s>=0.5
2026-02-14 04:00:00+00:00,2026-02-13 18:00:00+00:00,10.0,2.96,0.7,0.03007777777777778,0.0,0.03007777777777778,baseline,turbine_2,2026-02-14 00:00:00+00:00,2026-02-13 00:00:00+00:00,overlap_wind_change=1.376m/s>=0.5
2026-02-14 05:00:00+00:00,2026-02-13 18:00:00+00:00,11.0,0.74,1.2,0.01,0.0,0.01,baseline,turbine_2,2026-02-14 00:00:00+00:00,2026-02-13 00:00:00+00:00,overlap_wind_change=1.376m/s>=0.5
2026-02-14 06:00:00+00:00,2026-02-13 18:00:00+00:00,12.0,1.93,1.9,0.017555555555555553,0.0045011605813332165,0.017555555555555553,baseline,turbine_2,2026-02-14 00:00:00+00:00,2026-02-13 00:00:00+00:00,overlap_wind_change=1.376m/s>=0.5
2026-02-14 07:00:00+00:00,2026-02-13 18:00:00+00:00,13.0,3.54,2.8,0.05505,0.04852180105679874,0.05505,baseline,turbine_2,2026-02-14 00:00:00+00:00,2026-02-13 00:00:00+00:00,overlap_wind_change=1.376m/s>=0.5
2026-02-14 08:00:00+00:00,2026-02-13 18:00:00+00:00,14.0,3.13,2.3,0.03328888888888889,0.09938588538662416,0.03328888888888889,baseline,turbine_2,2026-02-14 00:00:00+00:00,2026-02-13 00:00:00+00:00,overlap_wind_change=1.376m/s>=0.5
2026-02-14 09:00:00+00:00,2026-02-13 18:00:00+00:00,15.0,1.93,3.4,0.017555555555555553,0.13236531049767916,0.017555555555555553,baseline,turbine_2,2026-02-14 00:00:00+00:00,2026-02-13 00:00:00+00:00,overlap_wind_change=1.376m/s>=0.5
2026-02-14 10:00:00+00:00,2026-02-13 18:00:00+00:00,16.0,1.24,3.0,0.01381111111111111,0.10676776057943713,0.01381111111111111,baseline,turbine_2,2026-02-14 00:00:00+00:00,2026-02-13 00:00:00+00:00,overlap_wind_change=1.376m/s>=0.5
2026-02-14 11:00:00+00:00,2026-02-13 18:00:00+00:00,17.0,1.01,2.4,0.012022222222222222,0.09569372081647287,0.012022222222222222,baseline,turbine_2,2026-02-14 00:00:00+00:00,2026-02-13 00:00:00+00:00,overlap_wind_change=1.376m/s>=0.5
2026-02-14 12:00:00+00:00,2026-02-13 18:00:00+00:00,18.0,1.32,-0.3,0.014122222222222222,0.07490800550223037,0.014122222222222222,baseline,turbine_2,2026-02-14 00:00:00+00:00,2026-02-13 00:00:00+00:00,overlap_wind_change=1.376m/s>=0.5
2026-02-14 13:00:00+00:00,2026-02-13 18:00:00+00:00,19.0,0.9,-0.6,0.011166666666666667,0.06178983558941312,0.011166666666666667,baseline,turbine_2,2026-02-14 00:00:00+00:00,2026-02-13 00:00:00+00:00,overlap_wind_change=1.376m/s>=0.5
2026-02-14 14:00:00+00:00,2026-02-13 18:00:00+00:00,20.0,1.26,-2.3,0.013922222222222221,0.07644516088118135,0.013922222222222221,baseline,turbine_2,2026-02-14 00:00:00+00:00,2026-02-13 00:00:00+00:00,overlap_wind_change=1.376m/s>=0.5
2026-02-14 15:00:00+00:00,2026-02-13 18:00:00+00:00,21.0,4.37,-0.9,0.1161777777777778,0.22470941280856346,0.1161777777777778,baseline,turbine_2,2026-02-14 00:00:00+00:00,2026-02-13 00:00:00+00:00,overlap_wind_change=1.376m/s>=0.5
2026-02-14 16:00:00+00:00,2026-02-13 18:00:00+00:00,22.0,2.66,-0.9,0.025211111111111115,0.10998376286662759,0.025211111111111115,baseline,turbine_2,2026-02-14 00:00:00+00:00,2026-02-13 00:00:00+00:00,overlap_wind_change=1.376m/s>=0.5
2026-02-14 17:00:00+00:00,2026-02-13 18:00:00+00:00,23.0,2.09,-1.3,0.01933333333333333,0.10093208573713199,0.01933333333333333,baseline,turbine_2,2026-02-14 00:00:00+00:00,2026-02-13 00:00:00+00:00,overlap_wind_change=1.376m/s>=0.5
2026-02-14 18:00:00+00:00,2026-02-13 18:00:00+00:00,24.0,0.43,-1.0,0.01,0.06543987330798545,0.01,baseline,turbine_2,2026-02-14 00:00:00+00:00,2026-02-13 00:00:00+00:00,overlap_wind_change=1.376m/s>=0.5
2026-02-14 19:00:00+00:00,2026-02-13 18:00:00+00:00,25.0,0.6,-0.6,0.01,0.06433377085799473,0.01,baseline,turbine_2,2026-02-14 00:00:00+00:00,2026-02-13 00:00:00+00:00,overlap_wind_change=1.376m/s>=0.5
2026-02-14 20:00:00+00:00,2026-02-13 18:00:00+00:00,26.0,1.16,-0.1,0.013188888888888887,0.07935287611212044,0.013188888888888887,baseline,turbine_2,2026-02-14 00:00:00+00:00,2026-02-13 00:00:00+00:00,overlap_wind_change=1.376m/s>=0.5
2026-02-14 21:00:00+00:00,2026-02-13 18:00:00+00:00,27.0,1.32,-1.4,0.014122222222222222,0.08849041861962349,0.014122222222222222,baseline,turbine_2,2026-02-14 00:00:00+00:00,2026-02-13 00:00:00+00:00,overlap_wind_change=1.376m/s>=0.5
2026-02-14 22:00:00+00:00,2026-02-13 18:00:00+00:00,28.0,2.22,-2.2,0.02077777777777778,0.10678105124953777,0.02077777777777778,baseline,turbine_2,2026-02-14 00:00:00+00:00,2026-02-13 00:00:00+00:00,overlap_wind_change=1.376m/s>=0.5
2026-02-14 23:00:00+00:00,2026-02-13 18:00:00+00:00,29.0,3.65,-3.2,0.06244444444444444,0.1638931308118361,0.06244444444444444,baseline,turbine_2,2026-02-14 00:00:00+00:00,2026-02-13 00:00:00+00:00,overlap_wind_change=1.376m/s>=0.5
2026-02-15 00:00:00+00:00,2026-02-13 18:00:00+00:00,30.0,4.54,-2.6,0.1304388888888889,0.18552494344519782,0.1304388888888889,baseline,turbine_2,2026-02-14 00:00:00+00:00,2026-02-13 00:00:00+00:00,overlap_wind_change=1.376m/s>=0.5
2026-02-15 01:00:00+00:00,2026-02-14 18:00:00+00:00,7.0,5.27,-2.1,0.20935555555555552,0.13208078524660594,0.20935555555555552,baseline,turbine_1,2026-02-15 00:00:00+00:00,2026-02-14 00:00:00+00:00,overlap_wind_change=0.547m/s>=0.5
2026-02-15 02:00:00+00:00,2026-02-14 18:00:00+00:00,8.0,6.24,-1.9,0.36944444444444446,0.3143913877446564,0.36944444444444446,baseline,turbine_1,2026-02-15 00:00:00+00:00,2026-02-14 00:00:00+00:00,overlap_wind_change=0.547m/s>=0.5
2026-02-15 03:00:00+00:00,2026-02-14 18:00:00+00:00,9.0,6.33,-0.6,0.3877555555555555,0.41036043645176745,0.3877555555555555,baseline,turbine_1,2026-02-15 00:00:00+00:00,2026-02-14 00:00:00+00:00,overlap_wind_change=0.547m/s>=0.5
2026-02-15 04:00:00+00:00,2026-02-14 18:00:00+00:00,10.0,7.25,1.8,0.5880555555555556,0.394055649838492,0.5880555555555556,baseline,turbine_1,2026-02-15 00:00:00+00:00,2026-02-14 00:00:00+00:00,overlap_wind_change=0.547m/s>=0.5
2026-02-15 05:00:00+00:00,2026-02-14 18:00:00+00:00,11.0,8.9,4.0,0.8879722222222223,0.7462314409970766,0.8879722222222223,baseline,turbine_1,2026-02-15 00:00:00+00:00,2026-02-14 00:00:00+00:00,overlap_wind_change=0.547m/s>=0.5
2026-02-15 06:00:00+00:00,2026-02-14 18:00:00+00:00,12.0,9.25,5.9,0.9538888888888889,0.792702743940675,0.9538888888888889,baseline,turbine_1,2026-02-15 00:00:00+00:00,2026-02-14 00:00:00+00:00,overlap_wind_change=0.547m/s>=0.5
2026-02-15 07:00:00+00:00,2026-02-14 18:00:00+00:00,13.0,9.41,7.3,0.9625111111111111,0.7999858332406371,0.9625111111111111,baseline,turbine_1,2026-02-15 00:00:00+00:00,2026-02-14 00:00:00+00:00,overlap_wind_change=0.547m/s>=0.5
2026-02-15 08:00:00+00:00,2026-02-14 18:00:00+00:00,14.0,9.26,8.0,0.9544277777777778,0.8246437179328632,0.9544277777777778,baseline,turbine_1,2026-02-15 00:00:00+00:00,2026-02-14 00:00:00+00:00,overlap_wind_change=0.547m/s>=0.5
2026-02-15 09:00:00+00:00,2026-02-14 18:00:00+00:00,15.0,8.71,8.4,0.8521666666666667,0.7478759218702543,0.8521666666666667,baseline,turbine_1,2026-02-15 00:00:00+00:00,2026-02-14 00:00:00+00:00,overlap_wind_change=0.547m/s>=0.5
2026-02-15 10:00:00+00:00,2026-02-14 18:00:00+00:00,16.0,8.1,8.2,0.7305277777777777,0.6079704355743487,0.7305277777777777,baseline,turbine_1,2026-02-15 00:00:00+00:00,2026-02-14 00:00:00+00:00,overlap_wind_change=0.547m/s>=0.5
2026-02-15 11:00:00+00:00,2026-02-14 18:00:00+00:00,17.0,8.27,7.0,0.7690555555555555,0.5398150236485049,0.7690555555555555,baseline,turbine_1,2026-02-15 00:00:00+00:00,2026-02-14 00:00:00+00:00,overlap_wind_change=0.547m/s>=0.5
2026-02-15 12:00:00+00:00,2026-02-14 18:00:00+00:00,18.0,8.45,4.4,0.8030555555555554,0.609114777399786,0.8030555555555554,baseline,turbine_1,2026-02-15 00:00:00+00:00,2026-02-14 00:00:00+00:00,overlap_wind_change=0.547m/s>=0.5
2026-02-15 13:00:00+00:00,2026-02-14 18:00:00+00:00,19.0,7.92,2.5,0.6888277777777777,0.6085600761217876,0.6888277777777777,baseline,turbine_1,2026-02-15 00:00:00+00:00,2026-02-14 00:00:00+00:00,overlap_wind_change=0.547m/s>=0.5
2026-02-15 14:00:00+00:00,2026-02-14 18:00:00+00:00,20.0,7.71,1.6,0.6445333333333333,0.66884116750472,0.6445333333333333,baseline,turbine_1,2026-02-15 00:00:00+00:00,2026-02-14 00:00:00+00:00,overlap_wind_change=0.547m/s>=0.5
2026-02-15 15:00:00+00:00,2026-02-14 18:00:00+00:00,21.0,7.55,1.2,0.6248888888888888,0.6798933272461576,0.6248888888888888,baseline,turbine_1,2026-02-15 00:00:00+00:00,2026-02-14 00:00:00+00:00,overlap_wind_change=0.547m/s>=0.5
2026-02-15 16:00:00+00:00,2026-02-14 18:00:00+00:00,22.0,6.83,1.4,0.4907555555555555,0.6792882929054805,0.4907555555555555,baseline,turbine_1,2026-02-15 00:00:00+00:00,2026-02-14 00:00:00+00:00,overlap_wind_change=0.547m/s>=0.5
2026-02-15 17:00:00+00:00,2026-02-14 18:00:00+00:00,23.0,6.0,1.9,0.3161111111111111,0.4743286294278922,0.3161111111111111,baseline,turbine_1,2026-02-15 00:00:00+00:00,2026-02-14 00:00:00+00:00,overlap_wind_change=0.547m/s>=0.5
2026-02-15 18:00:00+00:00,2026-02-14 18:00:00+00:00,24.0,5.67,2.0,0.25202222222222226,0.32134719822732943,0.25202222222222226,baseline,turbine_1,2026-02-15 00:00:00+00:00,2026-02-14 00:00:00+00:00,overlap_wind_change=0.547m/s>=0.5
2026-02-15 19:00:00+00:00,2026-02-14 18:00:00+00:00,25.0,5.26,2.2,0.20828888888888886,0.27268669983447286,0.20828888888888886,baseline,turbine_1,2026-02-15 00:00:00+00:00,2026-02-14 00:00:00+00:00,overlap_wind_change=0.547m/s>=0.5
2026-02-15 20:00:00+00:00,2026-02-14 18:00:00+00:00,26.0,5.96,1.9,0.30722222222222223,0.4226247861490057,0.30722222222222223,baseline,turbine_1,2026-02-15 00:00:00+00:00,2026-02-14 00:00:00+00:00,overlap_wind_change=0.547m/s>=0.5
2026-02-15 21:00:00+00:00,2026-02-14 18:00:00+00:00,27.0,6.18,1.9,0.35611111111111104,0.4261637886546797,0.35611111111111104,baseline,turbine_1,2026-02-15 00:00:00+00:00,2026-02-14 00:00:00+00:00,overlap_wind_change=0.547m/s>=0.5
2026-02-15 22:00:00+00:00,2026-02-14 18:00:00+00:00,28.0,6.43,1.7,0.40786666666666654,0.5908921527743208,0.40786666666666654,baseline,turbine_1,2026-02-15 00:00:00+00:00,2026-02-14 00:00:00+00:00,overlap_wind_change=0.547m/s>=0.5
2026-02-15 23:00:00+00:00,2026-02-14 18:00:00+00:00,29.0,6.61,1.5,0.44406666666666667,0.5852481975379337,0.44406666666666667,baseline,turbine_1,2026-02-15 00:00:00+00:00,2026-02-14 00:00:00+00:00,overlap_wind_change=0.547m/s>=0.5
2026-02-16 00:00:00+00:00,2026-02-14 18:00:00+00:00,30.0,6.34,1.1,0.3897666666666666,0.5549713905921894,0.3897666666666666,baseline,turbine_1,2026-02-15 00:00:00+00:00,2026-02-14 00:00:00+00:00,overlap_wind_change=0.547m/s>=0.5
2026-02-15 01:00:00+00:00,2026-02-14 18:00:00+00:00,7.0,5.27,-2.1,0.19383333333333325,0.1535448713516828,0.19383333333333325,baseline,turbine_2,2026-02-15 00:00:00+00:00,2026-02-14 00:00:00+00:00,overlap_wind_change=0.547m/s>=0.5
2026-02-15 02:00:00+00:00,2026-02-14 18:00:00+00:00,8.0,6.24,-1.9,0.3683277777777778,0.292443858187869,0.3683277777777778,baseline,turbine_2,2026-02-15 00:00:00+00:00,2026-02-14 00:00:00+00:00,overlap_wind_change=0.547m/s>=0.5
2026-02-15 03:00:00+00:00,2026-02-14 18:00:00+00:00,9.0,6.33,-0.6,0.3852222222222222,0.3577814838868424,0.3852222222222222,baseline,turbine_2,2026-02-15 00:00:00+00:00,2026-02-14 00:00:00+00:00,overlap_wind_change=0.547m/s>=0.5
2026-02-15 04:00:00+00:00,2026-02-14 18:00:00+00:00,10.0,7.25,1.8,0.591111111111111,0.3770445091915734,0.591111111111111,baseline,turbine_2,2026-02-15 00:00:00+00:00,2026-02-14 00:00:00+00:00,overlap_wind_change=0.547m/s>=0.5
2026-02-15 05:00:00+00:00,2026-02-14 18:00:00+00:00,11.0,8.9,4.0,0.8780277777777777,0.6729253841359901,0.8780277777777777,baseline,turbine_2,2026-02-15 00:00:00+00:00,2026-02-14 00:00:00+00:00,overlap_wind_change=0.547m/s>=0.5
2026-02-15 06:00:00+00:00,2026-02-14 18:00:00+00:00,12.0,9.25,5.9,0.9447222222222221,0.8827327880583636,0.9447222222222221,baseline,turbine_2,2026-02-15 00:00:00+00:00,2026-02-14 00:00:00+00:00,overlap_wind_change=0.547m/s>=0.5
2026-02-15 07:00:00+00:00,2026-02-14 18:00:00+00:00,13.0,9.41,7.3,0.9523666666666666,0.9291873116906714,0.9523666666666666,baseline,turbine_2,2026-02-15 00:00:00+00:00,2026-02-14 00:00:00+00:00,overlap_wind_change=0.547m/s>=0.5
2026-02-15 08:00:00+00:00,2026-02-14 18:00:00+00:00,14.0,9.26,8.0,0.9451999999999999,0.9376009322815274,0.9451999999999999,baseline,turbine_2,2026-02-15 00:00:00+00:00,2026-02-14 00:00:00+00:00,overlap_wind_change=0.547m/s>=0.5
2026-02-15 09:00:00+00:00,2026-02-14 18:00:00+00:00,15.0,8.71,8.4,0.8434444444444444,0.8241029549622221,0.8434444444444444,baseline,turbine_2,2026-02-15 00:00:00+00:00,2026-02-14 00:00:00+00:00,overlap_wind_change=0.547m/s>=0.5
2026-02-15 10:00:00+00:00,2026-02-14 18:00:00+00:00,16.0,8.1,8.2,0.7374444444444442,0.6379310659913642,0.7374444444444442,baseline,turbine_2,2026-02-15 00:00:00+00:00,2026-02-14 00:00:00+00:00,overlap_wind_change=0.547m/s>=0.5
2026-02-15 11:00:00+00:00,2026-02-14 18:00:00+00:00,17.0,8.27,7.0,0.7774444444444442,0.627095743008226,0.7774444444444442,baseline,turbine_2,2026-02-15 00:00:00+00:00,2026-02-14 00:00:00+00:00,overlap_wind_change=0.547m/s>=0.5
2026-02-15 12:00:00+00:00,2026-02-14 18:00:00+00:00,18.0,8.45,4.4,0.8044444444444442,0.5715859121782285,0.8044444444444442,baseline,turbine_2,2026-02-15 00:00:00+00:00,2026-02-14 00:00:00+00:00,overlap_wind_change=0.547m/s>=0.5
2026-02-15 13:00:00+00:00,2026-02-14 18:00:00+00:00,19.0,7.92,2.5,0.6930444444444444,0.7075522984466821,0.6930444444444444,baseline,turbine_2,2026-02-15 00:00:00+00:00,2026-02-14 00:00:00+00:00,overlap_wind_change=0.547m/s>=0.5
2026-02-15 14:00:00+00:00,2026-02-14 18:00:00+00:00,20.0,7.71,1.6,0.6463111111111111,0.7842566014903304,0.6463111111111111,baseline,turbine_2,2026-02-15 00:00:00+00:00,2026-02-14 00:00:00+00:00,overlap_wind_change=0.547m/s>=0.5
2026-02-15 15:00:00+00:00,2026-02-14 18:00:00+00:00,21.0,7.55,1.2,0.6271111111111111,0.7717100049760954,0.6271111111111111,baseline,turbine_2,2026-02-15 00:00:00+00:00,2026-02-14 00:00:00+00:00,overlap_wind_change=0.547m/s>=0.5
2026-02-15 16:00:00+00:00,2026-02-14 18:00:00+00:00,22.0,6.83,1.4,0.4828444444444444,0.7552680565643035,0.4828444444444444,baseline,turbine_2,2026-02-15 00:00:00+00:00,2026-02-14 00:00:00+00:00,overlap_wind_change=0.547m/s>=0.5
2026-02-15 17:00:00+00:00,2026-02-14 18:00:00+00:00,23.0,6.0,1.9,0.31486111111111115,0.47179801399106475,0.31486111111111115,baseline,turbine_2,2026-02-15 00:00:00+00:00,2026-02-14 00:00:00+00:00,overlap_wind_change=0.547m/s>=0.5
2026-02-15 18:00:00+00:00,2026-02-14 18:00:00+00:00,24.0,5.67,2.0,0.2482777777777778,0.3665805573628373,0.2482777777777778,baseline,turbine_2,2026-02-15 00:00:00+00:00,2026-02-14 00:00:00+00:00,overlap_wind_change=0.547m/s>=0.5
2026-02-15 19:00:00+00:00,2026-02-14 18:00:00+00:00,25.0,5.26,2.2,0.19247222222222218,0.30675488451958316,0.19247222222222218,baseline,turbine_2,2026-02-15 00:00:00+00:00,2026-02-14 00:00:00+00:00,overlap_wind_change=0.547m/s>=0.5
2026-02-15 20:00:00+00:00,2026-02-14 18:00:00+00:00,26.0,5.96,1.9,0.30595,0.4433046352577552,0.30595,baseline,turbine_2,2026-02-15 00:00:00+00:00,2026-02-14 00:00:00+00:00,overlap_wind_change=0.547m/s>=0.5
2026-02-15 21:00:00+00:00,2026-02-14 18:00:00+00:00,27.0,6.18,1.9,0.354961111111111,0.42227525287045004,0.354961111111111,baseline,turbine_2,2026-02-15 00:00:00+00:00,2026-02-14 00:00:00+00:00,overlap_wind_change=0.547m/s>=0.5
2026-02-15 22:00:00+00:00,2026-02-14 18:00:00+00:00,28.0,6.43,1.7,0.40355555555555545,0.606414788770398,0.40355555555555545,baseline,turbine_2,2026-02-15 00:00:00+00:00,2026-02-14 00:00:00+00:00,overlap_wind_change=0.547m/s>=0.5
2026-02-15 23:00:00+00:00,2026-02-14 18:00:00+00:00,29.0,6.61,1.5,0.43655555555555553,0.606414788770398,0.43655555555555553,baseline,turbine_2,2026-02-15 00:00:00+00:00,2026-02-14 00:00:00+00:00,overlap_wind_change=0.547m/s>=0.5
2026-02-16 00:00:00+00:00,2026-02-14 18:00:00+00:00,30.0,6.34,1.1,0.3870555555555555,0.5819864869439267,0.3870555555555555,baseline,turbine_2,2026-02-15 00:00:00+00:00,2026-02-14 00:00:00+00:00,overlap_wind_change=0.547m/s>=0.5
2026-02-16 01:00:00+00:00,2026-02-15 18:00:00+00:00,7.0,6.34,0.5,0.3897666666666666,0.3635549069056983,0.3897666666666666,baseline,turbine_1,2026-02-16 00:00:00+00:00,2026-02-15 00:00:00+00:00,overlap_wind_change=1.112m/s>=0.5
2026-02-16 02:00:00+00:00,2026-02-15 18:00:00+00:00,8.0,6.79,0.6,0.48148888888888886,0.3801113692098568,0.48148888888888886,baseline,turbine_1,2026-02-16 00:00:00+00:00,2026-02-15 00:00:00+00:00,overlap_wind_change=1.112m/s>=0.5
2026-02-16 03:00:00+00:00,2026-02-15 18:00:00+00:00,9.0,6.1,1.9,0.33833333333333326,0.3068962321821839,0.33833333333333326,baseline,turbine_1,2026-02-16 00:00:00+00:00,2026-02-15 00:00:00+00:00,overlap_wind_change=1.112m/s>=0.5
2026-02-16 04:00:00+00:00,2026-02-15 18:00:00+00:00,10.0,7.1,3.7,0.5533055555555555,0.33649396563004424,0.5533055555555555,baseline,turbine_1,2026-02-16 00:00:00+00:00,2026-02-15 00:00:00+00:00,overlap_wind_change=1.112m/s>=0.5
2026-02-16 05:00:00+00:00,2026-02-15 18:00:00+00:00,11.0,6.9,5.7,0.5069722222222223,0.40631523581941964,0.5069722222222223,baseline,turbine_1,2026-02-16 00:00:00+00:00,2026-02-15 00:00:00+00:00,overlap_wind_change=1.112m/s>=0.5
2026-02-16 06:00:00+00:00,2026-02-15 18:00:00+00:00,12.0,6.74,6.5,0.4702111111111111,0.416246598160404,0.4702111111111111,baseline,turbine_1,2026-02-16 00:00:00+00:00,2026-02-15 00:00:00+00:00,overlap_wind_change=1.112m/s>=0.5
2026-02-16 07:00:00+00:00,2026-02-15 18:00:00+00:00,13.0,6.04,7.8,0.325,0.3064068206610426,0.325,baseline,turbine_1,2026-02-16 00:00:00+00:00,2026-02-15 00:00:00+00:00,overlap_wind_change=1.112m/s>=0.5
2026-02-16 08:00:00+00:00,2026-02-15 18:00:00+00:00,14.0,5.82,8.2,0.2761111111111112,0.3760625984728766,0.2761111111111112,baseline,turbine_1,2026-02-16 00:00:00+00:00,2026-02-15 00:00:00+00:00,overlap_wind_change=1.112m/s>=0.5
2026-02-16 09:00:00+00:00,2026-02-15 18:00:00+00:00,15.0,5.01,8.6,0.18748888888888887,0.2828976630271068,0.18748888888888887,baseline,turbine_1,2026-02-16 00:00:00+00:00,2026-02-15 00:00:00+00:00,overlap_wind_change=1.112m/s>=0.5
2026-02-16 10:00:00+00:00,2026-02-15 18:00:00+00:00,16.0,4.48,8.0,0.14166111111111115,0.22255627735097835,0.14166111111111115,baseline,turbine_1,2026-02-16 00:00:00+00:00,2026-02-15 00:00:00+00:00,overlap_wind_change=1.112m/s>=0.5
2026-02-16 11:00:00+00:00,2026-02-15 18:00:00+00:00,17.0,5.38,7.1,0.2210888888888889,0.29497455196386374,0.2210888888888889,baseline,turbine_1,2026-02-16 00:00:00+00:00,2026-02-15 00:00:00+00:00,overlap_wind_change=1.112m/s>=0.5
2026-02-16 12:00:00+00:00,2026-02-15 18:00:00+00:00,18.0,5.1,5.6,0.19488888888888886,0.30502461347532533,0.19488888888888886,baseline,turbine_1,2026-02-16 00:00:00+00:00,2026-02-15 00:00:00+00:00,overlap_wind_change=1.112m/s>=0.5
2026-02-16 13:00:00+00:00,2026-02-15 18:00:00+00:00,19.0,5.82,4.5,0.2761111111111112,0.3604627573594961,0.2761111111111112,baseline,turbine_1,2026-02-16 00:00:00+00:00,2026-02-15 00:00:00+00:00,overlap_wind_change=1.112m/s>=0.5
2026-02-16 14:00:00+00:00,2026-02-15 18:00:00+00:00,20.0,5.96,3.9,0.30722222222222223,0.43646853319190604,0.30722222222222223,baseline,turbine_1,2026-02-16 00:00:00+00:00,2026-02-15 00:00:00+00:00,overlap_wind_change=1.112m/s>=0.5
2026-02-16 15:00:00+00:00,2026-02-15 18:00:00+00:00,21.0,6.04,4.1,0.325,0.44822728144379376,0.325,baseline,turbine_1,2026-02-16 00:00:00+00:00,2026-02-15 00:00:00+00:00,overlap_wind_change=1.112m/s>=0.5
2026-02-16 16:00:00+00:00,2026-02-15 18:00:00+00:00,22.0,6.24,4.1,0.36944444444444446,0.5072412347207619,0.36944444444444446,baseline,turbine_1,2026-02-16 00:00:00+00:00,2026-02-15 00:00:00+00:00,overlap_wind_change=1.112m/s>=0.5
2026-02-16 17:00:00+00:00,2026-02-15 18:00:00+00:00,23.0,5.33,3.8,0.21575555555555556,0.2845176108054714,0.21575555555555556,baseline,turbine_1,2026-02-16 00:00:00+00:00,2026-02-15 00:00:00+00:00,overlap_wind_change=1.112m/s>=0.5
2026-02-16 18:00:00+00:00,2026-02-15 18:00:00+00:00,24.0,5.11,3.9,0.19571111111111114,0.30097382518441995,0.19571111111111114,baseline,turbine_1,2026-02-16 00:00:00+00:00,2026-02-15 00:00:00+00:00,overlap_wind_change=1.112m/s>=0.5
2026-02-16 19:00:00+00:00,2026-02-15 18:00:00+00:00,25.0,4.99,3.9,0.18584444444444448,0.2944292982572224,0.18584444444444448,baseline,turbine_1,2026-02-16 00:00:00+00:00,2026-02-15 00:00:00+00:00,overlap_wind_change=1.112m/s>=0.5
2026-02-16 20:00:00+00:00,2026-02-15 18:00:00+00:00,26.0,5.73,3.9,0.25842222222222233,0.3490528395693003,0.25842222222222233,baseline,turbine_1,2026-02-16 00:00:00+00:00,2026-02-15 00:00:00+00:00,overlap_wind_change=1.112m/s>=0.5
2026-02-16 21:00:00+00:00,2026-02-15 18:00:00+00:00,27.0,6.11,3.7,0.3405555555555556,0.38525847027876853,0.3405555555555556,baseline,turbine_1,2026-02-16 00:00:00+00:00,2026-02-15 00:00:00+00:00,overlap_wind_change=1.112m/s>=0.5
2026-02-16 22:00:00+00:00,2026-02-15 18:00:00+00:00,28.0,6.65,3.9,0.45211111111111113,0.5461812899866665,0.45211111111111113,baseline,turbine_1,2026-02-16 00:00:00+00:00,2026-02-15 00:00:00+00:00,overlap_wind_change=1.112m/s>=0.5
2026-02-16 23:00:00+00:00,2026-02-15 18:00:00+00:00,29.0,6.05,3.8,0.3272222222222222,0.3997999707044637,0.3272222222222222,baseline,turbine_1,2026-02-16 00:00:00+00:00,2026-02-15 00:00:00+00:00,overlap_wind_change=1.112m/s>=0.5
2026-02-17 00:00:00+00:00,2026-02-15 18:00:00+00:00,30.0,4.96,3.3,0.18337777777777778,0.24660837381352974,0.18337777777777778,baseline,turbine_1,2026-02-16 00:00:00+00:00,2026-02-15 00:00:00+00:00,overlap_wind_change=1.112m/s>=0.5
2026-02-16 01:00:00+00:00,2026-02-15 18:00:00+00:00,7.0,6.34,0.5,0.3870555555555555,0.33936983616527294,0.3870555555555555,baseline,turbine_2,2026-02-16 00:00:00+00:00,2026-02-15 00:00:00+00:00,overlap_wind_change=1.112m/s>=0.5
2026-02-16 02:00:00+00:00,2026-02-15 18:00:00+00:00,8.0,6.79,0.6,0.47253333333333325,0.3427268875302025,0.47253333333333325,baseline,turbine_2,2026-02-16 00:00:00+00:00,2026-02-15 00:00:00+00:00,overlap_wind_change=1.112m/s>=0.5
2026-02-16 03:00:00+00:00,2026-02-15 18:00:00+00:00,9.0,6.1,1.9,0.3371388888888888,0.28960265185024947,0.3371388888888888,baseline,turbine_2,2026-02-16 00:00:00+00:00,2026-02-15 00:00:00+00:00,overlap_wind_change=1.112m/s>=0.5
2026-02-16 04:00:00+00:00,2026-02-15 18:00:00+00:00,10.0,7.1,3.7,0.5524444444444443,0.3440053039656087,0.5524444444444443,baseline,turbine_2,2026-02-16 00:00:00+00:00,2026-02-15 00:00:00+00:00,overlap_wind_change=1.112m/s>=0.5
2026-02-16 05:00:00+00:00,2026-02-15 18:00:00+00:00,11.0,6.9,5.7,0.5008888888888889,0.43274465020165953,0.5008888888888889,baseline,turbine_2,2026-02-16 00:00:00+00:00,2026-02-15 00:00:00+00:00,overlap_wind_change=1.112m/s>=0.5
2026-02-16 06:00:00+00:00,2026-02-15 18:00:00+00:00,12.0,6.74,6.5,0.46038888888888885,0.44534546205305303,0.46038888888888885,baseline,turbine_2,2026-02-16 00:00:00+00:00,2026-02-15 00:00:00+00:00,overlap_wind_change=1.112m/s>=0.5
2026-02-16 07:00:00+00:00,2026-02-15 18:00:00+00:00,13.0,6.04,7.8,0.32377222222222224,0.4068468881669399,0.32377222222222224,baseline,turbine_2,2026-02-16 00:00:00+00:00,2026-02-15 00:00:00+00:00,overlap_wind_change=1.112m/s>=0.5
2026-02-16 08:00:00+00:00,2026-02-15 18:00:00+00:00,14.0,5.82,8.2,0.27476111111111123,0.47480097146385253,0.27476111111111123,baseline,turbine_2,2026-02-16 00:00:00+00:00,2026-02-15 00:00:00+00:00,overlap_wind_change=1.112m/s>=0.5
2026-02-16 09:00:00+00:00,2026-02-15 18:00:00+00:00,15.0,5.01,8.6,0.17044444444444443,0.350318104254023,0.17044444444444443,baseline,turbine_2,2026-02-16 00:00:00+00:00,2026-02-15 00:00:00+00:00,overlap_wind_change=1.112m/s>=0.5
2026-02-16 10:00:00+00:00,2026-02-15 18:00:00+00:00,16.0,4.48,8.0,0.1254055555555556,0.23008987143254359,0.1254055555555556,baseline,turbine_2,2026-02-16 00:00:00+00:00,2026-02-15 00:00:00+00:00,overlap_wind_change=1.112m/s>=0.5
2026-02-16 11:00:00+00:00,2026-02-15 18:00:00+00:00,17.0,5.38,7.1,0.20880555555555555,0.3797396427944303,0.20880555555555555,baseline,turbine_2,2026-02-16 00:00:00+00:00,2026-02-15 00:00:00+00:00,overlap_wind_change=1.112m/s>=0.5
2026-02-16 12:00:00+00:00,2026-02-15 18:00:00+00:00,18.0,5.1,5.6,0.1781944444444444,0.3779686146758229,0.1781944444444444,baseline,turbine_2,2026-02-16 00:00:00+00:00,2026-02-15 00:00:00+00:00,overlap_wind_change=1.112m/s>=0.5
2026-02-16 13:00:00+00:00,2026-02-15 18:00:00+00:00,19.0,5.82,4.5,0.27476111111111123,0.417013731632515,0.27476111111111123,baseline,turbine_2,2026-02-16 00:00:00+00:00,2026-02-15 00:00:00+00:00,overlap_wind_change=1.112m/s>=0.5
2026-02-16 14:00:00+00:00,2026-02-15 18:00:00+00:00,20.0,5.96,3.9,0.30595,0.49808602443372113,0.30595,baseline,turbine_2,2026-02-16 00:00:00+00:00,2026-02-15 00:00:00+00:00,overlap_wind_change=1.112m/s>=0.5
2026-02-16 15:00:00+00:00,2026-02-15 18:00:00+00:00,21.0,6.04,4.1,0.32377222222222224,0.49589664850106135,0.32377222222222224,baseline,turbine_2,2026-02-16 00:00:00+00:00,2026-02-15 00:00:00+00:00,overlap_wind_change=1.112m/s>=0.5
2026-02-16 16:00:00+00:00,2026-02-15 18:00:00+00:00,22.0,6.24,4.1,0.3683277777777778,0.5802700109205035,0.3683277777777778,baseline,turbine_2,2026-02-16 00:00:00+00:00,2026-02-15 00:00:00+00:00,overlap_wind_change=1.112m/s>=0.5
2026-02-16 17:00:00+00:00,2026-02-15 18:00:00+00:00,23.0,5.33,3.8,0.202,0.325025693711776,0.202,baseline,turbine_2,2026-02-16 00:00:00+00:00,2026-02-15 00:00:00+00:00,overlap_wind_change=1.112m/s>=0.5
2026-02-16 18:00:00+00:00,2026-02-15 18:00:00+00:00,24.0,5.11,3.9,0.17905555555555558,0.3504184275722871,0.17905555555555558,baseline,turbine_2,2026-02-16 00:00:00+00:00,2026-02-15 00:00:00+00:00,overlap_wind_change=1.112m/s>=0.5
2026-02-16 19:00:00+00:00,2026-02-15 18:00:00+00:00,25.0,4.99,3.9,0.16872222222222225,0.36047134743284637,0.16872222222222225,baseline,turbine_2,2026-02-16 00:00:00+00:00,2026-02-15 00:00:00+00:00,overlap_wind_change=1.112m/s>=0.5
2026-02-16 20:00:00+00:00,2026-02-15 18:00:00+00:00,26.0,5.73,3.9,0.25644444444444453,0.40422979489238225,0.25644444444444453,baseline,turbine_2,2026-02-16 00:00:00+00:00,2026-02-15 00:00:00+00:00,overlap_wind_change=1.112m/s>=0.5
2026-02-16 21:00:00+00:00,2026-02-15 18:00:00+00:00,27.0,6.11,3.7,0.3393666666666667,0.42402104088770576,0.3393666666666667,baseline,turbine_2,2026-02-16 00:00:00+00:00,2026-02-15 00:00:00+00:00,overlap_wind_change=1.112m/s>=0.5
2026-02-16 22:00:00+00:00,2026-02-15 18:00:00+00:00,28.0,6.65,3.9,0.4438888888888889,0.5634200688710549,0.4438888888888889,baseline,turbine_2,2026-02-16 00:00:00+00:00,2026-02-15 00:00:00+00:00,overlap_wind_change=1.112m/s>=0.5
2026-02-16 23:00:00+00:00,2026-02-15 18:00:00+00:00,29.0,6.05,3.8,0.32599999999999996,0.4482198021260857,0.32599999999999996,baseline,turbine_2,2026-02-16 00:00:00+00:00,2026-02-15 00:00:00+00:00,overlap_wind_change=1.112m/s>=0.5
2026-02-17 00:00:00+00:00,2026-02-15 18:00:00+00:00,30.0,4.96,3.3,0.1661388888888889,0.26929028276094824,0.1661388888888889,baseline,turbine_2,2026-02-16 00:00:00+00:00,2026-02-15 00:00:00+00:00,overlap_wind_change=1.112m/s>=0.5
2026-02-17 01:00:00+00:00,2026-02-16 18:00:00+00:00,7.0,5.22,3.1,0.20475555555555555,0.1086580336551538,0.20475555555555555,baseline,turbine_1,2026-02-17 00:00:00+00:00,2026-02-16 00:00:00+00:00,overlap_wind_change=0.623m/s>=0.5
2026-02-17 02:00:00+00:00,2026-02-16 18:00:00+00:00,8.0,3.49,2.8,0.05916666666666668,0.0,0.05916666666666668,baseline,turbine_1,2026-02-17 00:00:00+00:00,2026-02-16 00:00:00+00:00,overlap_wind_change=0.623m/s>=0.5
2026-02-17 03:00:00+00:00,2026-02-16 18:00:00+00:00,9.0,3.66,3.0,0.07097222222222223,0.0,0.07097222222222223,baseline,turbine_1,2026-02-17 00:00:00+00:00,2026-02-16 00:00:00+00:00,overlap_wind_change=0.623m/s>=0.5
2026-02-17 04:00:00+00:00,2026-02-16 18:00:00+00:00,10.0,4.13,3.5,0.11036666666666665,0.08359260421248903,0.11036666666666665,baseline,turbine_1,2026-02-17 00:00:00+00:00,2026-02-16 00:00:00+00:00,overlap_wind_change=0.623m/s>=0.5
2026-02-17 05:00:00+00:00,2026-02-16 18:00:00+00:00,11.0,4.09,3.9,0.10687777777777777,0.1280665378206003,0.10687777777777777,baseline,turbine_1,2026-02-17 00:00:00+00:00,2026-02-16 00:00:00+00:00,overlap_wind_change=0.623m/s>=0.5
2026-02-17 06:00:00+00:00,2026-02-16 18:00:00+00:00,12.0,4.05,5.1,0.10338888888888888,0.04331415457433944,0.10338888888888888,baseline,turbine_1,2026-02-17 00:00:00+00:00,2026-02-16 00:00:00+00:00,overlap_wind_change=0.623m/s>=0.5
2026-02-17 07:00:00+00:00,2026-02-16 18:00:00+00:00,13.0,4.51,5.7,0.14437777777777777,0.10377390966595444,0.14437777777777777,baseline,turbine_1,2026-02-17 00:00:00+00:00,2026-02-16 00:00:00+00:00,overlap_wind_change=0.623m/s>=0.5
2026-02-17 08:00:00+00:00,2026-02-16 18:00:00+00:00,14.0,4.19,6.8,0.11560000000000004,0.18558622151858917,0.11560000000000004,baseline,turbine_1,2026-02-17 00:00:00+00:00,2026-02-16 00:00:00+00:00,overlap_wind_change=0.623m/s>=0.5
2026-02-17 09:00:00+00:00,2026-02-16 18:00:00+00:00,15.0,4.19,8.1,0.11560000000000004,0.20014758513016712,0.11560000000000004,baseline,turbine_1,2026-02-17 00:00:00+00:00,2026-02-16 00:00:00+00:00,overlap_wind_change=0.623m/s>=0.5
2026-02-17 10:00:00+00:00,2026-02-16 18:00:00+00:00,16.0,4.56,8.5,0.14890555555555554,0.2337818872964863,0.14890555555555554,baseline,turbine_1,2026-02-17 00:00:00+00:00,2026-02-16 00:00:00+00:00,overlap_wind_change=0.623m/s>=0.5
2026-02-17 11:00:00+00:00,2026-02-16 18:00:00+00:00,17.0,5.15,8.1,0.19900000000000004,0.2994509052005445,0.19900000000000004,baseline,turbine_1,2026-02-17 00:00:00+00:00,2026-02-16 00:00:00+00:00,overlap_wind_change=0.623m/s>=0.5
2026-02-17 12:00:00+00:00,2026-02-16 18:00:00+00:00,18.0,6.42,6.0,0.4058555555555555,0.5831117122318517,0.4058555555555555,baseline,turbine_1,2026-02-17 00:00:00+00:00,2026-02-16 00:00:00+00:00,overlap_wind_change=0.623m/s>=0.5
2026-02-17 13:00:00+00:00,2026-02-16 18:00:00+00:00,19.0,6.71,4.4,0.4641777777777777,0.5612341955907997,0.4641777777777777,baseline,turbine_1,2026-02-17 00:00:00+00:00,2026-02-16 00:00:00+00:00,overlap_wind_change=0.623m/s>=0.5
2026-02-17 14:00:00+00:00,2026-02-16 18:00:00+00:00,20.0,7.29,4.0,0.5929666666666666,0.5719003946782049,0.5929666666666666,baseline,turbine_1,2026-02-17 00:00:00+00:00,2026-02-16 00:00:00+00:00,overlap_wind_change=0.623m/s>=0.5
2026-02-17 15:00:00+00:00,2026-02-16 18:00:00+00:00,21.0,7.91,3.6,0.6865111111111111,0.5391322126196976,0.6865111111111111,baseline,turbine_1,2026-02-17 00:00:00+00:00,2026-02-16 00:00:00+00:00,overlap_wind_change=0.623m/s>=0.5
2026-02-17 16:00:00+00:00,2026-02-16 18:00:00+00:00,22.0,7.96,3.1,0.6980944444444445,0.5882099886513372,0.6980944444444445,baseline,turbine_1,2026-02-17 00:00:00+00:00,2026-02-16 00:00:00+00:00,overlap_wind_change=0.623m/s>=0.5
2026-02-17 17:00:00+00:00,2026-02-16 18:00:00+00:00,23.0,7.32,2.1,0.59665,0.6658100651097306,0.59665,baseline,turbine_1,2026-02-17 00:00:00+00:00,2026-02-16 00:00:00+00:00,overlap_wind_change=0.623m/s>=0.5
2026-02-17 18:00:00+00:00,2026-02-16 18:00:00+00:00,24.0,7.16,1.3,0.5672055555555556,0.6610522158744689,0.5672055555555556,baseline,turbine_1,2026-02-17 00:00:00+00:00,2026-02-16 00:00:00+00:00,overlap_wind_change=0.623m/s>=0.5
2026-02-17 19:00:00+00:00,2026-02-16 18:00:00+00:00,25.0,7.25,0.5,0.5880555555555556,0.6951317546177994,0.5880555555555556,baseline,turbine_1,2026-02-17 00:00:00+00:00,2026-02-16 00:00:00+00:00,overlap_wind_change=0.623m/s>=0.5
2026-02-17 20:00:00+00:00,2026-02-16 18:00:00+00:00,26.0,7.73,0.7,0.6469888888888888,0.6667439477815776,0.6469888888888888,baseline,turbine_1,2026-02-17 00:00:00+00:00,2026-02-16 00:00:00+00:00,overlap_wind_change=0.623m/s>=0.5
2026-02-17 21:00:00+00:00,2026-02-16 18:00:00+00:00,27.0,6.75,1.1,0.47222222222222215,0.5803241511733911,0.47222222222222215,baseline,turbine_1,2026-02-17 00:00:00+00:00,2026-02-16 00:00:00+00:00,overlap_wind_change=0.623m/s>=0.5
2026-02-17 22:00:00+00:00,2026-02-16 18:00:00+00:00,28.0,6.71,1.2,0.4641777777777777,0.5908921527743208,0.4641777777777777,baseline,turbine_1,2026-02-17 00:00:00+00:00,2026-02-16 00:00:00+00:00,overlap_wind_change=0.623m/s>=0.5
2026-02-17 23:00:00+00:00,2026-02-16 18:00:00+00:00,29.0,7.03,1.3,0.537088888888889,0.5777232120824197,0.537088888888889,baseline,turbine_1,2026-02-17 00:00:00+00:00,2026-02-16 00:00:00+00:00,overlap_wind_change=0.623m/s>=0.5
2026-02-18 00:00:00+00:00,2026-02-16 18:00:00+00:00,30.0,7.34,1.1,0.5991055555555556,0.5577687911088289,0.5991055555555556,baseline,turbine_1,2026-02-17 00:00:00+00:00,2026-02-16 00:00:00+00:00,overlap_wind_change=0.623m/s>=0.5
2026-02-17 01:00:00+00:00,2026-02-16 18:00:00+00:00,7.0,5.22,3.1,0.18852777777777774,0.14227854701899378,0.18852777777777774,baseline,turbine_2,2026-02-17 00:00:00+00:00,2026-02-16 00:00:00+00:00,overlap_wind_change=0.623m/s>=0.5
2026-02-17 02:00:00+00:00,2026-02-16 18:00:00+00:00,8.0,3.49,2.8,0.0516888888888889,0.0,0.0516888888888889,baseline,turbine_2,2026-02-17 00:00:00+00:00,2026-02-16 00:00:00+00:00,overlap_wind_change=0.623m/s>=0.5
2026-02-17 03:00:00+00:00,2026-02-16 18:00:00+00:00,9.0,3.66,3.0,0.06311666666666668,0.0,0.06311666666666668,baseline,turbine_2,2026-02-17 00:00:00+00:00,2026-02-16 00:00:00+00:00,overlap_wind_change=0.623m/s>=0.5
2026-02-17 04:00:00+00:00,2026-02-16 18:00:00+00:00,10.0,4.13,3.5,0.09724444444444444,0.09595933583073395,0.09724444444444444,baseline,turbine_2,2026-02-17 00:00:00+00:00,2026-02-16 00:00:00+00:00,overlap_wind_change=0.623m/s>=0.5
2026-02-17 05:00:00+00:00,2026-02-16 18:00:00+00:00,11.0,4.09,3.9,0.09428888888888888,0.15642323597519822,0.09428888888888888,baseline,turbine_2,2026-02-17 00:00:00+00:00,2026-02-16 00:00:00+00:00,overlap_wind_change=0.623m/s>=0.5
2026-02-17 06:00:00+00:00,2026-02-16 18:00:00+00:00,12.0,4.05,5.1,0.09133333333333332,0.04706522184544748,0.09133333333333332,baseline,turbine_2,2026-02-17 00:00:00+00:00,2026-02-16 00:00:00+00:00,overlap_wind_change=0.623m/s>=0.5
2026-02-17 07:00:00+00:00,2026-02-16 18:00:00+00:00,13.0,4.51,5.7,0.12792222222222221,0.14805968388873625,0.12792222222222221,baseline,turbine_2,2026-02-17 00:00:00+00:00,2026-02-16 00:00:00+00:00,overlap_wind_change=0.623m/s>=0.5
2026-02-17 08:00:00+00:00,2026-02-16 18:00:00+00:00,14.0,4.19,6.8,0.10167777777777781,0.22596607617162032,0.10167777777777781,baseline,turbine_2,2026-02-17 00:00:00+00:00,2026-02-16 00:00:00+00:00,overlap_wind_change=0.623m/s>=0.5
2026-02-17 09:00:00+00:00,2026-02-16 18:00:00+00:00,15.0,4.19,8.1,0.10167777777777781,0.22965651758398933,0.10167777777777781,baseline,turbine_2,2026-02-17 00:00:00+00:00,2026-02-16 00:00:00+00:00,overlap_wind_change=0.623m/s>=0.5
2026-02-17 10:00:00+00:00,2026-02-16 18:00:00+00:00,16.0,4.56,8.5,0.13211666666666666,0.242003945970112,0.13211666666666666,baseline,turbine_2,2026-02-17 00:00:00+00:00,2026-02-16 00:00:00+00:00,overlap_wind_change=0.623m/s>=0.5
2026-02-17 11:00:00+00:00,2026-02-16 18:00:00+00:00,17.0,5.15,8.1,0.18250000000000002,0.3797396427944303,0.18250000000000002,baseline,turbine_2,2026-02-17 00:00:00+00:00,2026-02-16 00:00:00+00:00,overlap_wind_change=0.623m/s>=0.5
2026-02-17 12:00:00+00:00,2026-02-16 18:00:00+00:00,18.0,6.42,6.0,0.40172222222222215,0.6427386860790538,0.40172222222222215,baseline,turbine_2,2026-02-17 00:00:00+00:00,2026-02-16 00:00:00+00:00,overlap_wind_change=0.623m/s>=0.5
2026-02-17 13:00:00+00:00,2026-02-16 18:00:00+00:00,19.0,6.71,4.4,0.4548888888888888,0.6078053161420179,0.4548888888888888,baseline,turbine_2,2026-02-17 00:00:00+00:00,2026-02-16 00:00:00+00:00,overlap_wind_change=0.623m/s>=0.5
2026-02-17 14:00:00+00:00,2026-02-16 18:00:00+00:00,20.0,7.29,4.0,0.5959111111111111,0.6638876955172706,0.5959111111111111,baseline,turbine_2,2026-02-17 00:00:00+00:00,2026-02-16 00:00:00+00:00,overlap_wind_change=0.623m/s>=0.5
2026-02-17 15:00:00+00:00,2026-02-16 18:00:00+00:00,21.0,7.91,3.6,0.6905777777777777,0.668728372945934,0.6905777777777777,baseline,turbine_2,2026-02-17 00:00:00+00:00,2026-02-16 00:00:00+00:00,overlap_wind_change=0.623m/s>=0.5
2026-02-17 16:00:00+00:00,2026-02-16 18:00:00+00:00,22.0,7.96,3.1,0.702911111111111,0.6874197244847317,0.702911111111111,baseline,turbine_2,2026-02-17 00:00:00+00:00,2026-02-16 00:00:00+00:00,overlap_wind_change=0.623m/s>=0.5
2026-02-17 17:00:00+00:00,2026-02-16 18:00:00+00:00,23.0,7.32,2.1,0.5995111111111111,0.7396168002352326,0.5995111111111111,baseline,turbine_2,2026-02-17 00:00:00+00:00,2026-02-16 00:00:00+00:00,overlap_wind_change=0.623m/s>=0.5
2026-02-17 18:00:00+00:00,2026-02-16 18:00:00+00:00,24.0,7.16,1.3,0.567911111111111,0.7104683283609534,0.567911111111111,baseline,turbine_2,2026-02-17 00:00:00+00:00,2026-02-16 00:00:00+00:00,overlap_wind_change=0.623m/s>=0.5
2026-02-17 19:00:00+00:00,2026-02-16 18:00:00+00:00,25.0,7.25,0.5,0.591111111111111,0.7269403188869881,0.591111111111111,baseline,turbine_2,2026-02-17 00:00:00+00:00,2026-02-16 00:00:00+00:00,overlap_wind_change=0.623m/s>=0.5
2026-02-17 20:00:00+00:00,2026-02-16 18:00:00+00:00,26.0,7.73,0.7,0.6487111111111111,0.6684475738326009,0.6487111111111111,baseline,turbine_2,2026-02-17 00:00:00+00:00,2026-02-16 00:00:00+00:00,overlap_wind_change=0.623m/s>=0.5
2026-02-17 21:00:00+00:00,2026-02-16 18:00:00+00:00,27.0,6.75,1.1,0.46222222222222215,0.5693693022344523,0.46222222222222215,baseline,turbine_2,2026-02-17 00:00:00+00:00,2026-02-16 00:00:00+00:00,overlap_wind_change=0.623m/s>=0.5
2026-02-17 22:00:00+00:00,2026-02-16 18:00:00+00:00,28.0,6.71,1.2,0.4548888888888888,0.615013015777711,0.4548888888888888,baseline,turbine_2,2026-02-17 00:00:00+00:00,2026-02-16 00:00:00+00:00,overlap_wind_change=0.623m/s>=0.5
2026-02-17 23:00:00+00:00,2026-02-16 18:00:00+00:00,29.0,7.03,1.3,0.5344,0.6047839506021772,0.5344,baseline,turbine_2,2026-02-17 00:00:00+00:00,2026-02-16 00:00:00+00:00,overlap_wind_change=0.623m/s>=0.5
2026-02-18 00:00:00+00:00,2026-02-16 18:00:00+00:00,30.0,7.34,1.1,0.6019111111111111,0.6253821570572498,0.6019111111111111,baseline,turbine_2,2026-02-17 00:00:00+00:00,2026-02-16 00:00:00+00:00,overlap_wind_change=0.623m/s>=0.5
2026-02-19 01:00:00+00:00,2026-02-18 18:00:00+00:00,7.0,5.49,1.1,0.23282222222222226,0.15318970410150284,0.23282222222222226,baseline,turbine_1,2026-02-19 00:00:00+00:00,2026-02-18 00:00:00+00:00,overlap_wind_change=1.036m/s>=0.5
2026-02-19 02:00:00+00:00,2026-02-18 18:00:00+00:00,8.0,6.18,2.0,0.35611111111111104,0.2536565883569946,0.35611111111111104,baseline,turbine_1,2026-02-19 00:00:00+00:00,2026-02-18 00:00:00+00:00,overlap_wind_change=1.036m/s>=0.5
2026-02-19 03:00:00+00:00,2026-02-18 18:00:00+00:00,9.0,6.51,4.5,0.4239555555555555,0.3142686742854556,0.4239555555555555,baseline,turbine_1,2026-02-19 00:00:00+00:00,2026-02-18 00:00:00+00:00,overlap_wind_change=1.036m/s>=0.5
2026-02-19 04:00:00+00:00,2026-02-18 18:00:00+00:00,10.0,5.63,7.4,0.24775555555555556,0.16421395849990805,0.24775555555555556,baseline,turbine_1,2026-02-19 00:00:00+00:00,2026-02-18 00:00:00+00:00,overlap_wind_change=1.036m/s>=0.5
2026-02-19 05:00:00+00:00,2026-02-18 18:00:00+00:00,11.0,4.92,10.1,0.18008888888888888,0.15428195466923225,0.18008888888888888,baseline,turbine_1,2026-02-19 00:00:00+00:00,2026-02-18 00:00:00+00:00,overlap_wind_change=1.036m/s>=0.5
2026-02-19 06:00:00+00:00,2026-02-18 18:00:00+00:00,12.0,5.57,11.1,0.2413555555555556,0.1615041749188397,0.2413555555555556,baseline,turbine_1,2026-02-19 00:00:00+00:00,2026-02-18 00:00:00+00:00,overlap_wind_change=1.036m/s>=0.5
2026-02-19 07:00:00+00:00,2026-02-18 18:00:00+00:00,13.0,4.55,13.0,0.148,0.11499951961146232,0.148,baseline,turbine_1,2026-02-19 00:00:00+00:00,2026-02-18 00:00:00+00:00,overlap_wind_change=1.036m/s>=0.5
2026-02-19 08:00:00+00:00,2026-02-18 18:00:00+00:00,14.0,4.4,14.2,0.1344166666666667,0.18558622151858917,0.1344166666666667,baseline,turbine_1,2026-02-19 00:00:00+00:00,2026-02-18 00:00:00+00:00,overlap_wind_change=1.036m/s>=0.5
2026-02-19 09:00:00+00:00,2026-02-18 18:00:00+00:00,15.0,4.17,14.9,0.11385555555555554,0.20014758513016712,0.11385555555555554,baseline,turbine_1,2026-02-19 00:00:00+00:00,2026-02-18 00:00:00+00:00,overlap_wind_change=1.036m/s>=0.5
2026-02-19 10:00:00+00:00,2026-02-18 18:00:00+00:00,16.0,3.81,15.1,0.08245555555555556,0.1469251579585962,0.08245555555555556,baseline,turbine_1,2026-02-19 00:00:00+00:00,2026-02-18 00:00:00+00:00,overlap_wind_change=1.036m/s>=0.5
2026-02-19 11:00:00+00:00,2026-02-18 18:00:00+00:00,17.0,3.4,14.1,0.05291666666666666,0.1299261861818843,0.05291666666666666,baseline,turbine_1,2026-02-19 00:00:00+00:00,2026-02-18 00:00:00+00:00,overlap_wind_change=1.036m/s>=0.5
2026-02-19 12:00:00+00:00,2026-02-18 18:00:00+00:00,18.0,4.3,10.1,0.1253611111111111,0.2222745355783859,0.1253611111111111,baseline,turbine_1,2026-02-19 00:00:00+00:00,2026-02-18 00:00:00+00:00,overlap_wind_change=1.036m/s>=0.5
2026-02-19 13:00:00+00:00,2026-02-18 18:00:00+00:00,19.0,1.29,8.8,0.01508888888888889,0.054817650687307345,0.01508888888888889,baseline,turbine_1,2026-02-19 00:00:00+00:00,2026-02-18 00:00:00+00:00,overlap_wind_change=1.036m/s>=0.5
2026-02-19 14:00:00+00:00,2026-02-18 18:00:00+00:00,20.0,3.5,8.6,0.059861111111111115,0.1332539318608486,0.059861111111111115,baseline,turbine_1,2026-02-19 00:00:00+00:00,2026-02-18 00:00:00+00:00,overlap_wind_change=1.036m/s>=0.5
2026-02-19 15:00:00+00:00,2026-02-18 18:00:00+00:00,21.0,4.63,9.5,0.15524444444444443,0.26439143358769873,0.15524444444444443,baseline,turbine_1,2026-02-19 00:00:00+00:00,2026-02-18 00:00:00+00:00,overlap_wind_change=1.036m/s>=0.5
2026-02-19 16:00:00+00:00,2026-02-18 18:00:00+00:00,22.0,4.39,9.2,0.13351111111111108,0.19056442444676103,0.13351111111111108,baseline,turbine_1,2026-02-19 00:00:00+00:00,2026-02-18 00:00:00+00:00,overlap_wind_change=1.036m/s>=0.5
2026-02-19 17:00:00+00:00,2026-02-18 18:00:00+00:00,23.0,5.33,9.0,0.21575555555555556,0.24252440741357723,0.21575555555555556,baseline,turbine_1,2026-02-19 00:00:00+00:00,2026-02-18 00:00:00+00:00,overlap_wind_change=1.036m/s>=0.5
2026-02-19 18:00:00+00:00,2026-02-18 18:00:00+00:00,24.0,6.15,8.3,0.3494444444444445,0.3754823488523127,0.3494444444444445,baseline,turbine_1,2026-02-19 00:00:00+00:00,2026-02-18 00:00:00+00:00,overlap_wind_change=1.036m/s>=0.5
2026-02-19 19:00:00+00:00,2026-02-18 18:00:00+00:00,25.0,7.07,8.2,0.5463555555555556,0.5293312230278437,0.5463555555555556,baseline,turbine_1,2026-02-19 00:00:00+00:00,2026-02-18 00:00:00+00:00,overlap_wind_change=1.036m/s>=0.5
2026-02-19 20:00:00+00:00,2026-02-18 18:00:00+00:00,26.0,7.44,8.3,0.6113833333333334,0.5196781240544548,0.6113833333333334,baseline,turbine_1,2026-02-19 00:00:00+00:00,2026-02-18 00:00:00+00:00,overlap_wind_change=1.036m/s>=0.5
2026-02-19 21:00:00+00:00,2026-02-18 18:00:00+00:00,27.0,7.45,8.1,0.6126111111111111,0.5078505392538026,0.6126111111111111,baseline,turbine_1,2026-02-19 00:00:00+00:00,2026-02-18 00:00:00+00:00,overlap_wind_change=1.036m/s>=0.5
2026-02-19 22:00:00+00:00,2026-02-18 18:00:00+00:00,28.0,6.96,7.8,0.5208722222222222,0.5194980660381242,0.5208722222222222,baseline,turbine_1,2026-02-19 00:00:00+00:00,2026-02-18 00:00:00+00:00,overlap_wind_change=1.036m/s>=0.5
2026-02-19 23:00:00+00:00,2026-02-18 18:00:00+00:00,29.0,7.34,7.5,0.5991055555555556,0.4582312751148555,0.5991055555555556,baseline,turbine_1,2026-02-19 00:00:00+00:00,2026-02-18 00:00:00+00:00,overlap_wind_change=1.036m/s>=0.5
2026-02-20 00:00:00+00:00,2026-02-18 18:00:00+00:00,30.0,7.56,7.3,0.6261166666666665,0.4588643760136326,0.6261166666666665,baseline,turbine_1,2026-02-19 00:00:00+00:00,2026-02-18 00:00:00+00:00,overlap_wind_change=1.036m/s>=0.5
2026-02-19 01:00:00+00:00,2026-02-18 18:00:00+00:00,7.0,5.49,1.1,0.22377777777777783,0.1841877196018928,0.22377777777777783,baseline,turbine_2,2026-02-19 00:00:00+00:00,2026-02-18 00:00:00+00:00,overlap_wind_change=1.036m/s>=0.5
2026-02-19 02:00:00+00:00,2026-02-18 18:00:00+00:00,8.0,6.18,2.0,0.354961111111111,0.268059928866732,0.354961111111111,baseline,turbine_2,2026-02-19 00:00:00+00:00,2026-02-18 00:00:00+00:00,overlap_wind_change=1.036m/s>=0.5
2026-02-19 03:00:00+00:00,2026-02-18 18:00:00+00:00,9.0,6.51,4.5,0.4182222222222221,0.2912406992385548,0.4182222222222221,baseline,turbine_2,2026-02-19 00:00:00+00:00,2026-02-18 00:00:00+00:00,overlap_wind_change=1.036m/s>=0.5
2026-02-19 04:00:00+00:00,2026-02-18 18:00:00+00:00,10.0,5.63,7.4,0.24283333333333335,0.211435929090794,0.24283333333333335,baseline,turbine_2,2026-02-19 00:00:00+00:00,2026-02-18 00:00:00+00:00,overlap_wind_change=1.036m/s>=0.5
2026-02-19 05:00:00+00:00,2026-02-18 18:00:00+00:00,11.0,4.92,10.1,0.16269444444444445,0.18656679291524222,0.16269444444444445,baseline,turbine_2,2026-02-19 00:00:00+00:00,2026-02-18 00:00:00+00:00,overlap_wind_change=1.036m/s>=0.5
2026-02-19 06:00:00+00:00,2026-02-18 18:00:00+00:00,12.0,5.57,11.1,0.23466666666666672,0.23167537427350718,0.23466666666666672,baseline,turbine_2,2026-02-19 00:00:00+00:00,2026-02-18 00:00:00+00:00,overlap_wind_change=1.036m/s>=0.5
2026-02-19 07:00:00+00:00,2026-02-18 18:00:00+00:00,13.0,4.55,13.0,0.13127777777777777,0.15997375842630454,0.13127777777777777,baseline,turbine_2,2026-02-19 00:00:00+00:00,2026-02-18 00:00:00+00:00,overlap_wind_change=1.036m/s>=0.5
2026-02-19 08:00:00+00:00,2026-02-18 18:00:00+00:00,14.0,4.4,14.2,0.11869444444444448,0.22508694092605383,0.11869444444444448,baseline,turbine_2,2026-02-19 00:00:00+00:00,2026-02-18 00:00:00+00:00,overlap_wind_change=1.036m/s>=0.5
2026-02-19 09:00:00+00:00,2026-02-18 18:00:00+00:00,15.0,4.17,14.9,0.1002,0.22965651758398933,0.1002,baseline,turbine_2,2026-02-19 00:00:00+00:00,2026-02-18 00:00:00+00:00,overlap_wind_change=1.036m/s>=0.5
2026-02-19 10:00:00+00:00,2026-02-18 18:00:00+00:00,16.0,3.81,15.1,0.0736,0.17583027393010442,0.0736,baseline,turbine_2,2026-02-19 00:00:00+00:00,2026-02-18 00:00:00+00:00,overlap_wind_change=1.036m/s>=0.5
2026-02-19 11:00:00+00:00,2026-02-18 18:00:00+00:00,17.0,3.4,14.1,0.04563888888888888,0.17065766129906476,0.04563888888888888,baseline,turbine_2,2026-02-19 00:00:00+00:00,2026-02-18 00:00:00+00:00,overlap_wind_change=1.036m/s>=0.5
2026-02-19 12:00:00+00:00,2026-02-18 18:00:00+00:00,18.0,4.3,10.1,0.11030555555555555,0.26692247103703665,0.11030555555555555,baseline,turbine_2,2026-02-19 00:00:00+00:00,2026-02-18 00:00:00+00:00,overlap_wind_change=1.036m/s>=0.5
2026-02-19 13:00:00+00:00,2026-02-18 18:00:00+00:00,19.0,1.29,8.8,0.01402222222222222,0.09189359767017895,0.01402222222222222,baseline,turbine_2,2026-02-19 00:00:00+00:00,2026-02-18 00:00:00+00:00,overlap_wind_change=1.036m/s>=0.5
2026-02-19 14:00:00+00:00,2026-02-18 18:00:00+00:00,20.0,3.5,8.6,0.05236111111111111,0.1694471424317456,0.05236111111111111,baseline,turbine_2,2026-02-19 00:00:00+00:00,2026-02-18 00:00:00+00:00,overlap_wind_change=1.036m/s>=0.5
2026-02-19 15:00:00+00:00,2026-02-18 18:00:00+00:00,21.0,4.63,9.5,0.1379888888888889,0.3032397089799263,0.1379888888888889,baseline,turbine_2,2026-02-19 00:00:00+00:00,2026-02-18 00:00:00+00:00,overlap_wind_change=1.036m/s>=0.5
2026-02-19 16:00:00+00:00,2026-02-18 18:00:00+00:00,22.0,4.39,9.2,0.11785555555555553,0.2186201422463754,0.11785555555555553,baseline,turbine_2,2026-02-19 00:00:00+00:00,2026-02-18 00:00:00+00:00,overlap_wind_change=1.036m/s>=0.5
2026-02-19 17:00:00+00:00,2026-02-18 18:00:00+00:00,23.0,5.33,9.0,0.202,0.29023241773331215,0.202,baseline,turbine_2,2026-02-19 00:00:00+00:00,2026-02-18 00:00:00+00:00,overlap_wind_change=1.036m/s>=0.5
2026-02-19 18:00:00+00:00,2026-02-18 18:00:00+00:00,24.0,6.15,8.3,0.34827777777777785,0.4321243677528544,0.34827777777777785,baseline,turbine_2,2026-02-19 00:00:00+00:00,2026-02-18 00:00:00+00:00,overlap_wind_change=1.036m/s>=0.5
2026-02-19 19:00:00+00:00,2026-02-18 18:00:00+00:00,25.0,7.07,8.2,0.5447111111111111,0.6013686613694678,0.5447111111111111,baseline,turbine_2,2026-02-19 00:00:00+00:00,2026-02-18 00:00:00+00:00,overlap_wind_change=1.036m/s>=0.5
2026-02-19 20:00:00+00:00,2026-02-18 18:00:00+00:00,26.0,7.44,8.3,0.6139111111111111,0.5189810793804501,0.6139111111111111,baseline,turbine_2,2026-02-19 00:00:00+00:00,2026-02-18 00:00:00+00:00,overlap_wind_change=1.036m/s>=0.5
2026-02-19 21:00:00+00:00,2026-02-18 18:00:00+00:00,27.0,7.45,8.1,0.615111111111111,0.5199351321851907,0.615111111111111,baseline,turbine_2,2026-02-19 00:00:00+00:00,2026-02-18 00:00:00+00:00,overlap_wind_change=1.036m/s>=0.5
2026-02-19 22:00:00+00:00,2026-02-18 18:00:00+00:00,28.0,6.96,7.8,0.5163555555555555,0.5352554167789524,0.5163555555555555,baseline,turbine_2,2026-02-19 00:00:00+00:00,2026-02-18 00:00:00+00:00,overlap_wind_change=1.036m/s>=0.5
2026-02-19 23:00:00+00:00,2026-02-18 18:00:00+00:00,29.0,7.34,7.5,0.6019111111111111,0.5439885128348191,0.6019111111111111,baseline,turbine_2,2026-02-19 00:00:00+00:00,2026-02-18 00:00:00+00:00,overlap_wind_change=1.036m/s>=0.5
2026-02-20 00:00:00+00:00,2026-02-18 18:00:00+00:00,30.0,7.56,7.3,0.628311111111111,0.54263795902671,0.628311111111111,baseline,turbine_2,2026-02-19 00:00:00+00:00,2026-02-18 00:00:00+00:00,overlap_wind_change=1.036m/s>=0.5
2026-02-20 01:00:00+00:00,2026-02-19 18:00:00+00:00,7.0,7.77,6.7,0.6540777777777776,0.3415786735505812,0.6540777777777776,baseline,turbine_1,2026-02-20 00:00:00+00:00,2026-02-19 00:00:00+00:00,overlap_wind_change=0.553m/s>=0.5
2026-02-20 02:00:00+00:00,2026-02-19 18:00:00+00:00,8.0,6.7,7.3,0.4621666666666666,0.3021296965662831,0.4621666666666666,baseline,turbine_1,2026-02-20 00:00:00+00:00,2026-02-19 00:00:00+00:00,overlap_wind_change=0.553m/s>=0.5
2026-02-20 03:00:00+00:00,2026-02-19 18:00:00+00:00,9.0,6.11,8.3,0.3405555555555556,0.2335064654279991,0.3405555555555556,baseline,turbine_1,2026-02-20 00:00:00+00:00,2026-02-19 00:00:00+00:00,overlap_wind_change=0.553m/s>=0.5
2026-02-20 04:00:00+00:00,2026-02-19 18:00:00+00:00,10.0,5.48,9.6,0.23175555555555563,0.14115523470552566,0.23175555555555563,baseline,turbine_1,2026-02-20 00:00:00+00:00,2026-02-19 00:00:00+00:00,overlap_wind_change=0.553m/s>=0.5
2026-02-20 05:00:00+00:00,2026-02-19 18:00:00+00:00,11.0,4.82,10.4,0.1718666666666667,0.0997832942382948,0.1718666666666667,baseline,turbine_1,2026-02-20 00:00:00+00:00,2026-02-19 00:00:00+00:00,overlap_wind_change=0.553m/s>=0.5
2026-02-20 06:00:00+00:00,2026-02-19 18:00:00+00:00,12.0,4.72,11.5,0.16339444444444443,0.0997832942382948,0.16339444444444443,baseline,turbine_1,2026-02-20 00:00:00+00:00,2026-02-19 00:00:00+00:00,overlap_wind_change=0.553m/s>=0.5
2026-02-20 07:00:00+00:00,2026-02-19 18:00:00+00:00,13.0,4.71,12.9,0.1624888888888889,0.11499951961146232,0.1624888888888889,baseline,turbine_1,2026-02-20 00:00:00+00:00,2026-02-19 00:00:00+00:00,overlap_wind_change=0.553m/s>=0.5
2026-02-20 08:00:00+00:00,2026-02-19 18:00:00+00:00,14.0,4.14,13.8,0.11123888888888886,0.18729508564289316,0.11123888888888886,baseline,turbine_1,2026-02-20 00:00:00+00:00,2026-02-19 00:00:00+00:00,overlap_wind_change=0.553m/s>=0.5
2026-02-20 09:00:00+00:00,2026-02-19 18:00:00+00:00,15.0,3.52,14.5,0.06125,0.13276337190195855,0.06125,baseline,turbine_1,2026-02-20 00:00:00+00:00,2026-02-19 00:00:00+00:00,overlap_wind_change=0.553m/s>=0.5
2026-02-20 10:00:00+00:00,2026-02-19 18:00:00+00:00,16.0,2.82,14.7,0.03342222222222222,0.10066160655464612,0.03342222222222222,baseline,turbine_1,2026-02-20 00:00:00+00:00,2026-02-19 00:00:00+00:00,overlap_wind_change=0.553m/s>=0.5
2026-02-20 11:00:00+00:00,2026-02-19 18:00:00+00:00,17.0,2.22,13.9,0.023161111111111115,0.06983105465582172,0.023161111111111115,baseline,turbine_1,2026-02-20 00:00:00+00:00,2026-02-19 00:00:00+00:00,overlap_wind_change=0.553m/s>=0.5
2026-02-20 12:00:00+00:00,2026-02-19 18:00:00+00:00,18.0,2.3,10.1,0.024444444444444442,0.06891965842720872,0.024444444444444442,baseline,turbine_1,2026-02-20 00:00:00+00:00,2026-02-19 00:00:00+00:00,overlap_wind_change=0.553m/s>=0.5
2026-02-20 13:00:00+00:00,2026-02-19 18:00:00+00:00,19.0,1.39,7.7,0.015311111111111112,0.057961100851402346,0.015311111111111112,baseline,turbine_1,2026-02-20 00:00:00+00:00,2026-02-19 00:00:00+00:00,overlap_wind_change=0.553m/s>=0.5
2026-02-20 14:00:00+00:00,2026-02-19 18:00:00+00:00,20.0,3.9,6.9,0.09030555555555554,0.13140456279037538,0.09030555555555554,baseline,turbine_1,2026-02-20 00:00:00+00:00,2026-02-19 00:00:00+00:00,overlap_wind_change=0.553m/s>=0.5
2026-02-20 15:00:00+00:00,2026-02-19 18:00:00+00:00,21.0,6.49,6.8,0.4199333333333333,0.5969465748998494,0.4199333333333333,baseline,turbine_1,2026-02-20 00:00:00+00:00,2026-02-19 00:00:00+00:00,overlap_wind_change=0.553m/s>=0.5
2026-02-20 16:00:00+00:00,2026-02-19 18:00:00+00:00,22.0,7.38,7.0,0.6040166666666666,0.5520869411113323,0.6040166666666666,baseline,turbine_1,2026-02-20 00:00:00+00:00,2026-02-19 00:00:00+00:00,overlap_wind_change=0.553m/s>=0.5
2026-02-20 17:00:00+00:00,2026-02-19 18:00:00+00:00,23.0,8.21,5.6,0.7560111111111113,0.5360192441796424,0.7560111111111113,baseline,turbine_1,2026-02-20 00:00:00+00:00,2026-02-19 00:00:00+00:00,overlap_wind_change=0.553m/s>=0.5
2026-02-20 18:00:00+00:00,2026-02-19 18:00:00+00:00,24.0,8.31,4.5,0.7766111111111113,0.5117221081382711,0.7766111111111113,baseline,turbine_1,2026-02-20 00:00:00+00:00,2026-02-19 00:00:00+00:00,overlap_wind_change=0.553m/s>=0.5
2026-02-20 19:00:00+00:00,2026-02-19 18:00:00+00:00,25.0,7.99,3.9,0.7050444444444445,0.5448483037689044,0.7050444444444445,baseline,turbine_1,2026-02-20 00:00:00+00:00,2026-02-19 00:00:00+00:00,overlap_wind_change=0.553m/s>=0.5
2026-02-20 20:00:00+00:00,2026-02-19 18:00:00+00:00,26.0,7.53,4.1,0.6224333333333333,0.5308543832893725,0.6224333333333333,baseline,turbine_1,2026-02-20 00:00:00+00:00,2026-02-19 00:00:00+00:00,overlap_wind_change=0.553m/s>=0.5
2026-02-20 21:00:00+00:00,2026-02-19 18:00:00+00:00,27.0,7.3,4.2,0.5941944444444445,0.4533160152170317,0.5941944444444445,baseline,turbine_1,2026-02-20 00:00:00+00:00,2026-02-19 00:00:00+00:00,overlap_wind_change=0.553m/s>=0.5
2026-02-20 22:00:00+00:00,2026-02-19 18:00:00+00:00,28.0,6.85,4.2,0.49538888888888877,0.514385154070956,0.49538888888888877,baseline,turbine_1,2026-02-20 00:00:00+00:00,2026-02-19 00:00:00+00:00,overlap_wind_change=0.553m/s>=0.5
2026-02-20 23:00:00+00:00,2026-02-19 18:00:00+00:00,29.0,6.36,4.0,0.3937888888888889,0.5278958653825188,0.3937888888888889,baseline,turbine_1,2026-02-20 00:00:00+00:00,2026-02-19 00:00:00+00:00,overlap_wind_change=0.553m/s>=0.5
2026-02-21 00:00:00+00:00,2026-02-19 18:00:00+00:00,30.0,5.15,3.9,0.19900000000000004,0.27519116211722344,0.19900000000000004,baseline,turbine_1,2026-02-20 00:00:00+00:00,2026-02-19 00:00:00+00:00,overlap_wind_change=0.553m/s>=0.5
2026-02-20 01:00:00+00:00,2026-02-19 18:00:00+00:00,7.0,7.77,6.7,0.6560444444444443,0.37855505595853994,0.6560444444444443,baseline,turbine_2,2026-02-20 00:00:00+00:00,2026-02-19 00:00:00+00:00,overlap_wind_change=0.553m/s>=0.5
2026-02-20 02:00:00+00:00,2026-02-19 18:00:00+00:00,8.0,6.7,7.3,0.4530555555555555,0.3185215284169831,0.4530555555555555,baseline,turbine_2,2026-02-20 00:00:00+00:00,2026-02-19 00:00:00+00:00,overlap_wind_change=0.553m/s>=0.5
2026-02-20 03:00:00+00:00,2026-02-19 18:00:00+00:00,9.0,6.11,8.3,0.3393666666666667,0.2766448038056891,0.3393666666666667,baseline,turbine_2,2026-02-20 00:00:00+00:00,2026-02-19 00:00:00+00:00,overlap_wind_change=0.553m/s>=0.5
2026-02-20 04:00:00+00:00,2026-02-19 18:00:00+00:00,10.0,5.48,9.6,0.22241666666666673,0.17679167548180708,0.22241666666666673,baseline,turbine_2,2026-02-20 00:00:00+00:00,2026-02-19 00:00:00+00:00,overlap_wind_change=0.553m/s>=0.5
2026-02-20 05:00:00+00:00,2026-02-19 18:00:00+00:00,11.0,4.82,10.4,0.15408333333333338,0.1368723617414758,0.15408333333333338,baseline,turbine_2,2026-02-20 00:00:00+00:00,2026-02-19 00:00:00+00:00,overlap_wind_change=0.553m/s>=0.5
2026-02-20 06:00:00+00:00,2026-02-19 18:00:00+00:00,12.0,4.72,11.5,0.14553888888888888,0.12856217529815975,0.14553888888888888,baseline,turbine_2,2026-02-20 00:00:00+00:00,2026-02-19 00:00:00+00:00,overlap_wind_change=0.553m/s>=0.5
2026-02-20 07:00:00+00:00,2026-02-19 18:00:00+00:00,13.0,4.71,12.9,0.14470000000000002,0.1730736943525645,0.14470000000000002,baseline,turbine_2,2026-02-20 00:00:00+00:00,2026-02-19 00:00:00+00:00,overlap_wind_change=0.553m/s>=0.5
2026-02-20 08:00:00+00:00,2026-02-19 18:00:00+00:00,14.0,4.14,13.8,0.09798333333333331,0.22596607617162032,0.09798333333333331,baseline,turbine_2,2026-02-20 00:00:00+00:00,2026-02-19 00:00:00+00:00,overlap_wind_change=0.553m/s>=0.5
2026-02-20 09:00:00+00:00,2026-02-19 18:00:00+00:00,15.0,3.52,14.5,0.053705555555555555,0.16954567912877191,0.053705555555555555,baseline,turbine_2,2026-02-20 00:00:00+00:00,2026-02-19 00:00:00+00:00,overlap_wind_change=0.553m/s>=0.5
2026-02-20 10:00:00+00:00,2026-02-19 18:00:00+00:00,16.0,2.82,14.7,0.02743333333333333,0.12361721413424817,0.02743333333333333,baseline,turbine_2,2026-02-20 00:00:00+00:00,2026-02-19 00:00:00+00:00,overlap_wind_change=0.553m/s>=0.5
2026-02-20 11:00:00+00:00,2026-02-19 18:00:00+00:00,17.0,2.22,13.9,0.02077777777777778,0.1091323944322007,0.02077777777777778,baseline,turbine_2,2026-02-20 00:00:00+00:00,2026-02-19 00:00:00+00:00,overlap_wind_change=0.553m/s>=0.5
2026-02-20 12:00:00+00:00,2026-02-19 18:00:00+00:00,18.0,2.3,10.1,0.02161111111111111,0.10736136631359335,0.02161111111111111,baseline,turbine_2,2026-02-20 00:00:00+00:00,2026-02-19 00:00:00+00:00,overlap_wind_change=0.553m/s>=0.5
2026-02-20 13:00:00+00:00,2026-02-19 18:00:00+00:00,19.0,1.39,7.7,0.014355555555555554,0.09189359767017895,0.014355555555555554,baseline,turbine_2,2026-02-20 00:00:00+00:00,2026-02-19 00:00:00+00:00,overlap_wind_change=0.553m/s>=0.5
2026-02-20 14:00:00+00:00,2026-02-19 18:00:00+00:00,20.0,3.9,6.9,0.08025,0.1663126943054979,0.08025,baseline,turbine_2,2026-02-20 00:00:00+00:00,2026-02-19 00:00:00+00:00,overlap_wind_change=0.553m/s>=0.5
2026-02-20 15:00:00+00:00,2026-02-19 18:00:00+00:00,21.0,6.49,6.8,0.41455555555555557,0.6567211512990808,0.41455555555555557,baseline,turbine_2,2026-02-20 00:00:00+00:00,2026-02-19 00:00:00+00:00,overlap_wind_change=0.553m/s>=0.5
2026-02-20 16:00:00+00:00,2026-02-19 18:00:00+00:00,22.0,7.38,7.0,0.606711111111111,0.6643489567420169,0.606711111111111,baseline,turbine_2,2026-02-20 00:00:00+00:00,2026-02-19 00:00:00+00:00,overlap_wind_change=0.553m/s>=0.5
2026-02-20 17:00:00+00:00,2026-02-19 18:00:00+00:00,23.0,8.21,5.6,0.7645777777777778,0.5980869064558529,0.7645777777777778,baseline,turbine_2,2026-02-20 00:00:00+00:00,2026-02-19 00:00:00+00:00,overlap_wind_change=0.553m/s>=0.5
2026-02-20 18:00:00+00:00,2026-02-19 18:00:00+00:00,24.0,8.31,4.5,0.7834444444444444,0.5521555296541323,0.7834444444444444,baseline,turbine_2,2026-02-20 00:00:00+00:00,2026-02-19 00:00:00+00:00,overlap_wind_change=0.553m/s>=0.5
2026-02-20 19:00:00+00:00,2026-02-19 18:00:00+00:00,25.0,7.99,3.9,0.7103111111111111,0.615525509102829,0.7103111111111111,baseline,turbine_2,2026-02-20 00:00:00+00:00,2026-02-19 00:00:00+00:00,overlap_wind_change=0.553m/s>=0.5
2026-02-20 20:00:00+00:00,2026-02-19 18:00:00+00:00,26.0,7.53,4.1,0.6247111111111111,0.5214059298992862,0.6247111111111111,baseline,turbine_2,2026-02-20 00:00:00+00:00,2026-02-19 00:00:00+00:00,overlap_wind_change=0.553m/s>=0.5
2026-02-20 21:00:00+00:00,2026-02-19 18:00:00+00:00,27.0,7.3,4.2,0.597111111111111,0.4475666825141544,0.597111111111111,baseline,turbine_2,2026-02-20 00:00:00+00:00,2026-02-19 00:00:00+00:00,overlap_wind_change=0.553m/s>=0.5
2026-02-20 22:00:00+00:00,2026-02-19 18:00:00+00:00,28.0,6.85,4.2,0.4879999999999998,0.4939749141918931,0.4879999999999998,baseline,turbine_2,2026-02-20 00:00:00+00:00,2026-02-19 00:00:00+00:00,overlap_wind_change=0.553m/s>=0.5
2026-02-20 23:00:00+00:00,2026-02-19 18:00:00+00:00,29.0,6.36,4.0,0.39072222222222225,0.5525943235722804,0.39072222222222225,baseline,turbine_2,2026-02-20 00:00:00+00:00,2026-02-19 00:00:00+00:00,overlap_wind_change=0.553m/s>=0.5
2026-02-21 00:00:00+00:00,2026-02-19 18:00:00+00:00,30.0,5.15,3.9,0.18250000000000002,0.329362831094009,0.18250000000000002,baseline,turbine_2,2026-02-20 00:00:00+00:00,2026-02-19 00:00:00+00:00,overlap_wind_change=0.553m/s>=0.5
2026-02-21 01:00:00+00:00,2026-02-20 18:00:00+00:00,7.0,5.81,3.7,0.27388888888888885,0.20694699290936366,0.27388888888888885,baseline,turbine_1,2026-02-21 00:00:00+00:00,2026-02-20 00:00:00+00:00,overlap_wind_change=1.912m/s>=0.5
2026-02-21 02:00:00+00:00,2026-02-20 18:00:00+00:00,8.0,5.82,3.3,0.2761111111111112,0.2085406421409981,0.2761111111111112,baseline,turbine_1,2026-02-21 00:00:00+00:00,2026-02-20 00:00:00+00:00,overlap_wind_change=1.912m/s>=0.5
2026-02-21 03:00:00+00:00,2026-02-20 18:00:00+00:00,9.0,5.76,4.5,0.2627777777777778,0.18240604430691618,0.2627777777777778,baseline,turbine_1,2026-02-21 00:00:00+00:00,2026-02-20 00:00:00+00:00,overlap_wind_change=1.912m/s>=0.5
2026-02-21 04:00:00+00:00,2026-02-20 18:00:00+00:00,10.0,4.44,6.2,0.13803888888888893,0.07258536382824006,0.13803888888888893,baseline,turbine_1,2026-02-21 00:00:00+00:00,2026-02-20 00:00:00+00:00,overlap_wind_change=1.912m/s>=0.5
2026-02-21 05:00:00+00:00,2026-02-20 18:00:00+00:00,11.0,2.09,7.9,0.02121111111111111,0.0,0.02121111111111111,baseline,turbine_1,2026-02-21 00:00:00+00:00,2026-02-20 00:00:00+00:00,overlap_wind_change=1.912m/s>=0.5
2026-02-21 06:00:00+00:00,2026-02-20 18:00:00+00:00,12.0,11.57,9.0,0.9881999999999999,0.8312687474351842,0.9881999999999999,baseline,turbine_1,2026-02-21 00:00:00+00:00,2026-02-20 00:00:00+00:00,overlap_wind_change=1.912m/s>=0.5
2026-02-21 07:00:00+00:00,2026-02-20 18:00:00+00:00,13.0,12.15,8.8,0.9899999999999999,0.8288058387008425,0.9899999999999999,baseline,turbine_1,2026-02-21 00:00:00+00:00,2026-02-20 00:00:00+00:00,overlap_wind_change=1.912m/s>=0.5
2026-02-21 08:00:00+00:00,2026-02-20 18:00:00+00:00,14.0,11.67,7.9,0.9891999999999999,0.8366781827211494,0.9891999999999999,baseline,turbine_1,2026-02-21 00:00:00+00:00,2026-02-20 00:00:00+00:00,overlap_wind_change=1.912m/s>=0.5
2026-02-21 09:00:00+00:00,2026-02-20 18:00:00+00:00,15.0,12.29,7.6,0.9899999999999999,0.8366781827211494,0.9899999999999999,baseline,turbine_1,2026-02-21 00:00:00+00:00,2026-02-20 00:00:00+00:00,overlap_wind_change=1.912m/s>=0.5
2026-02-21 10:00:00+00:00,2026-02-20 18:00:00+00:00,16.0,10.66,6.7,0.9844499999999999,0.8335339808902502,0.9844499999999999,baseline,turbine_1,2026-02-21 00:00:00+00:00,2026-02-20 00:00:00+00:00,overlap_wind_change=1.912m/s>=0.5
2026-02-21 11:00:00+00:00,2026-02-20 18:00:00+00:00,17.0,9.55,6.5,0.9700555555555556,0.7656794071810646,0.9700555555555556,baseline,turbine_1,2026-02-21 00:00:00+00:00,2026-02-20 00:00:00+00:00,overlap_wind_change=1.912m/s>=0.5
2026-02-21 12:00:00+00:00,2026-02-20 18:00:00+00:00,18.0,8.14,6.7,0.7397944444444446,0.5337201031449205,0.7397944444444446,baseline,turbine_1,2026-02-21 00:00:00+00:00,2026-02-20 00:00:00+00:00,overlap_wind_change=1.912m/s>=0.5
2026-02-21 13:00:00+00:00,2026-02-20 18:00:00+00:00,19.0,6.65,5.9,0.45211111111111113,0.585531331632171,0.45211111111111113,baseline,turbine_1,2026-02-21 00:00:00+00:00,2026-02-20 00:00:00+00:00,overlap_wind_change=1.912m/s>=0.5
2026-02-21 14:00:00+00:00,2026-02-20 18:00:00+00:00,20.0,6.72,6.2,0.46618888888888876,0.5910944355115576,0.46618888888888876,baseline,turbine_1,2026-02-21 00:00:00+00:00,2026-02-20 00:00:00+00:00,overlap_wind_change=1.912m/s>=0.5
2026-02-21 15:00:00+00:00,2026-02-20 18:00:00+00:00,21.0,6.62,5.6,0.44607777777777774,0.5920981817868727,0.44607777777777774,baseline,turbine_1,2026-02-21 00:00:00+00:00,2026-02-20 00:00:00+00:00,overlap_wind_change=1.912m/s>=0.5
2026-02-21 16:00:00+00:00,2026-02-20 18:00:00+00:00,22.0,5.64,4.9,0.24882222222222222,0.2725585996040058,0.24882222222222222,baseline,turbine_1,2026-02-21 00:00:00+00:00,2026-02-20 00:00:00+00:00,overlap_wind_change=1.912m/s>=0.5
2026-02-21 17:00:00+00:00,2026-02-20 18:00:00+00:00,23.0,5.43,4.2,0.22642222222222222,0.25807830636080303,0.22642222222222222,baseline,turbine_1,2026-02-21 00:00:00+00:00,2026-02-20 00:00:00+00:00,overlap_wind_change=1.912m/s>=0.5
2026-02-21 18:00:00+00:00,2026-02-20 18:00:00+00:00,24.0,5.03,3.2,0.18913333333333335,0.265010148386497,0.18913333333333335,baseline,turbine_1,2026-02-21 00:00:00+00:00,2026-02-20 00:00:00+00:00,overlap_wind_change=1.912m/s>=0.5
2026-02-21 19:00:00+00:00,2026-02-20 18:00:00+00:00,25.0,4.46,2.4,0.13985,0.1719245081295534,0.13985,baseline,turbine_1,2026-02-21 00:00:00+00:00,2026-02-20 00:00:00+00:00,overlap_wind_change=1.912m/s>=0.5
2026-02-21 20:00:00+00:00,2026-02-20 18:00:00+00:00,26.0,4.56,1.6,0.14890555555555554,0.21725125545359095,0.14890555555555554,baseline,turbine_1,2026-02-21 00:00:00+00:00,2026-02-20 00:00:00+00:00,overlap_wind_change=1.912m/s>=0.5
2026-02-21 21:00:00+00:00,2026-02-20 18:00:00+00:00,27.0,3.52,0.3,0.06125,0.16945240905162495,0.06125,baseline,turbine_1,2026-02-21 00:00:00+00:00,2026-02-20 00:00:00+00:00,overlap_wind_change=1.912m/s>=0.5
2026-02-21 22:00:00+00:00,2026-02-20 18:00:00+00:00,28.0,1.98,-0.6,0.019561111111111112,0.08100948527720132,0.019561111111111112,baseline,turbine_1,2026-02-21 00:00:00+00:00,2026-02-20 00:00:00+00:00,overlap_wind_change=1.912m/s>=0.5
2026-02-21 23:00:00+00:00,2026-02-20 18:00:00+00:00,29.0,0.83,-1.3,0.010799999999999999,0.04308355427860158,0.010799999999999999,baseline,turbine_1,2026-02-21 00:00:00+00:00,2026-02-20 00:00:00+00:00,overlap_wind_change=1.912m/s>=0.5
2026-02-22 00:00:00+00:00,2026-02-20 18:00:00+00:00,30.0,1.15,-1.1,0.013999999999999999,0.061986463700513195,0.013999999999999999,baseline,turbine_1,2026-02-21 00:00:00+00:00,2026-02-20 00:00:00+00:00,overlap_wind_change=1.912m/s>=0.5
2026-02-21 01:00:00+00:00,2026-02-20 18:00:00+00:00,7.0,5.81,3.7,0.2725333333333333,0.27226941099864027,0.2725333333333333,baseline,turbine_2,2026-02-21 00:00:00+00:00,2026-02-20 00:00:00+00:00,overlap_wind_change=1.912m/s>=0.5
2026-02-21 02:00:00+00:00,2026-02-20 18:00:00+00:00,8.0,5.82,3.3,0.27476111111111123,0.2433324604830115,0.27476111111111123,baseline,turbine_2,2026-02-21 00:00:00+00:00,2026-02-20 00:00:00+00:00,overlap_wind_change=1.912m/s>=0.5
2026-02-21 03:00:00+00:00,2026-02-20 18:00:00+00:00,9.0,5.76,4.5,0.26139444444444443,0.2159200989036139,0.26139444444444443,baseline,turbine_2,2026-02-21 00:00:00+00:00,2026-02-20 00:00:00+00:00,overlap_wind_change=1.912m/s>=0.5
2026-02-21 04:00:00+00:00,2026-02-20 18:00:00+00:00,10.0,4.44,6.2,0.12205000000000005,0.0881249073565047,0.12205000000000005,baseline,turbine_2,2026-02-21 00:00:00+00:00,2026-02-20 00:00:00+00:00,overlap_wind_change=1.912m/s>=0.5
2026-02-21 05:00:00+00:00,2026-02-20 18:00:00+00:00,11.0,2.09,7.9,0.01933333333333333,0.024016371199035182,0.01933333333333333,baseline,turbine_2,2026-02-21 00:00:00+00:00,2026-02-20 00:00:00+00:00,overlap_wind_change=1.912m/s>=0.5
2026-02-21 06:00:00+00:00,2026-02-20 18:00:00+00:00,12.0,11.57,9.0,0.9765111111111111,0.8678277029976156,0.9765111111111111,baseline,turbine_2,2026-02-21 00:00:00+00:00,2026-02-20 00:00:00+00:00,overlap_wind_change=1.912m/s>=0.5
2026-02-21 07:00:00+00:00,2026-02-20 18:00:00+00:00,13.0,12.15,8.8,0.9754444444444444,0.8947087684994419,0.9754444444444444,baseline,turbine_2,2026-02-21 00:00:00+00:00,2026-02-20 00:00:00+00:00,overlap_wind_change=1.912m/s>=0.5
2026-02-21 08:00:00+00:00,2026-02-20 18:00:00+00:00,14.0,11.67,7.9,0.9762888888888889,0.903122389090298,0.9762888888888889,baseline,turbine_2,2026-02-21 00:00:00+00:00,2026-02-20 00:00:00+00:00,overlap_wind_change=1.912m/s>=0.5
2026-02-21 09:00:00+00:00,2026-02-20 18:00:00+00:00,15.0,12.29,7.6,0.9752111111111111,0.8805377376635983,0.9752111111111111,baseline,turbine_2,2026-02-21 00:00:00+00:00,2026-02-20 00:00:00+00:00,overlap_wind_change=1.912m/s>=0.5
2026-02-21 10:00:00+00:00,2026-02-20 18:00:00+00:00,16.0,10.66,6.7,0.9754333333333333,0.8667034118658313,0.9754333333333333,baseline,turbine_2,2026-02-21 00:00:00+00:00,2026-02-20 00:00:00+00:00,overlap_wind_change=1.912m/s>=0.5
2026-02-21 11:00:00+00:00,2026-02-20 18:00:00+00:00,17.0,9.55,6.5,0.9590555555555556,0.8921507135338604,0.9590555555555556,baseline,turbine_2,2026-02-21 00:00:00+00:00,2026-02-20 00:00:00+00:00,overlap_wind_change=1.912m/s>=0.5
2026-02-21 12:00:00+00:00,2026-02-20 18:00:00+00:00,18.0,8.14,6.7,0.7473111111111111,0.6202913007017059,0.7473111111111111,baseline,turbine_2,2026-02-21 00:00:00+00:00,2026-02-20 00:00:00+00:00,overlap_wind_change=1.912m/s>=0.5
2026-02-21 13:00:00+00:00,2026-02-20 18:00:00+00:00,19.0,6.65,5.9,0.4438888888888889,0.6543093661871271,0.4438888888888889,baseline,turbine_2,2026-02-21 00:00:00+00:00,2026-02-20 00:00:00+00:00,overlap_wind_change=1.912m/s>=0.5
2026-02-21 14:00:00+00:00,2026-02-20 18:00:00+00:00,20.0,6.72,6.2,0.4567222222222221,0.6549501231804734,0.4567222222222221,baseline,turbine_2,2026-02-21 00:00:00+00:00,2026-02-20 00:00:00+00:00,overlap_wind_change=1.912m/s>=0.5
2026-02-21 15:00:00+00:00,2026-02-20 18:00:00+00:00,21.0,6.62,5.6,0.43838888888888883,0.6567211512990808,0.43838888888888883,baseline,turbine_2,2026-02-21 00:00:00+00:00,2026-02-20 00:00:00+00:00,overlap_wind_change=1.912m/s>=0.5
2026-02-21 16:00:00+00:00,2026-02-20 18:00:00+00:00,22.0,5.64,4.9,0.24419444444444444,0.30307047121506264,0.24419444444444444,baseline,turbine_2,2026-02-21 00:00:00+00:00,2026-02-20 00:00:00+00:00,overlap_wind_change=1.912m/s>=0.5
2026-02-21 17:00:00+00:00,2026-02-20 18:00:00+00:00,23.0,5.43,4.2,0.2156111111111111,0.26354553403250763,0.2156111111111111,baseline,turbine_2,2026-02-21 00:00:00+00:00,2026-02-20 00:00:00+00:00,overlap_wind_change=1.912m/s>=0.5
2026-02-21 18:00:00+00:00,2026-02-20 18:00:00+00:00,24.0,5.03,3.2,0.1721666666666667,0.2961902532928341,0.1721666666666667,baseline,turbine_2,2026-02-21 00:00:00+00:00,2026-02-20 00:00:00+00:00,overlap_wind_change=1.912m/s>=0.5
2026-02-21 19:00:00+00:00,2026-02-20 18:00:00+00:00,25.0,4.46,2.4,0.12372777777777778,0.20357392818498551,0.12372777777777778,baseline,turbine_2,2026-02-21 00:00:00+00:00,2026-02-20 00:00:00+00:00,overlap_wind_change=1.912m/s>=0.5
2026-02-21 20:00:00+00:00,2026-02-20 18:00:00+00:00,26.0,4.56,1.6,0.13211666666666666,0.21638257196223804,0.13211666666666666,baseline,turbine_2,2026-02-21 00:00:00+00:00,2026-02-20 00:00:00+00:00,overlap_wind_change=1.912m/s>=0.5
2026-02-21 21:00:00+00:00,2026-02-20 18:00:00+00:00,27.0,3.52,0.3,0.053705555555555555,0.17754301374666295,0.053705555555555555,baseline,turbine_2,2026-02-21 00:00:00+00:00,2026-02-20 00:00:00+00:00,overlap_wind_change=1.912m/s>=0.5
2026-02-21 22:00:00+00:00,2026-02-20 18:00:00+00:00,28.0,1.98,-0.6,0.01811111111111111,0.10418534250285294,0.01811111111111111,baseline,turbine_2,2026-02-21 00:00:00+00:00,2026-02-20 00:00:00+00:00,overlap_wind_change=1.912m/s>=0.5
2026-02-21 23:00:00+00:00,2026-02-20 18:00:00+00:00,29.0,0.83,-1.3,0.010622222222222222,0.0716896548937234,0.010622222222222222,baseline,turbine_2,2026-02-21 00:00:00+00:00,2026-02-20 00:00:00+00:00,overlap_wind_change=1.912m/s>=0.5
2026-02-22 00:00:00+00:00,2026-02-20 18:00:00+00:00,30.0,1.15,-1.1,0.01311111111111111,0.06290276464503104,0.01311111111111111,baseline,turbine_2,2026-02-21 00:00:00+00:00,2026-02-20 00:00:00+00:00,overlap_wind_change=1.912m/s>=0.5
2026-02-22 01:00:00+00:00,2026-02-21 18:00:00+00:00,7.0,2.86,-1.0,0.03426666666666667,0.0,0.03426666666666667,baseline,turbine_1,2026-02-22 00:00:00+00:00,2026-02-21 00:00:00+00:00,overlap_wind_change=0.521m/s>=0.5
2026-02-22 02:00:00+00:00,2026-02-21 18:00:00+00:00,8.0,3.46,-0.2,0.05708333333333333,0.0,0.05708333333333333,baseline,turbine_1,2026-02-22 00:00:00+00:00,2026-02-21 00:00:00+00:00,overlap_wind_change=0.521m/s>=0.5
2026-02-22 03:00:00+00:00,2026-02-21 18:00:00+00:00,9.0,4.09,2.3,0.10687777777777777,0.07255648066216626,0.10687777777777777,baseline,turbine_1,2026-02-22 00:00:00+00:00,2026-02-21 00:00:00+00:00,overlap_wind_change=0.521m/s>=0.5
2026-02-22 04:00:00+00:00,2026-02-21 18:00:00+00:00,10.0,6.05,5.2,0.3272222222222222,0.21451160665957858,0.3272222222222222,baseline,turbine_1,2026-02-22 00:00:00+00:00,2026-02-21 00:00:00+00:00,overlap_wind_change=0.521m/s>=0.5
2026-02-22 05:00:00+00:00,2026-02-21 18:00:00+00:00,11.0,7.7,6.1,0.6433055555555555,0.5419760548269354,0.6433055555555555,baseline,turbine_1,2026-02-22 00:00:00+00:00,2026-02-21 00:00:00+00:00,overlap_wind_change=0.521m/s>=0.5
2026-02-22 06:00:00+00:00,2026-02-21 18:00:00+00:00,12.0,9.12,7.4,0.9294055555555554,0.7673850361024314,0.9294055555555554,baseline,turbine_1,2026-02-22 00:00:00+00:00,2026-02-21 00:00:00+00:00,overlap_wind_change=0.521m/s>=0.5
2026-02-22 07:00:00+00:00,2026-02-21 18:00:00+00:00,13.0,10.1,8.7,0.9816111111111111,0.8385500285695036,0.9816111111111111,baseline,turbine_1,2026-02-22 00:00:00+00:00,2026-02-21 00:00:00+00:00,overlap_wind_change=0.521m/s>=0.5
2026-02-22 08:00:00+00:00,2026-02-21 18:00:00+00:00,14.0,10.1,9.8,0.9816111111111111,0.8561008832217086,0.9816111111111111,baseline,turbine_1,2026-02-22 00:00:00+00:00,2026-02-21 00:00:00+00:00,overlap_wind_change=0.521m/s>=0.5
2026-02-22 09:00:00+00:00,2026-02-21 18:00:00+00:00,15.0,9.51,10.1,0.9679,0.8546124944898523,0.9679,baseline,turbine_1,2026-02-22 00:00:00+00:00,2026-02-21 00:00:00+00:00,overlap_wind_change=0.521m/s>=0.5
2026-02-22 10:00:00+00:00,2026-02-21 18:00:00+00:00,16.0,8.47,10.2,0.8068333333333335,0.7076622458705856,0.8068333333333335,baseline,turbine_1,2026-02-22 00:00:00+00:00,2026-02-21 00:00:00+00:00,overlap_wind_change=0.521m/s>=0.5
2026-02-22 11:00:00+00:00,2026-02-21 18:00:00+00:00,17.0,7.57,9.8,0.6273444444444445,0.5471396929339916,0.6273444444444445,baseline,turbine_1,2026-02-22 00:00:00+00:00,2026-02-21 00:00:00+00:00,overlap_wind_change=0.521m/s>=0.5
2026-02-22 12:00:00+00:00,2026-02-21 18:00:00+00:00,18.0,7.39,7.8,0.6052444444444444,0.5330952496094831,0.6052444444444444,baseline,turbine_1,2026-02-22 00:00:00+00:00,2026-02-21 00:00:00+00:00,overlap_wind_change=0.521m/s>=0.5
2026-02-22 13:00:00+00:00,2026-02-21 18:00:00+00:00,19.0,6.13,5.2,0.345,0.3788312558135091,0.345,baseline,turbine_1,2026-02-22 00:00:00+00:00,2026-02-21 00:00:00+00:00,overlap_wind_change=0.521m/s>=0.5
2026-02-22 14:00:00+00:00,2026-02-21 18:00:00+00:00,20.0,4.54,2.8,0.14709444444444444,0.2680670129245888,0.14709444444444444,baseline,turbine_1,2026-02-22 00:00:00+00:00,2026-02-21 00:00:00+00:00,overlap_wind_change=0.521m/s>=0.5
2026-02-22 15:00:00+00:00,2026-02-21 18:00:00+00:00,21.0,3.49,1.3,0.05916666666666668,0.16467767128563698,0.05916666666666668,baseline,turbine_1,2026-02-22 00:00:00+00:00,2026-02-21 00:00:00+00:00,overlap_wind_change=0.521m/s>=0.5
2026-02-22 16:00:00+00:00,2026-02-21 18:00:00+00:00,22.0,3.14,0.6,0.040177777777777784,0.14328010724933643,0.040177777777777784,baseline,turbine_1,2026-02-22 00:00:00+00:00,2026-02-21 00:00:00+00:00,overlap_wind_change=0.521m/s>=0.5
2026-02-22 17:00:00+00:00,2026-02-21 18:00:00+00:00,23.0,2.67,0.6,0.030611111111111113,0.12209768956459904,0.030611111111111113,baseline,turbine_1,2026-02-22 00:00:00+00:00,2026-02-21 00:00:00+00:00,overlap_wind_change=0.521m/s>=0.5
2026-02-22 18:00:00+00:00,2026-02-21 18:00:00+00:00,24.0,1.96,0.4,0.01926111111111111,0.11608143291556122,0.01926111111111111,baseline,turbine_1,2026-02-22 00:00:00+00:00,2026-02-21 00:00:00+00:00,overlap_wind_change=0.521m/s>=0.5
2026-02-22 19:00:00+00:00,2026-02-21 18:00:00+00:00,25.0,2.03,0.0,0.02031111111111111,0.08963506836105202,0.02031111111111111,baseline,turbine_1,2026-02-22 00:00:00+00:00,2026-02-21 00:00:00+00:00,overlap_wind_change=0.521m/s>=0.5
2026-02-22 20:00:00+00:00,2026-02-21 18:00:00+00:00,26.0,1.57,0.4,0.015711111111111113,0.10057285693001433,0.015711111111111113,baseline,turbine_1,2026-02-22 00:00:00+00:00,2026-02-21 00:00:00+00:00,overlap_wind_change=0.521m/s>=0.5
2026-02-22 21:00:00+00:00,2026-02-21 18:00:00+00:00,27.0,1.45,1.4,0.015444444444444445,0.0739300601831767,0.015444444444444445,baseline,turbine_1,2026-02-22 00:00:00+00:00,2026-02-21 00:00:00+00:00,overlap_wind_change=0.521m/s>=0.5
2026-02-22 22:00:00+00:00,2026-02-21 18:00:00+00:00,28.0,2.01,2.3,0.020011111111111108,0.078570350693234,0.020011111111111108,baseline,turbine_1,2026-02-22 00:00:00+00:00,2026-02-21 00:00:00+00:00,overlap_wind_change=0.521m/s>=0.5
2026-02-22 23:00:00+00:00,2026-02-21 18:00:00+00:00,29.0,1.25,2.9,0.015,0.0543649851092651,0.015,baseline,turbine_1,2026-02-22 00:00:00+00:00,2026-02-21 00:00:00+00:00,overlap_wind_change=0.521m/s>=0.5
2026-02-23 00:00:00+00:00,2026-02-21 18:00:00+00:00,30.0,0.89,2.9,0.0114,0.02762722244291182,0.0114,baseline,turbine_1,2026-02-22 00:00:00+00:00,2026-02-21 00:00:00+00:00,overlap_wind_change=0.521m/s>=0.5
2026-02-22 01:00:00+00:00,2026-02-21 18:00:00+00:00,7.0,2.86,-1.0,0.02818888888888889,0.0,0.02818888888888889,baseline,turbine_2,2026-02-22 00:00:00+00:00,2026-02-21 00:00:00+00:00,overlap_wind_change=0.521m/s>=0.5
2026-02-22 02:00:00+00:00,2026-02-21 18:00:00+00:00,8.0,3.46,-0.2,0.04967222222222222,0.0,0.04967222222222222,baseline,turbine_2,2026-02-22 00:00:00+00:00,2026-02-21 00:00:00+00:00,overlap_wind_change=0.521m/s>=0.5
2026-02-22 03:00:00+00:00,2026-02-21 18:00:00+00:00,9.0,4.09,2.3,0.09428888888888888,0.08065217043121391,0.09428888888888888,baseline,turbine_2,2026-02-22 00:00:00+00:00,2026-02-21 00:00:00+00:00,overlap_wind_change=0.521m/s>=0.5
2026-02-22 04:00:00+00:00,2026-02-21 18:00:00+00:00,10.0,6.05,5.2,0.32599999999999996,0.2211627390613037,0.32599999999999996,baseline,turbine_2,2026-02-22 00:00:00+00:00,2026-02-21 00:00:00+00:00,overlap_wind_change=0.521m/s>=0.5
2026-02-22 05:00:00+00:00,2026-02-21 18:00:00+00:00,11.0,7.7,6.1,0.6451111111111111,0.5014992008531518,0.6451111111111111,baseline,turbine_2,2026-02-22 00:00:00+00:00,2026-02-21 00:00:00+00:00,overlap_wind_change=0.521m/s>=0.5
2026-02-22 06:00:00+00:00,2026-02-21 18:00:00+00:00,12.0,9.12,7.4,0.9199499999999997,0.7302027153585924,0.9199499999999997,baseline,turbine_2,2026-02-22 00:00:00+00:00,2026-02-21 00:00:00+00:00,overlap_wind_change=0.521m/s>=0.5
2026-02-22 07:00:00+00:00,2026-02-21 18:00:00+00:00,13.0,10.1,8.7,0.972111111111111,0.9451795216761046,0.972111111111111,baseline,turbine_2,2026-02-22 00:00:00+00:00,2026-02-21 00:00:00+00:00,overlap_wind_change=0.521m/s>=0.5
2026-02-22 08:00:00+00:00,2026-02-21 18:00:00+00:00,14.0,10.1,9.8,0.972111111111111,0.9535931422669607,0.972111111111111,baseline,turbine_2,2026-02-22 00:00:00+00:00,2026-02-21 00:00:00+00:00,overlap_wind_change=0.521m/s>=0.5
2026-02-22 09:00:00+00:00,2026-02-21 18:00:00+00:00,15.0,9.51,10.1,0.9571444444444444,0.9242529020778699,0.9571444444444444,baseline,turbine_2,2026-02-22 00:00:00+00:00,2026-02-21 00:00:00+00:00,overlap_wind_change=0.521m/s>=0.5
2026-02-22 10:00:00+00:00,2026-02-21 18:00:00+00:00,16.0,8.47,10.2,0.8074444444444444,0.6453636057544685,0.8074444444444444,baseline,turbine_2,2026-02-22 00:00:00+00:00,2026-02-21 00:00:00+00:00,overlap_wind_change=0.521m/s>=0.5
2026-02-22 11:00:00+00:00,2026-02-21 18:00:00+00:00,17.0,7.57,9.8,0.6295111111111111,0.6431923977171481,0.6295111111111111,baseline,turbine_2,2026-02-22 00:00:00+00:00,2026-02-21 00:00:00+00:00,overlap_wind_change=0.521m/s>=0.5
2026-02-22 12:00:00+00:00,2026-02-21 18:00:00+00:00,18.0,7.39,7.8,0.607911111111111,0.6415577389949496,0.607911111111111,baseline,turbine_2,2026-02-22 00:00:00+00:00,2026-02-21 00:00:00+00:00,overlap_wind_change=0.521m/s>=0.5
2026-02-22 13:00:00+00:00,2026-02-21 18:00:00+00:00,19.0,6.13,5.2,0.3438222222222222,0.42383378280732825,0.3438222222222222,baseline,turbine_2,2026-02-22 00:00:00+00:00,2026-02-21 00:00:00+00:00,overlap_wind_change=0.521m/s>=0.5
2026-02-22 14:00:00+00:00,2026-02-21 18:00:00+00:00,20.0,4.54,2.8,0.1304388888888889,0.2934021555492171,0.1304388888888889,baseline,turbine_2,2026-02-22 00:00:00+00:00,2026-02-21 00:00:00+00:00,overlap_wind_change=0.521m/s>=0.5
2026-02-22 15:00:00+00:00,2026-02-21 18:00:00+00:00,21.0,3.49,1.3,0.0516888888888889,0.19431304690208598,0.0516888888888889,baseline,turbine_2,2026-02-22 00:00:00+00:00,2026-02-21 00:00:00+00:00,overlap_wind_change=0.521m/s>=0.5
2026-02-22 16:00:00+00:00,2026-02-21 18:00:00+00:00,22.0,3.14,0.6,0.03347777777777778,0.1297019099882562,0.03347777777777778,baseline,turbine_2,2026-02-22 00:00:00+00:00,2026-02-21 00:00:00+00:00,overlap_wind_change=0.521m/s>=0.5
2026-02-22 17:00:00+00:00,2026-02-21 18:00:00+00:00,23.0,2.67,0.6,0.02531111111111111,0.10992311634961634,0.02531111111111111,baseline,turbine_2,2026-02-22 00:00:00+00:00,2026-02-21 00:00:00+00:00,overlap_wind_change=0.521m/s>=0.5
2026-02-22 18:00:00+00:00,2026-02-21 18:00:00+00:00,24.0,1.96,0.4,0.017888888888888888,0.11711147552688109,0.017888888888888888,baseline,turbine_2,2026-02-22 00:00:00+00:00,2026-02-21 00:00:00+00:00,overlap_wind_change=0.521m/s>=0.5
2026-02-22 19:00:00+00:00,2026-02-21 18:00:00+00:00,25.0,2.03,0.0,0.018666666666666665,0.10171858496438649,0.018666666666666665,baseline,turbine_2,2026-02-22 00:00:00+00:00,2026-02-21 00:00:00+00:00,overlap_wind_change=0.521m/s>=0.5
2026-02-22 20:00:00+00:00,2026-02-21 18:00:00+00:00,26.0,1.57,0.4,0.014955555555555554,0.10889482851253839,0.014955555555555554,baseline,turbine_2,2026-02-22 00:00:00+00:00,2026-02-21 00:00:00+00:00,overlap_wind_change=0.521m/s>=0.5
2026-02-22 21:00:00+00:00,2026-02-21 18:00:00+00:00,27.0,1.45,1.4,0.014555555555555554,0.09761639017372523,0.014555555555555554,baseline,turbine_2,2026-02-22 00:00:00+00:00,2026-02-21 00:00:00+00:00,overlap_wind_change=0.521m/s>=0.5
2026-02-22 22:00:00+00:00,2026-02-21 18:00:00+00:00,28.0,2.01,2.3,0.01844444444444444,0.11590436584377276,0.01844444444444444,baseline,turbine_2,2026-02-22 00:00:00+00:00,2026-02-21 00:00:00+00:00,overlap_wind_change=0.521m/s>=0.5
2026-02-22 23:00:00+00:00,2026-02-21 18:00:00+00:00,29.0,1.25,2.9,0.013888888888888888,0.0918944568420527,0.013888888888888888,baseline,turbine_2,2026-02-22 00:00:00+00:00,2026-02-21 00:00:00+00:00,overlap_wind_change=0.521m/s>=0.5
2026-02-23 00:00:00+00:00,2026-02-21 18:00:00+00:00,30.0,0.89,2.9,0.01108888888888889,0.0556743687893239,0.01108888888888889,baseline,turbine_2,2026-02-22 00:00:00+00:00,2026-02-21 00:00:00+00:00,overlap_wind_change=0.521m/s>=0.5
2026-02-23 01:00:00+00:00,2026-02-22 18:00:00+00:00,7.0,4.72,2.0,0.16339444444444443,0.06984418420316484,0.16339444444444443,baseline,turbine_1,2026-02-23 00:00:00+00:00,2026-02-22 00:00:00+00:00,overlap_wind_change=1.185m/s>=0.5
2026-02-23 02:00:00+00:00,2026-02-22 18:00:00+00:00,8.0,5.78,2.1,0.2672222222222223,0.2200433737845131,0.2672222222222223,baseline,turbine_1,2026-02-23 00:00:00+00:00,2026-02-22 00:00:00+00:00,overlap_wind_change=1.185m/s>=0.5
2026-02-23 03:00:00+00:00,2026-02-22 18:00:00+00:00,9.0,6.19,4.7,0.3583333333333334,0.20501639032283733,0.3583333333333334,baseline,turbine_1,2026-02-23 00:00:00+00:00,2026-02-22 00:00:00+00:00,overlap_wind_change=1.185m/s>=0.5
2026-02-23 04:00:00+00:00,2026-02-22 18:00:00+00:00,10.0,5.85,6.7,0.28277777777777774,0.22848168713727304,0.28277777777777774,baseline,turbine_1,2026-02-23 00:00:00+00:00,2026-02-22 00:00:00+00:00,overlap_wind_change=1.185m/s>=0.5
2026-02-23 05:00:00+00:00,2026-02-22 18:00:00+00:00,11.0,5.14,7.0,0.19817777777777776,0.1477968501658384,0.19817777777777776,baseline,turbine_1,2026-02-23 00:00:00+00:00,2026-02-22 00:00:00+00:00,overlap_wind_change=1.185m/s>=0.5
2026-02-23 06:00:00+00:00,2026-02-22 18:00:00+00:00,12.0,5.33,7.0,0.21575555555555556,0.14049116667480088,0.21575555555555556,baseline,turbine_1,2026-02-23 00:00:00+00:00,2026-02-22 00:00:00+00:00,overlap_wind_change=1.185m/s>=0.5
2026-02-23 07:00:00+00:00,2026-02-22 18:00:00+00:00,13.0,6.42,6.4,0.4058555555555555,0.5132065944266894,0.4058555555555555,baseline,turbine_1,2026-02-23 00:00:00+00:00,2026-02-22 00:00:00+00:00,overlap_wind_change=1.185m/s>=0.5
2026-02-23 08:00:00+00:00,2026-02-22 18:00:00+00:00,14.0,6.23,6.2,0.3672222222222223,0.4681623073826948,0.3672222222222223,baseline,turbine_1,2026-02-23 00:00:00+00:00,2026-02-22 00:00:00+00:00,overlap_wind_change=1.185m/s>=0.5
2026-02-23 09:00:00+00:00,2026-02-22 18:00:00+00:00,15.0,6.05,5.8,0.3272222222222222,0.3990640677537133,0.3272222222222222,baseline,turbine_1,2026-02-23 00:00:00+00:00,2026-02-22 00:00:00+00:00,overlap_wind_change=1.185m/s>=0.5
2026-02-23 10:00:00+00:00,2026-02-22 18:00:00+00:00,16.0,6.27,5.7,0.3756888888888888,0.4734406228250425,0.3756888888888888,baseline,turbine_1,2026-02-23 00:00:00+00:00,2026-02-22 00:00:00+00:00,overlap_wind_change=1.185m/s>=0.5
2026-02-23 11:00:00+00:00,2026-02-22 18:00:00+00:00,17.0,7.21,5.4,0.5787888888888889,0.5176040588161259,0.5787888888888889,baseline,turbine_1,2026-02-23 00:00:00+00:00,2026-02-22 00:00:00+00:00,overlap_wind_change=1.185m/s>=0.5
2026-02-23 12:00:00+00:00,2026-02-22 18:00:00+00:00,18.0,6.65,4.9,0.45211111111111113,0.5539661830775037,0.45211111111111113,baseline,turbine_1,2026-02-23 00:00:00+00:00,2026-02-22 00:00:00+00:00,overlap_wind_change=1.185m/s>=0.5
2026-02-23 13:00:00+00:00,2026-02-22 18:00:00+00:00,19.0,6.76,4.2,0.4745388888888888,0.5841082924234763,0.4745388888888888,baseline,turbine_1,2026-02-23 00:00:00+00:00,2026-02-22 00:00:00+00:00,overlap_wind_change=1.185m/s>=0.5
2026-02-23 14:00:00+00:00,2026-02-22 18:00:00+00:00,20.0,8.99,3.6,0.9049222222222222,0.720911675797929,0.9049222222222222,baseline,turbine_1,2026-02-23 00:00:00+00:00,2026-02-22 00:00:00+00:00,overlap_wind_change=1.185m/s>=0.5
2026-02-23 15:00:00+00:00,2026-02-22 18:00:00+00:00,21.0,9.85,2.7,0.9810555555555556,0.8272850659445272,0.9810555555555556,baseline,turbine_1,2026-02-23 00:00:00+00:00,2026-02-22 00:00:00+00:00,overlap_wind_change=1.185m/s>=0.5
2026-02-23 16:00:00+00:00,2026-02-22 18:00:00+00:00,22.0,10.42,1.7,0.9829833333333332,0.9030448811278802,0.9829833333333332,baseline,turbine_1,2026-02-23 00:00:00+00:00,2026-02-22 00:00:00+00:00,overlap_wind_change=1.185m/s>=0.5
2026-02-23 17:00:00+00:00,2026-02-22 18:00:00+00:00,23.0,10.44,0.7,0.9831055555555555,0.9403879234168712,0.9831055555555555,baseline,turbine_1,2026-02-23 00:00:00+00:00,2026-02-22 00:00:00+00:00,overlap_wind_change=1.185m/s>=0.5
2026-02-23 18:00:00+00:00,2026-02-22 18:00:00+00:00,24.0,10.38,-0.3,0.9827388888888888,0.9848008427507772,0.9827388888888888,baseline,turbine_1,2026-02-23 00:00:00+00:00,2026-02-22 00:00:00+00:00,overlap_wind_change=1.185m/s>=0.5
2026-02-23 19:00:00+00:00,2026-02-22 18:00:00+00:00,25.0,9.95,-1.3,0.9812777777777778,0.9730400522982547,0.9812777777777778,baseline,turbine_1,2026-02-23 00:00:00+00:00,2026-02-22 00:00:00+00:00,overlap_wind_change=1.185m/s>=0.5
2026-02-23 20:00:00+00:00,2026-02-22 18:00:00+00:00,26.0,9.1,-2.0,0.9256388888888888,0.8985814957950572,0.9256388888888888,baseline,turbine_1,2026-02-23 00:00:00+00:00,2026-02-22 00:00:00+00:00,overlap_wind_change=1.185m/s>=0.5
2026-02-23 21:00:00+00:00,2026-02-22 18:00:00+00:00,27.0,8.43,-2.4,0.7992777777777778,0.7768494814279537,0.7992777777777778,baseline,turbine_1,2026-02-23 00:00:00+00:00,2026-02-22 00:00:00+00:00,overlap_wind_change=1.185m/s>=0.5
2026-02-23 22:00:00+00:00,2026-02-22 18:00:00+00:00,28.0,8.03,-2.6,0.714311111111111,0.6835578306073695,0.714311111111111,baseline,turbine_1,2026-02-23 00:00:00+00:00,2026-02-22 00:00:00+00:00,overlap_wind_change=1.185m/s>=0.5
2026-02-23 23:00:00+00:00,2026-02-22 18:00:00+00:00,29.0,7.89,-2.8,0.6818777777777777,0.6524701168040137,0.6818777777777777,baseline,turbine_1,2026-02-23 00:00:00+00:00,2026-02-22 00:00:00+00:00,overlap_wind_change=1.185m/s>=0.5
2026-02-24 00:00:00+00:00,2026-02-22 18:00:00+00:00,30.0,7.49,-2.9,0.6175222222222222,0.6249614105306828,0.6175222222222222,baseline,turbine_1,2026-02-23 00:00:00+00:00,2026-02-22 00:00:00+00:00,overlap_wind_change=1.185m/s>=0.5
2026-02-23 01:00:00+00:00,2026-02-22 18:00:00+00:00,7.0,4.72,2.0,0.14553888888888888,0.09537962526745353,0.14553888888888888,baseline,turbine_2,2026-02-23 00:00:00+00:00,2026-02-22 00:00:00+00:00,overlap_wind_change=1.185m/s>=0.5
2026-02-23 02:00:00+00:00,2026-02-22 18:00:00+00:00,8.0,5.78,2.1,0.2658500000000001,0.2561587761266025,0.2658500000000001,baseline,turbine_2,2026-02-23 00:00:00+00:00,2026-02-22 00:00:00+00:00,overlap_wind_change=1.185m/s>=0.5
2026-02-23 03:00:00+00:00,2026-02-22 18:00:00+00:00,9.0,6.19,4.7,0.35718888888888894,0.2211627390613037,0.35718888888888894,baseline,turbine_2,2026-02-23 00:00:00+00:00,2026-02-22 00:00:00+00:00,overlap_wind_change=1.185m/s>=0.5
2026-02-23 04:00:00+00:00,2026-02-22 18:00:00+00:00,10.0,5.85,6.7,0.2814444444444444,0.2766448038056891,0.2814444444444444,baseline,turbine_2,2026-02-23 00:00:00+00:00,2026-02-22 00:00:00+00:00,overlap_wind_change=1.185m/s>=0.5
2026-02-23 05:00:00+00:00,2026-02-22 18:00:00+00:00,11.0,5.14,7.0,0.18163888888888885,0.1941794873809991,0.18163888888888885,baseline,turbine_2,2026-02-23 00:00:00+00:00,2026-02-22 00:00:00+00:00,overlap_wind_change=1.185m/s>=0.5
2026-02-23 06:00:00+00:00,2026-02-22 18:00:00+00:00,12.0,5.33,7.0,0.202,0.19703112066452025,0.202,baseline,turbine_2,2026-02-23 00:00:00+00:00,2026-02-22 00:00:00+00:00,overlap_wind_change=1.185m/s>=0.5
2026-02-23 07:00:00+00:00,2026-02-22 18:00:00+00:00,13.0,6.42,6.4,0.40172222222222215,0.6268792214587765,0.40172222222222215,baseline,turbine_2,2026-02-23 00:00:00+00:00,2026-02-22 00:00:00+00:00,overlap_wind_change=1.185m/s>=0.5
2026-02-23 08:00:00+00:00,2026-02-22 18:00:00+00:00,14.0,6.23,6.2,0.3661000000000001,0.5805877905385918,0.3661000000000001,baseline,turbine_2,2026-02-23 00:00:00+00:00,2026-02-22 00:00:00+00:00,overlap_wind_change=1.185m/s>=0.5
2026-02-23 09:00:00+00:00,2026-02-22 18:00:00+00:00,15.0,6.05,5.8,0.32599999999999996,0.48723326318825544,0.32599999999999996,baseline,turbine_2,2026-02-23 00:00:00+00:00,2026-02-22 00:00:00+00:00,overlap_wind_change=1.185m/s>=0.5
2026-02-23 10:00:00+00:00,2026-02-22 18:00:00+00:00,16.0,6.27,5.7,0.3742222222222221,0.567007259619383,0.3742222222222221,baseline,turbine_2,2026-02-23 00:00:00+00:00,2026-02-22 00:00:00+00:00,overlap_wind_change=1.185m/s>=0.5
2026-02-23 11:00:00+00:00,2026-02-22 18:00:00+00:00,17.0,7.21,5.4,0.5807999999999999,0.6335601198729057,0.5807999999999999,baseline,turbine_2,2026-02-23 00:00:00+00:00,2026-02-22 00:00:00+00:00,overlap_wind_change=1.185m/s>=0.5
2026-02-23 12:00:00+00:00,2026-02-22 18:00:00+00:00,18.0,6.65,4.9,0.4438888888888889,0.5895761234515049,0.4438888888888889,baseline,turbine_2,2026-02-23 00:00:00+00:00,2026-02-22 00:00:00+00:00,overlap_wind_change=1.185m/s>=0.5
2026-02-23 13:00:00+00:00,2026-02-22 18:00:00+00:00,19.0,6.76,4.2,0.4647999999999999,0.618963211622172,0.4647999999999999,baseline,turbine_2,2026-02-23 00:00:00+00:00,2026-02-22 00:00:00+00:00,overlap_wind_change=1.185m/s>=0.5
2026-02-23 14:00:00+00:00,2026-02-22 18:00:00+00:00,20.0,8.99,3.6,0.8951777777777777,0.8414658054780085,0.8951777777777777,baseline,turbine_2,2026-02-23 00:00:00+00:00,2026-02-22 00:00:00+00:00,overlap_wind_change=1.185m/s>=0.5
2026-02-23 15:00:00+00:00,2026-02-22 18:00:00+00:00,21.0,9.85,2.7,0.9696111111111111,0.9918178056401786,0.9696111111111111,baseline,turbine_2,2026-02-23 00:00:00+00:00,2026-02-22 00:00:00+00:00,overlap_wind_change=1.185m/s>=0.5
2026-02-23 16:00:00+00:00,2026-02-22 18:00:00+00:00,22.0,10.42,1.7,0.9743666666666666,1.0,0.9743666666666666,baseline,turbine_2,2026-02-23 00:00:00+00:00,2026-02-22 00:00:00+00:00,overlap_wind_change=1.185m/s>=0.5
2026-02-23 17:00:00+00:00,2026-02-22 18:00:00+00:00,23.0,10.44,0.7,0.9744555555555555,1.0,0.9744555555555555,baseline,turbine_2,2026-02-23 00:00:00+00:00,2026-02-22 00:00:00+00:00,overlap_wind_change=1.185m/s>=0.5
2026-02-23 18:00:00+00:00,2026-02-22 18:00:00+00:00,24.0,10.38,-0.3,0.9741888888888889,1.0,0.9741888888888889,baseline,turbine_2,2026-02-23 00:00:00+00:00,2026-02-22 00:00:00+00:00,overlap_wind_change=1.185m/s>=0.5
2026-02-23 19:00:00+00:00,2026-02-22 18:00:00+00:00,25.0,9.95,-1.3,0.9706111111111111,1.0,0.9706111111111111,baseline,turbine_2,2026-02-23 00:00:00+00:00,2026-02-22 00:00:00+00:00,overlap_wind_change=1.185m/s>=0.5
2026-02-23 20:00:00+00:00,2026-02-22 18:00:00+00:00,26.0,9.1,-2.0,0.9161388888888887,0.8505704712650631,0.9161388888888887,baseline,turbine_2,2026-02-23 00:00:00+00:00,2026-02-22 00:00:00+00:00,overlap_wind_change=1.185m/s>=0.5
2026-02-23 21:00:00+00:00,2026-02-22 18:00:00+00:00,27.0,8.43,-2.4,0.8014444444444443,0.6956484730647204,0.8014444444444443,baseline,turbine_2,2026-02-23 00:00:00+00:00,2026-02-22 00:00:00+00:00,overlap_wind_change=1.185m/s>=0.5
2026-02-23 22:00:00+00:00,2026-02-22 18:00:00+00:00,28.0,8.03,-2.6,0.7201777777777775,0.6572406460111497,0.7201777777777775,baseline,turbine_2,2026-02-23 00:00:00+00:00,2026-02-22 00:00:00+00:00,overlap_wind_change=1.185m/s>=0.5
2026-02-23 23:00:00+00:00,2026-02-22 18:00:00+00:00,29.0,7.89,-2.8,0.6856444444444443,0.6696184411877942,0.6856444444444443,baseline,turbine_2,2026-02-23 00:00:00+00:00,2026-02-22 00:00:00+00:00,overlap_wind_change=1.185m/s>=0.5
2026-02-24 00:00:00+00:00,2026-02-22 18:00:00+00:00,30.0,7.49,-2.9,0.6199111111111111,0.6347386775082484,0.6199111111111111,baseline,turbine_2,2026-02-23 00:00:00+00:00,2026-02-22 00:00:00+00:00,overlap_wind_change=1.185m/s>=0.5
2026-02-24 01:00:00+00:00,2026-02-23 18:00:00+00:00,7.0,7.16,-1.8,0.5672055555555556,0.41667012659520297,0.5672055555555556,baseline,turbine_1,2026-02-24 00:00:00+00:00,2026-02-23 00:00:00+00:00,overlap_wind_change=1.455m/s>=0.5
2026-02-24 02:00:00+00:00,2026-02-23 18:00:00+00:00,8.0,6.59,-1.6,0.44004444444444435,0.39148176066994306,0.44004444444444435,baseline,turbine_1,2026-02-24 00:00:00+00:00,2026-02-23 00:00:00+00:00,overlap_wind_change=1.455m/s>=0.5
2026-02-24 03:00:00+00:00,2026-02-23 18:00:00+00:00,9.0,6.02,-1.1,0.3205555555555555,0.30697816773535963,0.3205555555555555,baseline,turbine_1,2026-02-24 00:00:00+00:00,2026-02-23 00:00:00+00:00,overlap_wind_change=1.455m/s>=0.5
2026-02-24 04:00:00+00:00,2026-02-23 18:00:00+00:00,10.0,5.78,-0.6,0.2672222222222223,0.25800193479401295,0.2672222222222223,baseline,turbine_1,2026-02-24 00:00:00+00:00,2026-02-23 00:00:00+00:00,overlap_wind_change=1.455m/s>=0.5
2026-02-24 05:00:00+00:00,2026-02-23 18:00:00+00:00,11.0,5.41,0.7,0.22428888888888893,0.1886461649769775,0.22428888888888893,baseline,turbine_1,2026-02-24 00:00:00+00:00,2026-02-23 00:00:00+00:00,overlap_wind_change=1.455m/s>=0.5
2026-02-24 06:00:00+00:00,2026-02-23 18:00:00+00:00,12.0,4.85,1.6,0.1743333333333333,0.18699146159713156,0.1743333333333333,baseline,turbine_1,2026-02-24 00:00:00+00:00,2026-02-23 00:00:00+00:00,overlap_wind_change=1.455m/s>=0.5
2026-02-24 07:00:00+00:00,2026-02-23 18:00:00+00:00,13.0,4.66,1.9,0.15796111111111114,0.12635918525162493,0.15796111111111114,baseline,turbine_1,2026-02-24 00:00:00+00:00,2026-02-23 00:00:00+00:00,overlap_wind_change=1.455m/s>=0.5
2026-02-24 08:00:00+00:00,2026-02-23 18:00:00+00:00,14.0,4.74,2.2,0.16520555555555558,0.226291091815588,0.16520555555555558,baseline,turbine_1,2026-02-24 00:00:00+00:00,2026-02-23 00:00:00+00:00,overlap_wind_change=1.455m/s>=0.5
2026-02-24 09:00:00+00:00,2026-02-23 18:00:00+00:00,15.0,4.63,2.8,0.15524444444444443,0.2433078903546287,0.15524444444444443,baseline,turbine_1,2026-02-24 00:00:00+00:00,2026-02-23 00:00:00+00:00,overlap_wind_change=1.455m/s>=0.5
2026-02-24 10:00:00+00:00,2026-02-23 18:00:00+00:00,16.0,4.35,2.0,0.12988888888888886,0.2179280546555756,0.12988888888888886,baseline,turbine_1,2026-02-24 00:00:00+00:00,2026-02-23 00:00:00+00:00,overlap_wind_change=1.455m/s>=0.5
2026-02-24 11:00:00+00:00,2026-02-23 18:00:00+00:00,17.0,4.01,1.5,0.09989999999999997,0.22790890706701253,0.09989999999999997,baseline,turbine_1,2026-02-24 00:00:00+00:00,2026-02-23 00:00:00+00:00,overlap_wind_change=1.455m/s>=0.5
2026-02-24 12:00:00+00:00,2026-02-23 18:00:00+00:00,18.0,3.66,0.8,0.07097222222222223,0.1405984092735032,0.07097222222222223,baseline,turbine_1,2026-02-24 00:00:00+00:00,2026-02-23 00:00:00+00:00,overlap_wind_change=1.455m/s>=0.5
2026-02-24 13:00:00+00:00,2026-02-23 18:00:00+00:00,19.0,3.26,-0.3,0.04319444444444443,0.12842479913076552,0.04319444444444443,baseline,turbine_1,2026-02-24 00:00:00+00:00,2026-02-23 00:00:00+00:00,overlap_wind_change=1.455m/s>=0.5
2026-02-24 14:00:00+00:00,2026-02-23 18:00:00+00:00,20.0,2.59,-0.7,0.029277777777777778,0.05929928865734539,0.029277777777777778,baseline,turbine_1,2026-02-24 00:00:00+00:00,2026-02-23 00:00:00+00:00,overlap_wind_change=1.455m/s>=0.5
2026-02-24 15:00:00+00:00,2026-02-23 18:00:00+00:00,21.0,1.66,-0.8,0.015911111111111112,0.06558923135897812,0.015911111111111112,baseline,turbine_1,2026-02-24 00:00:00+00:00,2026-02-23 00:00:00+00:00,overlap_wind_change=1.455m/s>=0.5
2026-02-24 16:00:00+00:00,2026-02-23 18:00:00+00:00,22.0,0.85,-0.9,0.011,0.03915339307803979,0.011,baseline,turbine_1,2026-02-24 00:00:00+00:00,2026-02-23 00:00:00+00:00,overlap_wind_change=1.455m/s>=0.5
2026-02-24 17:00:00+00:00,2026-02-23 18:00:00+00:00,23.0,1.73,-1.2,0.01606666666666667,0.08924687195901466,0.01606666666666667,baseline,turbine_1,2026-02-24 00:00:00+00:00,2026-02-23 00:00:00+00:00,overlap_wind_change=1.455m/s>=0.5
2026-02-24 18:00:00+00:00,2026-02-23 18:00:00+00:00,24.0,1.8,-1.4,0.016861111111111115,0.09016482601156071,0.016861111111111115,baseline,turbine_1,2026-02-24 00:00:00+00:00,2026-02-23 00:00:00+00:00,overlap_wind_change=1.455m/s>=0.5
2026-02-24 19:00:00+00:00,2026-02-23 18:00:00+00:00,25.0,1.46,-1.3,0.015466666666666667,0.08920562843689313,0.015466666666666667,baseline,turbine_1,2026-02-24 00:00:00+00:00,2026-02-23 00:00:00+00:00,overlap_wind_change=1.455m/s>=0.5
2026-02-24 20:00:00+00:00,2026-02-23 18:00:00+00:00,26.0,1.33,-1.6,0.015177777777777778,0.06859962370040985,0.015177777777777778,baseline,turbine_1,2026-02-24 00:00:00+00:00,2026-02-23 00:00:00+00:00,overlap_wind_change=1.455m/s>=0.5
2026-02-24 21:00:00+00:00,2026-02-23 18:00:00+00:00,27.0,2.15,-2.1,0.02211111111111111,0.08201912440331009,0.02211111111111111,baseline,turbine_1,2026-02-24 00:00:00+00:00,2026-02-23 00:00:00+00:00,overlap_wind_change=1.455m/s>=0.5
2026-02-24 22:00:00+00:00,2026-02-23 18:00:00+00:00,28.0,3.36,-1.9,0.05013888888888888,0.14479552121023778,0.05013888888888888,baseline,turbine_1,2026-02-24 00:00:00+00:00,2026-02-23 00:00:00+00:00,overlap_wind_change=1.455m/s>=0.5
2026-02-24 23:00:00+00:00,2026-02-23 18:00:00+00:00,29.0,3.4,-2.5,0.05291666666666666,0.14479552121023778,0.05291666666666666,baseline,turbine_1,2026-02-24 00:00:00+00:00,2026-02-23 00:00:00+00:00,overlap_wind_change=1.455m/s>=0.5
2026-02-25 00:00:00+00:00,2026-02-23 18:00:00+00:00,30.0,3.32,-3.2,0.047361111111111104,0.1299636934516086,0.047361111111111104,baseline,turbine_1,2026-02-24 00:00:00+00:00,2026-02-23 00:00:00+00:00,overlap_wind_change=1.455m/s>=0.5
2026-02-24 01:00:00+00:00,2026-02-23 18:00:00+00:00,7.0,7.16,-1.8,0.567911111111111,0.34883367781965796,0.567911111111111,baseline,turbine_2,2026-02-24 00:00:00+00:00,2026-02-23 00:00:00+00:00,overlap_wind_change=1.455m/s>=0.5
2026-02-24 02:00:00+00:00,2026-02-23 18:00:00+00:00,8.0,6.59,-1.6,0.4328888888888888,0.3318836341591464,0.4328888888888888,baseline,turbine_2,2026-02-24 00:00:00+00:00,2026-02-23 00:00:00+00:00,overlap_wind_change=1.455m/s>=0.5
2026-02-24 03:00:00+00:00,2026-02-23 18:00:00+00:00,9.0,6.02,-1.1,0.3193166666666666,0.29160081996850473,0.3193166666666666,baseline,turbine_2,2026-02-24 00:00:00+00:00,2026-02-23 00:00:00+00:00,overlap_wind_change=1.455m/s>=0.5
2026-02-24 04:00:00+00:00,2026-02-23 18:00:00+00:00,10.0,5.78,-0.6,0.2658500000000001,0.28081010788962596,0.2658500000000001,baseline,turbine_2,2026-02-24 00:00:00+00:00,2026-02-23 00:00:00+00:00,overlap_wind_change=1.455m/s>=0.5
2026-02-24 05:00:00+00:00,2026-02-23 18:00:00+00:00,11.0,5.41,0.7,0.2128888888888889,0.17591701632853224,0.2128888888888889,baseline,turbine_2,2026-02-24 00:00:00+00:00,2026-02-23 00:00:00+00:00,overlap_wind_change=1.455m/s>=0.5
2026-02-24 06:00:00+00:00,2026-02-23 18:00:00+00:00,12.0,4.85,1.6,0.15666666666666665,0.1500032544870393,0.15666666666666665,baseline,turbine_2,2026-02-24 00:00:00+00:00,2026-02-23 00:00:00+00:00,overlap_wind_change=1.455m/s>=0.5
2026-02-24 07:00:00+00:00,2026-02-23 18:00:00+00:00,13.0,4.66,1.9,0.14050555555555558,0.16270118624813523,0.14050555555555558,baseline,turbine_2,2026-02-24 00:00:00+00:00,2026-02-23 00:00:00+00:00,overlap_wind_change=1.455m/s>=0.5
2026-02-24 08:00:00+00:00,2026-02-23 18:00:00+00:00,14.0,4.74,2.2,0.14721666666666672,0.2479810069399802,0.14721666666666672,baseline,turbine_2,2026-02-24 00:00:00+00:00,2026-02-23 00:00:00+00:00,overlap_wind_change=1.455m/s>=0.5
2026-02-24 09:00:00+00:00,2026-02-23 18:00:00+00:00,15.0,4.63,2.8,0.1379888888888889,0.2517911707699841,0.1379888888888889,baseline,turbine_2,2026-02-24 00:00:00+00:00,2026-02-23 00:00:00+00:00,overlap_wind_change=1.455m/s>=0.5
2026-02-24 10:00:00+00:00,2026-02-23 18:00:00+00:00,16.0,4.35,2.0,0.11449999999999998,0.23444494001268446,0.11449999999999998,baseline,turbine_2,2026-02-24 00:00:00+00:00,2026-02-23 00:00:00+00:00,overlap_wind_change=1.455m/s>=0.5
2026-02-24 11:00:00+00:00,2026-02-23 18:00:00+00:00,17.0,4.01,1.5,0.08837777777777776,0.26215759510963527,0.08837777777777776,baseline,turbine_2,2026-02-24 00:00:00+00:00,2026-02-23 00:00:00+00:00,overlap_wind_change=1.455m/s>=0.5
2026-02-24 12:00:00+00:00,2026-02-23 18:00:00+00:00,18.0,3.66,0.8,0.06311666666666668,0.16998077299453468,0.06311666666666668,baseline,turbine_2,2026-02-24 00:00:00+00:00,2026-02-23 00:00:00+00:00,overlap_wind_change=1.455m/s>=0.5
2026-02-24 13:00:00+00:00,2026-02-23 18:00:00+00:00,19.0,3.26,-0.3,0.03622777777777776,0.14309288271204273,0.03622777777777776,baseline,turbine_2,2026-02-24 00:00:00+00:00,2026-02-23 00:00:00+00:00,overlap_wind_change=1.455m/s>=0.5
2026-02-24 14:00:00+00:00,2026-02-23 18:00:00+00:00,20.0,2.59,-0.7,0.024511111111111112,0.09683380088505378,0.024511111111111112,baseline,turbine_2,2026-02-24 00:00:00+00:00,2026-02-23 00:00:00+00:00,overlap_wind_change=1.455m/s>=0.5
2026-02-24 15:00:00+00:00,2026-02-23 18:00:00+00:00,21.0,1.66,-0.8,0.015255555555555553,0.09850010994058923,0.015255555555555553,baseline,turbine_2,2026-02-24 00:00:00+00:00,2026-02-23 00:00:00+00:00,overlap_wind_change=1.455m/s>=0.5
2026-02-24 16:00:00+00:00,2026-02-23 18:00:00+00:00,22.0,0.85,-0.9,0.010777777777777778,0.06999197248927955,0.010777777777777778,baseline,turbine_2,2026-02-24 00:00:00+00:00,2026-02-23 00:00:00+00:00,overlap_wind_change=1.455m/s>=0.5
2026-02-24 17:00:00+00:00,2026-02-23 18:00:00+00:00,23.0,1.73,-1.2,0.015488888888888887,0.1005973973546307,0.015488888888888887,baseline,turbine_2,2026-02-24 00:00:00+00:00,2026-02-23 00:00:00+00:00,overlap_wind_change=1.455m/s>=0.5
2026-02-24 18:00:00+00:00,2026-02-23 18:00:00+00:00,24.0,1.8,-1.4,0.01611111111111111,0.10627424514749795,0.01611111111111111,baseline,turbine_2,2026-02-24 00:00:00+00:00,2026-02-23 00:00:00+00:00,overlap_wind_change=1.455m/s>=0.5
2026-02-24 19:00:00+00:00,2026-02-23 18:00:00+00:00,25.0,1.46,-1.3,0.014588888888888887,0.10742916306169079,0.014588888888888887,baseline,turbine_2,2026-02-24 00:00:00+00:00,2026-02-23 00:00:00+00:00,overlap_wind_change=1.455m/s>=0.5
2026-02-24 20:00:00+00:00,2026-02-23 18:00:00+00:00,26.0,1.33,-1.6,0.014155555555555555,0.08753636581488276,0.014155555555555555,baseline,turbine_2,2026-02-24 00:00:00+00:00,2026-02-23 00:00:00+00:00,overlap_wind_change=1.455m/s>=0.5
2026-02-24 21:00:00+00:00,2026-02-23 18:00:00+00:00,27.0,2.15,-2.1,0.02,0.10498442936264342,0.02,baseline,turbine_2,2026-02-24 00:00:00+00:00,2026-02-23 00:00:00+00:00,overlap_wind_change=1.455m/s>=0.5
2026-02-24 22:00:00+00:00,2026-02-23 18:00:00+00:00,28.0,3.36,-1.9,0.042949999999999995,0.15936911040796242,0.042949999999999995,baseline,turbine_2,2026-02-24 00:00:00+00:00,2026-02-23 00:00:00+00:00,overlap_wind_change=1.455m/s>=0.5
2026-02-24 23:00:00+00:00,2026-02-23 18:00:00+00:00,29.0,3.4,-2.5,0.04563888888888888,0.15936911040796242,0.04563888888888888,baseline,turbine_2,2026-02-24 00:00:00+00:00,2026-02-23 00:00:00+00:00,overlap_wind_change=1.455m/s>=0.5
2026-02-25 00:00:00+00:00,2026-02-23 18:00:00+00:00,30.0,3.32,-3.2,0.0402611111111111,0.13555281667037347,0.0402611111111111,baseline,turbine_2,2026-02-24 00:00:00+00:00,2026-02-23 00:00:00+00:00,overlap_wind_change=1.455m/s>=0.5
2026-02-25 01:00:00+00:00,2026-02-24 18:00:00+00:00,7.0,3.83,-1.5,0.08420000000000001,0.0,0.08420000000000001,baseline,turbine_1,2026-02-25 00:00:00+00:00,2026-02-24 00:00:00+00:00,overlap_wind_change=1.091m/s>=0.5
2026-02-25 02:00:00+00:00,2026-02-24 18:00:00+00:00,8.0,3.19,-1.2,0.04123333333333334,0.0,0.04123333333333334,baseline,turbine_1,2026-02-25 00:00:00+00:00,2026-02-24 00:00:00+00:00,overlap_wind_change=1.091m/s>=0.5
2026-02-25 03:00:00+00:00,2026-02-24 18:00:00+00:00,9.0,2.9,-0.8,0.035111111111111114,0.0,0.035111111111111114,baseline,turbine_1,2026-02-25 00:00:00+00:00,2026-02-24 00:00:00+00:00,overlap_wind_change=1.091m/s>=0.5
2026-02-25 04:00:00+00:00,2026-02-24 18:00:00+00:00,10.0,3.14,0.2,0.040177777777777784,0.0,0.040177777777777784,baseline,turbine_1,2026-02-25 00:00:00+00:00,2026-02-24 00:00:00+00:00,overlap_wind_change=1.091m/s>=0.5
2026-02-25 05:00:00+00:00,2026-02-24 18:00:00+00:00,11.0,2.73,1.9,0.03161111111111112,0.0,0.03161111111111112,baseline,turbine_1,2026-02-25 00:00:00+00:00,2026-02-24 00:00:00+00:00,overlap_wind_change=1.091m/s>=0.5
2026-02-25 06:00:00+00:00,2026-02-24 18:00:00+00:00,12.0,1.31,2.2,0.015133333333333334,0.0,0.015133333333333334,baseline,turbine_1,2026-02-25 00:00:00+00:00,2026-02-24 00:00:00+00:00,overlap_wind_change=1.091m/s>=0.5
2026-02-25 07:00:00+00:00,2026-02-24 18:00:00+00:00,13.0,0.5,3.0,0.01,0.0,0.01,baseline,turbine_1,2026-02-25 00:00:00+00:00,2026-02-24 00:00:00+00:00,overlap_wind_change=1.091m/s>=0.5
2026-02-25 08:00:00+00:00,2026-02-24 18:00:00+00:00,14.0,0.52,3.4,0.01,0.052599472244682366,0.01,baseline,turbine_1,2026-02-25 00:00:00+00:00,2026-02-24 00:00:00+00:00,overlap_wind_change=1.091m/s>=0.5
2026-02-25 09:00:00+00:00,2026-02-24 18:00:00+00:00,15.0,0.41,3.8,0.01,0.08574170597972929,0.01,baseline,turbine_1,2026-02-25 00:00:00+00:00,2026-02-24 00:00:00+00:00,overlap_wind_change=1.091m/s>=0.5
2026-02-25 10:00:00+00:00,2026-02-24 18:00:00+00:00,16.0,0.15,4.1,0.01,0.09953837650652285,0.01,baseline,turbine_1,2026-02-25 00:00:00+00:00,2026-02-24 00:00:00+00:00,overlap_wind_change=1.091m/s>=0.5
2026-02-25 11:00:00+00:00,2026-02-24 18:00:00+00:00,17.0,0.83,3.9,0.010799999999999999,0.07469065389909593,0.010799999999999999,baseline,turbine_1,2026-02-25 00:00:00+00:00,2026-02-24 00:00:00+00:00,overlap_wind_change=1.091m/s>=0.5
2026-02-25 12:00:00+00:00,2026-02-24 18:00:00+00:00,18.0,2.16,3.0,0.022261111111111113,0.07366945201781094,0.022261111111111113,baseline,turbine_1,2026-02-25 00:00:00+00:00,2026-02-24 00:00:00+00:00,overlap_wind_change=1.091m/s>=0.5
2026-02-25 13:00:00+00:00,2026-02-24 18:00:00+00:00,19.0,1.87,1.2,0.017911111111111114,0.09049367829422066,0.017911111111111114,baseline,turbine_1,2026-02-25 00:00:00+00:00,2026-02-24 00:00:00+00:00,overlap_wind_change=1.091m/s>=0.5
2026-02-25 14:00:00+00:00,2026-02-24 18:00:00+00:00,20.0,1.17,0.5,0.014199999999999999,0.07182468223197729,0.014199999999999999,baseline,turbine_1,2026-02-25 00:00:00+00:00,2026-02-24 00:00:00+00:00,overlap_wind_change=1.091m/s>=0.5
2026-02-25 15:00:00+00:00,2026-02-24 18:00:00+00:00,21.0,1.45,0.2,0.015444444444444445,0.0899402636774847,0.015444444444444445,baseline,turbine_1,2026-02-25 00:00:00+00:00,2026-02-24 00:00:00+00:00,overlap_wind_change=1.091m/s>=0.5
2026-02-25 16:00:00+00:00,2026-02-24 18:00:00+00:00,22.0,2.61,-0.4,0.029611111111111112,0.08926896185358096,0.029611111111111112,baseline,turbine_1,2026-02-25 00:00:00+00:00,2026-02-24 00:00:00+00:00,overlap_wind_change=1.091m/s>=0.5
2026-02-25 17:00:00+00:00,2026-02-24 18:00:00+00:00,23.0,4.32,-1.0,0.12717222222222224,0.1602336962214437,0.12717222222222224,baseline,turbine_1,2026-02-25 00:00:00+00:00,2026-02-24 00:00:00+00:00,overlap_wind_change=1.091m/s>=0.5
2026-02-25 18:00:00+00:00,2026-02-24 18:00:00+00:00,24.0,6.84,-0.5,0.49307222222222213,0.7081684713901668,0.49307222222222213,baseline,turbine_1,2026-02-25 00:00:00+00:00,2026-02-24 00:00:00+00:00,overlap_wind_change=1.091m/s>=0.5
2026-02-25 19:00:00+00:00,2026-02-24 18:00:00+00:00,25.0,7.29,-0.3,0.5929666666666666,0.7679766799353404,0.5929666666666666,baseline,turbine_1,2026-02-25 00:00:00+00:00,2026-02-24 00:00:00+00:00,overlap_wind_change=1.091m/s>=0.5
2026-02-25 20:00:00+00:00,2026-02-24 18:00:00+00:00,26.0,7.64,0.2,0.6359388888888888,0.6865006567588978,0.6359388888888888,baseline,turbine_1,2026-02-25 00:00:00+00:00,2026-02-24 00:00:00+00:00,overlap_wind_change=1.091m/s>=0.5
2026-02-25 21:00:00+00:00,2026-02-24 18:00:00+00:00,27.0,7.69,0.6,0.6420777777777777,0.6505454896601157,0.6420777777777777,baseline,turbine_1,2026-02-25 00:00:00+00:00,2026-02-24 00:00:00+00:00,overlap_wind_change=1.091m/s>=0.5
2026-02-25 22:00:00+00:00,2026-02-24 18:00:00+00:00,28.0,6.69,0.7,0.4601555555555556,0.6130401210334631,0.4601555555555556,baseline,turbine_1,2026-02-25 00:00:00+00:00,2026-02-24 00:00:00+00:00,overlap_wind_change=1.091m/s>=0.5
2026-02-25 23:00:00+00:00,2026-02-24 18:00:00+00:00,29.0,5.77,0.6,0.26499999999999996,0.3944692987005997,0.26499999999999996,baseline,turbine_1,2026-02-25 00:00:00+00:00,2026-02-24 00:00:00+00:00,overlap_wind_change=1.091m/s>=0.5
2026-02-26 00:00:00+00:00,2026-02-24 18:00:00+00:00,30.0,6.5,0.1,0.4219444444444444,0.5985069633647485,0.4219444444444444,baseline,turbine_1,2026-02-25 00:00:00+00:00,2026-02-24 00:00:00+00:00,overlap_wind_change=1.091m/s>=0.5
2026-02-25 01:00:00+00:00,2026-02-24 18:00:00+00:00,7.0,3.83,-1.5,0.07507777777777778,0.0,0.07507777777777778,baseline,turbine_2,2026-02-25 00:00:00+00:00,2026-02-24 00:00:00+00:00,overlap_wind_change=1.091m/s>=0.5
2026-02-25 02:00:00+00:00,2026-02-24 18:00:00+00:00,8.0,3.19,-1.2,0.03442222222222222,0.0,0.03442222222222222,baseline,turbine_2,2026-02-25 00:00:00+00:00,2026-02-24 00:00:00+00:00,overlap_wind_change=1.091m/s>=0.5
2026-02-25 03:00:00+00:00,2026-02-24 18:00:00+00:00,9.0,2.9,-0.8,0.028944444444444443,0.0,0.028944444444444443,baseline,turbine_2,2026-02-25 00:00:00+00:00,2026-02-24 00:00:00+00:00,overlap_wind_change=1.091m/s>=0.5
2026-02-25 04:00:00+00:00,2026-02-24 18:00:00+00:00,10.0,3.14,0.2,0.03347777777777778,0.0,0.03347777777777778,baseline,turbine_2,2026-02-25 00:00:00+00:00,2026-02-24 00:00:00+00:00,overlap_wind_change=1.091m/s>=0.5
2026-02-25 05:00:00+00:00,2026-02-24 18:00:00+00:00,11.0,2.73,1.9,0.025911111111111114,0.0083995032106986,0.025911111111111114,baseline,turbine_2,2026-02-25 00:00:00+00:00,2026-02-24 00:00:00+00:00,overlap_wind_change=1.091m/s>=0.5
2026-02-25 06:00:00+00:00,2026-02-24 18:00:00+00:00,12.0,1.31,2.2,0.014088888888888889,0.0,0.014088888888888889,baseline,turbine_2,2026-02-25 00:00:00+00:00,2026-02-24 00:00:00+00:00,overlap_wind_change=1.091m/s>=0.5
2026-02-25 07:00:00+00:00,2026-02-24 18:00:00+00:00,13.0,0.5,3.0,0.01,0.011878957910937963,0.01,baseline,turbine_2,2026-02-25 00:00:00+00:00,2026-02-24 00:00:00+00:00,overlap_wind_change=1.091m/s>=0.5
2026-02-25 08:00:00+00:00,2026-02-24 18:00:00+00:00,14.0,0.52,3.4,0.01,0.08013662930523964,0.01,baseline,turbine_2,2026-02-25 00:00:00+00:00,2026-02-24 00:00:00+00:00,overlap_wind_change=1.091m/s>=0.5
2026-02-25 09:00:00+00:00,2026-02-24 18:00:00+00:00,15.0,0.41,3.8,0.01,0.1235747981324395,0.01,baseline,turbine_2,2026-02-25 00:00:00+00:00,2026-02-24 00:00:00+00:00,overlap_wind_change=1.091m/s>=0.5
2026-02-25 10:00:00+00:00,2026-02-24 18:00:00+00:00,16.0,0.15,4.1,0.01,0.12072270473441124,0.01,baseline,turbine_2,2026-02-25 00:00:00+00:00,2026-02-24 00:00:00+00:00,overlap_wind_change=1.091m/s>=0.5
2026-02-25 11:00:00+00:00,2026-02-24 18:00:00+00:00,17.0,0.83,3.9,0.010622222222222222,0.12373107681781674,0.010622222222222222,baseline,turbine_2,2026-02-25 00:00:00+00:00,2026-02-24 00:00:00+00:00,overlap_wind_change=1.091m/s>=0.5
2026-02-25 12:00:00+00:00,2026-02-24 18:00:00+00:00,18.0,2.16,3.0,0.020111111111111114,0.1170783117074148,0.020111111111111114,baseline,turbine_2,2026-02-25 00:00:00+00:00,2026-02-24 00:00:00+00:00,overlap_wind_change=1.091m/s>=0.5
2026-02-25 13:00:00+00:00,2026-02-24 18:00:00+00:00,19.0,1.87,1.2,0.016888888888888887,0.12694941755084593,0.016888888888888887,baseline,turbine_2,2026-02-25 00:00:00+00:00,2026-02-24 00:00:00+00:00,overlap_wind_change=1.091m/s>=0.5
2026-02-25 14:00:00+00:00,2026-02-24 18:00:00+00:00,20.0,1.17,0.5,0.013266666666666666,0.08728239126056446,0.013266666666666666,baseline,turbine_2,2026-02-25 00:00:00+00:00,2026-02-24 00:00:00+00:00,overlap_wind_change=1.091m/s>=0.5
2026-02-25 15:00:00+00:00,2026-02-24 18:00:00+00:00,21.0,1.45,0.2,0.014555555555555554,0.10933734031997235,0.014555555555555554,baseline,turbine_2,2026-02-25 00:00:00+00:00,2026-02-24 00:00:00+00:00,overlap_wind_change=1.091m/s>=0.5
2026-02-25 16:00:00+00:00,2026-02-24 18:00:00+00:00,22.0,2.61,-0.4,0.02471111111111111,0.10035644618874671,0.02471111111111111,baseline,turbine_2,2026-02-25 00:00:00+00:00,2026-02-24 00:00:00+00:00,overlap_wind_change=1.091m/s>=0.5
2026-02-25 17:00:00+00:00,2026-02-24 18:00:00+00:00,23.0,4.32,-1.0,0.11198333333333337,0.1661417223686096,0.11198333333333337,baseline,turbine_2,2026-02-25 00:00:00+00:00,2026-02-24 00:00:00+00:00,overlap_wind_change=1.091m/s>=0.5
2026-02-25 18:00:00+00:00,2026-02-24 18:00:00+00:00,24.0,6.84,-0.5,0.4854222222222221,0.7159402882369705,0.4854222222222221,baseline,turbine_2,2026-02-25 00:00:00+00:00,2026-02-24 00:00:00+00:00,overlap_wind_change=1.091m/s>=0.5
2026-02-25 19:00:00+00:00,2026-02-24 18:00:00+00:00,25.0,7.29,-0.3,0.5959111111111111,0.7565337360101576,0.5959111111111111,baseline,turbine_2,2026-02-25 00:00:00+00:00,2026-02-24 00:00:00+00:00,overlap_wind_change=1.091m/s>=0.5
2026-02-25 20:00:00+00:00,2026-02-24 18:00:00+00:00,26.0,7.64,0.2,0.637911111111111,0.6518875114196871,0.637911111111111,baseline,turbine_2,2026-02-25 00:00:00+00:00,2026-02-24 00:00:00+00:00,overlap_wind_change=1.091m/s>=0.5
2026-02-25 21:00:00+00:00,2026-02-24 18:00:00+00:00,27.0,7.69,0.6,0.6439111111111111,0.6334191665737314,0.6439111111111111,baseline,turbine_2,2026-02-25 00:00:00+00:00,2026-02-24 00:00:00+00:00,overlap_wind_change=1.091m/s>=0.5
2026-02-25 22:00:00+00:00,2026-02-24 18:00:00+00:00,28.0,6.69,0.7,0.45122222222222225,0.6123108442882872,0.45122222222222225,baseline,turbine_2,2026-02-25 00:00:00+00:00,2026-02-24 00:00:00+00:00,overlap_wind_change=1.091m/s>=0.5
2026-02-25 23:00:00+00:00,2026-02-24 18:00:00+00:00,29.0,5.77,0.6,0.26362222222222215,0.41739632695982637,0.26362222222222215,baseline,turbine_2,2026-02-25 00:00:00+00:00,2026-02-24 00:00:00+00:00,overlap_wind_change=1.091m/s>=0.5
2026-02-26 00:00:00+00:00,2026-02-24 18:00:00+00:00,30.0,6.5,0.1,0.4163888888888888,0.5911560096994787,0.4163888888888888,baseline,turbine_2,2026-02-25 00:00:00+00:00,2026-02-24 00:00:00+00:00,overlap_wind_change=1.091m/s>=0.5
2026-02-26 01:00:00+00:00,2026-02-25 18:00:00+00:00,7.0,7.08,0.7,0.5486722222222222,0.3923150383778691,0.5486722222222222,baseline,turbine_1,2026-02-26 00:00:00+00:00,2026-02-25 00:00:00+00:00,overlap_wind_change=1.253m/s>=0.5
2026-02-26 02:00:00+00:00,2026-02-25 18:00:00+00:00,8.0,7.37,0.8,0.6027888888888889,0.3833430502089792,0.6027888888888889,baseline,turbine_1,2026-02-26 00:00:00+00:00,2026-02-25 00:00:00+00:00,overlap_wind_change=1.253m/s>=0.5
2026-02-26 03:00:00+00:00,2026-02-25 18:00:00+00:00,9.0,7.37,1.3,0.6027888888888889,0.41620230341999,0.6027888888888889,baseline,turbine_1,2026-02-26 00:00:00+00:00,2026-02-25 00:00:00+00:00,overlap_wind_change=1.253m/s>=0.5
2026-02-26 04:00:00+00:00,2026-02-25 18:00:00+00:00,10.0,5.91,3.3,0.29611111111111116,0.2515148638020364,0.29611111111111116,baseline,turbine_1,2026-02-26 00:00:00+00:00,2026-02-25 00:00:00+00:00,overlap_wind_change=1.253m/s>=0.5
2026-02-26 05:00:00+00:00,2026-02-25 18:00:00+00:00,11.0,3.09,5.0,0.039122222222222225,0.0,0.039122222222222225,baseline,turbine_1,2026-02-26 00:00:00+00:00,2026-02-25 00:00:00+00:00,overlap_wind_change=1.253m/s>=0.5
2026-02-26 06:00:00+00:00,2026-02-25 18:00:00+00:00,12.0,7.78,6.2,0.6563944444444444,0.5423439365301126,0.6563944444444444,baseline,turbine_1,2026-02-26 00:00:00+00:00,2026-02-25 00:00:00+00:00,overlap_wind_change=1.253m/s>=0.5
2026-02-26 07:00:00+00:00,2026-02-25 18:00:00+00:00,13.0,9.07,3.5,0.919988888888889,0.8286352125175815,0.919988888888889,baseline,turbine_1,2026-02-26 00:00:00+00:00,2026-02-25 00:00:00+00:00,overlap_wind_change=1.253m/s>=0.5
2026-02-26 08:00:00+00:00,2026-02-25 18:00:00+00:00,14.0,6.62,3.1,0.44607777777777774,0.6257803818441895,0.44607777777777774,baseline,turbine_1,2026-02-26 00:00:00+00:00,2026-02-25 00:00:00+00:00,overlap_wind_change=1.253m/s>=0.5
2026-02-26 09:00:00+00:00,2026-02-25 18:00:00+00:00,15.0,5.86,0.2,0.2850000000000001,0.4598398752221024,0.2850000000000001,baseline,turbine_1,2026-02-26 00:00:00+00:00,2026-02-25 00:00:00+00:00,overlap_wind_change=1.253m/s>=0.5
2026-02-26 10:00:00+00:00,2026-02-25 18:00:00+00:00,16.0,5.77,-0.8,0.26499999999999996,0.4002266200289303,0.26499999999999996,baseline,turbine_1,2026-02-26 00:00:00+00:00,2026-02-25 00:00:00+00:00,overlap_wind_change=1.253m/s>=0.5
2026-02-26 11:00:00+00:00,2026-02-25 18:00:00+00:00,17.0,8.04,-0.5,0.7166277777777776,0.7502610941004045,0.7166277777777776,baseline,turbine_1,2026-02-26 00:00:00+00:00,2026-02-25 00:00:00+00:00,overlap_wind_change=1.253m/s>=0.5
2026-02-26 12:00:00+00:00,2026-02-25 18:00:00+00:00,18.0,8.7,0.7,0.8502777777777776,0.8197506619513903,0.8502777777777776,baseline,turbine_1,2026-02-26 00:00:00+00:00,2026-02-25 00:00:00+00:00,overlap_wind_change=1.253m/s>=0.5
2026-02-26 13:00:00+00:00,2026-02-25 18:00:00+00:00,19.0,8.05,0.4,0.7189444444444446,0.7085290152966733,0.7189444444444446,baseline,turbine_1,2026-02-26 00:00:00+00:00,2026-02-25 00:00:00+00:00,overlap_wind_change=1.253m/s>=0.5
2026-02-26 14:00:00+00:00,2026-02-25 18:00:00+00:00,20.0,7.6,0.4,0.6310277777777777,0.7244483114923929,0.6310277777777777,baseline,turbine_1,2026-02-26 00:00:00+00:00,2026-02-25 00:00:00+00:00,overlap_wind_change=1.253m/s>=0.5
2026-02-26 15:00:00+00:00,2026-02-25 18:00:00+00:00,21.0,9.12,0.5,0.9294055555555554,0.907518820124857,0.9294055555555554,baseline,turbine_1,2026-02-26 00:00:00+00:00,2026-02-25 00:00:00+00:00,overlap_wind_change=1.253m/s>=0.5
2026-02-26 16:00:00+00:00,2026-02-25 18:00:00+00:00,22.0,8.9,1.1,0.8879722222222223,0.8353060873119872,0.8879722222222223,baseline,turbine_1,2026-02-26 00:00:00+00:00,2026-02-25 00:00:00+00:00,overlap_wind_change=1.253m/s>=0.5
2026-02-26 17:00:00+00:00,2026-02-25 18:00:00+00:00,23.0,8.54,1.1,0.8200555555555554,0.7818714892078226,0.8200555555555554,baseline,turbine_1,2026-02-26 00:00:00+00:00,2026-02-25 00:00:00+00:00,overlap_wind_change=1.253m/s>=0.5
2026-02-26 18:00:00+00:00,2026-02-25 18:00:00+00:00,24.0,8.52,0.4,0.8162777777777777,0.8492798701528935,0.8162777777777777,baseline,turbine_1,2026-02-26 00:00:00+00:00,2026-02-25 00:00:00+00:00,overlap_wind_change=1.253m/s>=0.5
2026-02-26 19:00:00+00:00,2026-02-25 18:00:00+00:00,25.0,9.23,-0.2,0.9501222222222223,0.9289382701191874,0.9501222222222223,baseline,turbine_1,2026-02-26 00:00:00+00:00,2026-02-25 00:00:00+00:00,overlap_wind_change=1.253m/s>=0.5
2026-02-26 20:00:00+00:00,2026-02-25 18:00:00+00:00,26.0,7.98,-0.8,0.7027277777777778,0.7238818972364679,0.7027277777777778,baseline,turbine_1,2026-02-26 00:00:00+00:00,2026-02-25 00:00:00+00:00,overlap_wind_change=1.253m/s>=0.5
2026-02-26 21:00:00+00:00,2026-02-25 18:00:00+00:00,27.0,8.17,-0.9,0.7467444444444444,0.7160900022524879,0.7467444444444444,baseline,turbine_1,2026-02-26 00:00:00+00:00,2026-02-25 00:00:00+00:00,overlap_wind_change=1.253m/s>=0.5
2026-02-26 22:00:00+00:00,2026-02-25 18:00:00+00:00,28.0,7.89,-1.0,0.6818777777777777,0.6816369130358747,0.6818777777777777,baseline,turbine_1,2026-02-26 00:00:00+00:00,2026-02-25 00:00:00+00:00,overlap_wind_change=1.253m/s>=0.5
2026-02-26 23:00:00+00:00,2026-02-25 18:00:00+00:00,29.0,7.08,-1.2,0.5486722222222222,0.6465983218796125,0.5486722222222222,baseline,turbine_1,2026-02-26 00:00:00+00:00,2026-02-25 00:00:00+00:00,overlap_wind_change=1.253m/s>=0.5
2026-02-27 00:00:00+00:00,2026-02-25 18:00:00+00:00,30.0,6.46,-1.6,0.41389999999999993,0.6225087603005509,0.41389999999999993,baseline,turbine_1,2026-02-26 00:00:00+00:00,2026-02-25 00:00:00+00:00,overlap_wind_change=1.253m/s>=0.5
2026-02-26 01:00:00+00:00,2026-02-25 18:00:00+00:00,7.0,7.08,0.7,0.5472888888888888,0.35727805703981974,0.5472888888888888,baseline,turbine_2,2026-02-26 00:00:00+00:00,2026-02-25 00:00:00+00:00,overlap_wind_change=1.253m/s>=0.5
2026-02-26 02:00:00+00:00,2026-02-25 18:00:00+00:00,8.0,7.37,0.8,0.6055111111111111,0.37043970421479666,0.6055111111111111,baseline,turbine_2,2026-02-26 00:00:00+00:00,2026-02-25 00:00:00+00:00,overlap_wind_change=1.253m/s>=0.5
2026-02-26 03:00:00+00:00,2026-02-25 18:00:00+00:00,9.0,7.37,1.3,0.6055111111111111,0.3934417558417545,0.6055111111111111,baseline,turbine_2,2026-02-26 00:00:00+00:00,2026-02-25 00:00:00+00:00,overlap_wind_change=1.253m/s>=0.5
2026-02-26 04:00:00+00:00,2026-02-25 18:00:00+00:00,10.0,5.91,3.3,0.2948111111111112,0.264875183466529,0.2948111111111112,baseline,turbine_2,2026-02-26 00:00:00+00:00,2026-02-25 00:00:00+00:00,overlap_wind_change=1.253m/s>=0.5
2026-02-26 05:00:00+00:00,2026-02-25 18:00:00+00:00,11.0,3.09,5.0,0.03253333333333333,0.0,0.03253333333333333,baseline,turbine_2,2026-02-26 00:00:00+00:00,2026-02-25 00:00:00+00:00,overlap_wind_change=1.253m/s>=0.5
2026-02-26 06:00:00+00:00,2026-02-25 18:00:00+00:00,12.0,7.78,6.2,0.6585111111111112,0.5428490971289959,0.6585111111111112,baseline,turbine_2,2026-02-26 00:00:00+00:00,2026-02-25 00:00:00+00:00,overlap_wind_change=1.253m/s>=0.5
2026-02-26 07:00:00+00:00,2026-02-25 18:00:00+00:00,13.0,9.07,3.5,0.9104222222222221,0.9149579291946655,0.9104222222222221,baseline,turbine_2,2026-02-26 00:00:00+00:00,2026-02-25 00:00:00+00:00,overlap_wind_change=1.253m/s>=0.5
2026-02-26 08:00:00+00:00,2026-02-25 18:00:00+00:00,14.0,6.62,3.1,0.43838888888888883,0.6851152786789809,0.43838888888888883,baseline,turbine_2,2026-02-26 00:00:00+00:00,2026-02-25 00:00:00+00:00,overlap_wind_change=1.253m/s>=0.5
2026-02-26 09:00:00+00:00,2026-02-25 18:00:00+00:00,15.0,5.86,0.2,0.2836722222222223,0.48186188250347456,0.2836722222222223,baseline,turbine_2,2026-02-26 00:00:00+00:00,2026-02-25 00:00:00+00:00,overlap_wind_change=1.253m/s>=0.5
2026-02-26 10:00:00+00:00,2026-02-25 18:00:00+00:00,16.0,5.77,-0.8,0.26362222222222215,0.43510658932121526,0.26362222222222215,baseline,turbine_2,2026-02-26 00:00:00+00:00,2026-02-25 00:00:00+00:00,overlap_wind_change=1.253m/s>=0.5
2026-02-26 11:00:00+00:00,2026-02-25 18:00:00+00:00,17.0,8.04,-0.5,0.7226444444444441,0.7592763289899589,0.7226444444444441,baseline,turbine_2,2026-02-26 00:00:00+00:00,2026-02-25 00:00:00+00:00,overlap_wind_change=1.253m/s>=0.5
2026-02-26 12:00:00+00:00,2026-02-25 18:00:00+00:00,18.0,8.7,0.7,0.8419444444444443,0.9052369804154351,0.8419444444444443,baseline,turbine_2,2026-02-26 00:00:00+00:00,2026-02-25 00:00:00+00:00,overlap_wind_change=1.253m/s>=0.5
2026-02-26 13:00:00+00:00,2026-02-25 18:00:00+00:00,19.0,8.05,0.4,0.7251111111111112,0.7827232085408236,0.7251111111111112,baseline,turbine_2,2026-02-26 00:00:00+00:00,2026-02-25 00:00:00+00:00,overlap_wind_change=1.253m/s>=0.5
2026-02-26 14:00:00+00:00,2026-02-25 18:00:00+00:00,20.0,7.6,0.4,0.6331111111111111,0.768908903155108,0.6331111111111111,baseline,turbine_2,2026-02-26 00:00:00+00:00,2026-02-25 00:00:00+00:00,overlap_wind_change=1.253m/s>=0.5
2026-02-26 15:00:00+00:00,2026-02-25 18:00:00+00:00,21.0,9.12,0.5,0.9199499999999997,0.9635121138841867,0.9199499999999997,baseline,turbine_2,2026-02-26 00:00:00+00:00,2026-02-25 00:00:00+00:00,overlap_wind_change=1.253m/s>=0.5
2026-02-26 16:00:00+00:00,2026-02-25 18:00:00+00:00,22.0,8.9,1.1,0.8780277777777777,0.9221933272217215,0.8780277777777777,baseline,turbine_2,2026-02-26 00:00:00+00:00,2026-02-25 00:00:00+00:00,overlap_wind_change=1.253m/s>=0.5
2026-02-26 17:00:00+00:00,2026-02-25 18:00:00+00:00,23.0,8.54,1.1,0.8179444444444441,0.8845765345462206,0.8179444444444441,baseline,turbine_2,2026-02-26 00:00:00+00:00,2026-02-25 00:00:00+00:00,overlap_wind_change=1.253m/s>=0.5
2026-02-26 18:00:00+00:00,2026-02-25 18:00:00+00:00,24.0,8.52,0.4,0.8149444444444442,0.9228613902729731,0.8149444444444442,baseline,turbine_2,2026-02-26 00:00:00+00:00,2026-02-25 00:00:00+00:00,overlap_wind_change=1.253m/s>=0.5
2026-02-26 19:00:00+00:00,2026-02-25 18:00:00+00:00,25.0,9.23,-0.2,0.9409111111111111,0.9428847348026678,0.9409111111111111,baseline,turbine_2,2026-02-26 00:00:00+00:00,2026-02-25 00:00:00+00:00,overlap_wind_change=1.253m/s>=0.5
2026-02-26 20:00:00+00:00,2026-02-25 18:00:00+00:00,26.0,7.98,-0.8,0.7078444444444445,0.678898853982834,0.7078444444444445,baseline,turbine_2,2026-02-26 00:00:00+00:00,2026-02-25 00:00:00+00:00,overlap_wind_change=1.253m/s>=0.5
2026-02-26 21:00:00+00:00,2026-02-25 18:00:00+00:00,27.0,8.17,-0.9,0.7547111111111109,0.6745522588675034,0.7547111111111109,baseline,turbine_2,2026-02-26 00:00:00+00:00,2026-02-25 00:00:00+00:00,overlap_wind_change=1.253m/s>=0.5
2026-02-26 22:00:00+00:00,2026-02-25 18:00:00+00:00,28.0,7.89,-1.0,0.6856444444444443,0.6894739267707861,0.6856444444444443,baseline,turbine_2,2026-02-26 00:00:00+00:00,2026-02-25 00:00:00+00:00,overlap_wind_change=1.253m/s>=0.5
2026-02-26 23:00:00+00:00,2026-02-25 18:00:00+00:00,29.0,7.08,-1.2,0.5472888888888888,0.6165490829097338,0.5472888888888888,baseline,turbine_2,2026-02-26 00:00:00+00:00,2026-02-25 00:00:00+00:00,overlap_wind_change=1.253m/s>=0.5
2026-02-27 00:00:00+00:00,2026-02-25 18:00:00+00:00,30.0,6.46,-1.6,0.4090555555555555,0.5901171047229733,0.4090555555555555,baseline,turbine_2,2026-02-26 00:00:00+00:00,2026-02-25 00:00:00+00:00,overlap_wind_change=1.253m/s>=0.5
2026-02-27 01:00:00+00:00,2026-02-26 18:00:00+00:00,7.0,5.1,0.4,0.19488888888888886,0.14934081558488,0.19488888888888886,baseline,turbine_1,2026-02-27 00:00:00+00:00,2026-02-26 00:00:00+00:00,overlap_wind_change=0.525m/s>=0.5
2026-02-27 02:00:00+00:00,2026-02-26 18:00:00+00:00,8.0,4.85,0.2,0.1743333333333333,0.13869891658154093,0.1743333333333333,baseline,turbine_1,2026-02-27 00:00:00+00:00,2026-02-26 00:00:00+00:00,overlap_wind_change=0.525m/s>=0.5
2026-02-27 03:00:00+00:00,2026-02-26 18:00:00+00:00,9.0,4.87,0.9,0.1759777777777778,0.18169339271643717,0.1759777777777778,baseline,turbine_1,2026-02-27 00:00:00+00:00,2026-02-26 00:00:00+00:00,overlap_wind_change=0.525m/s>=0.5
2026-02-27 04:00:00+00:00,2026-02-26 18:00:00+00:00,10.0,4.69,0.5,0.16067777777777784,0.11094195997359856,0.16067777777777784,baseline,turbine_1,2026-02-27 00:00:00+00:00,2026-02-26 00:00:00+00:00,overlap_wind_change=0.525m/s>=0.5
2026-02-27 05:00:00+00:00,2026-02-26 18:00:00+00:00,11.0,3.78,1.1,0.07983888888888888,0.0,0.07983888888888888,baseline,turbine_1,2026-02-27 00:00:00+00:00,2026-02-26 00:00:00+00:00,overlap_wind_change=0.525m/s>=0.5
2026-02-27 06:00:00+00:00,2026-02-26 18:00:00+00:00,12.0,3.67,1.1,0.07166666666666666,0.0,0.07166666666666666,baseline,turbine_1,2026-02-27 00:00:00+00:00,2026-02-26 00:00:00+00:00,overlap_wind_change=0.525m/s>=0.5
2026-02-27 07:00:00+00:00,2026-02-26 18:00:00+00:00,13.0,3.96,1.8,0.09553888888888888,0.07827414491220107,0.09553888888888888,baseline,turbine_1,2026-02-27 00:00:00+00:00,2026-02-26 00:00:00+00:00,overlap_wind_change=0.525m/s>=0.5
2026-02-27 08:00:00+00:00,2026-02-26 18:00:00+00:00,14.0,4.62,1.8,0.15433888888888891,0.22957731724428992,0.15433888888888891,baseline,turbine_1,2026-02-27 00:00:00+00:00,2026-02-26 00:00:00+00:00,overlap_wind_change=0.525m/s>=0.5
2026-02-27 09:00:00+00:00,2026-02-26 18:00:00+00:00,15.0,5.45,1.1,0.2285555555555556,0.32135932165261577,0.2285555555555556,baseline,turbine_1,2026-02-27 00:00:00+00:00,2026-02-26 00:00:00+00:00,overlap_wind_change=0.525m/s>=0.5
2026-02-27 10:00:00+00:00,2026-02-26 18:00:00+00:00,16.0,5.98,0.7,0.31166666666666676,0.4816371814373833,0.31166666666666676,baseline,turbine_1,2026-02-27 00:00:00+00:00,2026-02-26 00:00:00+00:00,overlap_wind_change=0.525m/s>=0.5
2026-02-27 11:00:00+00:00,2026-02-26 18:00:00+00:00,17.0,6.25,-0.4,0.37166666666666665,0.5801689684066305,0.37166666666666665,baseline,turbine_1,2026-02-27 00:00:00+00:00,2026-02-26 00:00:00+00:00,overlap_wind_change=0.525m/s>=0.5
2026-02-27 12:00:00+00:00,2026-02-26 18:00:00+00:00,18.0,6.71,-1.6,0.4641777777777777,0.6980171140243475,0.4641777777777777,baseline,turbine_1,2026-02-27 00:00:00+00:00,2026-02-26 00:00:00+00:00,overlap_wind_change=0.525m/s>=0.5
2026-02-27 13:00:00+00:00,2026-02-26 18:00:00+00:00,19.0,7.2,-2.8,0.5764722222222223,0.7117621742592858,0.5764722222222223,baseline,turbine_1,2026-02-27 00:00:00+00:00,2026-02-26 00:00:00+00:00,overlap_wind_change=0.525m/s>=0.5
2026-02-27 14:00:00+00:00,2026-02-26 18:00:00+00:00,20.0,7.36,-3.9,0.6015611111111111,0.7688257015813931,0.6015611111111111,baseline,turbine_1,2026-02-27 00:00:00+00:00,2026-02-26 00:00:00+00:00,overlap_wind_change=0.525m/s>=0.5
2026-02-27 15:00:00+00:00,2026-02-26 18:00:00+00:00,21.0,6.95,-4.6,0.5185555555555555,0.636585959706072,0.5185555555555555,baseline,turbine_1,2026-02-27 00:00:00+00:00,2026-02-26 00:00:00+00:00,overlap_wind_change=0.525m/s>=0.5
2026-02-27 16:00:00+00:00,2026-02-26 18:00:00+00:00,22.0,6.76,-4.7,0.4745388888888888,0.636585959706072,0.4745388888888888,baseline,turbine_1,2026-02-27 00:00:00+00:00,2026-02-26 00:00:00+00:00,overlap_wind_change=0.525m/s>=0.5
2026-02-27 17:00:00+00:00,2026-02-26 18:00:00+00:00,23.0,6.73,-4.6,0.4682,0.639938484545198,0.4682,baseline,turbine_1,2026-02-27 00:00:00+00:00,2026-02-26 00:00:00+00:00,overlap_wind_change=0.525m/s>=0.5
2026-02-27 18:00:00+00:00,2026-02-26 18:00:00+00:00,24.0,6.45,-4.6,0.41188888888888886,0.639938484545198,0.41188888888888886,baseline,turbine_1,2026-02-27 00:00:00+00:00,2026-02-26 00:00:00+00:00,overlap_wind_change=0.525m/s>=0.5
2026-02-27 19:00:00+00:00,2026-02-26 18:00:00+00:00,25.0,6.2,-5.0,0.3605555555555556,0.44913348377244666,0.3605555555555556,baseline,turbine_1,2026-02-27 00:00:00+00:00,2026-02-26 00:00:00+00:00,overlap_wind_change=0.525m/s>=0.5
2026-02-27 20:00:00+00:00,2026-02-26 18:00:00+00:00,26.0,6.65,-5.1,0.45211111111111113,0.5975713604239498,0.45211111111111113,baseline,turbine_1,2026-02-27 00:00:00+00:00,2026-02-26 00:00:00+00:00,overlap_wind_change=0.525m/s>=0.5
2026-02-27 21:00:00+00:00,2026-02-26 18:00:00+00:00,27.0,6.2,-5.1,0.3605555555555556,0.43934612161302666,0.3605555555555556,baseline,turbine_1,2026-02-27 00:00:00+00:00,2026-02-26 00:00:00+00:00,overlap_wind_change=0.525m/s>=0.5
2026-02-27 22:00:00+00:00,2026-02-26 18:00:00+00:00,28.0,6.96,-5.8,0.5208722222222222,0.544661602439545,0.5208722222222222,baseline,turbine_1,2026-02-27 00:00:00+00:00,2026-02-26 00:00:00+00:00,overlap_wind_change=0.525m/s>=0.5
2026-02-27 23:00:00+00:00,2026-02-26 18:00:00+00:00,29.0,7.06,-6.1,0.5440388888888887,0.5474621904279269,0.5440388888888887,baseline,turbine_1,2026-02-27 00:00:00+00:00,2026-02-26 00:00:00+00:00,overlap_wind_change=0.525m/s>=0.5
2026-02-28 00:00:00+00:00,2026-02-26 18:00:00+00:00,30.0,6.57,-6.4,0.43602222222222226,0.562484858371582,0.43602222222222226,baseline,turbine_1,2026-02-27 00:00:00+00:00,2026-02-26 00:00:00+00:00,overlap_wind_change=0.525m/s>=0.5
2026-02-27 01:00:00+00:00,2026-02-26 18:00:00+00:00,7.0,5.1,0.4,0.1781944444444444,0.1535397934705266,0.1781944444444444,baseline,turbine_2,2026-02-27 00:00:00+00:00,2026-02-26 00:00:00+00:00,overlap_wind_change=0.525m/s>=0.5
2026-02-27 02:00:00+00:00,2026-02-26 18:00:00+00:00,8.0,4.85,0.2,0.15666666666666665,0.1197825825279728,0.15666666666666665,baseline,turbine_2,2026-02-27 00:00:00+00:00,2026-02-26 00:00:00+00:00,overlap_wind_change=0.525m/s>=0.5
2026-02-27 03:00:00+00:00,2026-02-26 18:00:00+00:00,9.0,4.87,0.9,0.1583888888888889,0.13748634511113259,0.1583888888888889,baseline,turbine_2,2026-02-27 00:00:00+00:00,2026-02-26 00:00:00+00:00,overlap_wind_change=0.525m/s>=0.5
2026-02-27 04:00:00+00:00,2026-02-26 18:00:00+00:00,10.0,4.69,0.5,0.14302222222222227,0.11224871013919552,0.14302222222222227,baseline,turbine_2,2026-02-27 00:00:00+00:00,2026-02-26 00:00:00+00:00,overlap_wind_change=0.525m/s>=0.5
2026-02-27 05:00:00+00:00,2026-02-26 18:00:00+00:00,11.0,3.78,1.1,0.07138333333333333,0.006874347361992262,0.07138333333333333,baseline,turbine_2,2026-02-27 00:00:00+00:00,2026-02-26 00:00:00+00:00,overlap_wind_change=0.525m/s>=0.5
2026-02-27 06:00:00+00:00,2026-02-26 18:00:00+00:00,12.0,3.67,1.1,0.06378888888888888,0.0,0.06378888888888888,baseline,turbine_2,2026-02-27 00:00:00+00:00,2026-02-26 00:00:00+00:00,overlap_wind_change=0.525m/s>=0.5
2026-02-27 07:00:00+00:00,2026-02-26 18:00:00+00:00,13.0,3.96,1.8,0.08468333333333333,0.109122585030806,0.08468333333333333,baseline,turbine_2,2026-02-27 00:00:00+00:00,2026-02-26 00:00:00+00:00,overlap_wind_change=0.525m/s>=0.5
2026-02-27 08:00:00+00:00,2026-02-26 18:00:00+00:00,14.0,4.62,1.8,0.13715000000000002,0.251363586387436,0.13715000000000002,baseline,turbine_2,2026-02-27 00:00:00+00:00,2026-02-26 00:00:00+00:00,overlap_wind_change=0.525m/s>=0.5
2026-02-27 09:00:00+00:00,2026-02-26 18:00:00+00:00,15.0,5.45,1.1,0.21833333333333335,0.34665737189504237,0.21833333333333335,baseline,turbine_2,2026-02-27 00:00:00+00:00,2026-02-26 00:00:00+00:00,overlap_wind_change=0.525m/s>=0.5
2026-02-27 10:00:00+00:00,2026-02-26 18:00:00+00:00,16.0,5.98,0.7,0.31040555555555566,0.4942569373530545,0.31040555555555566,baseline,turbine_2,2026-02-27 00:00:00+00:00,2026-02-26 00:00:00+00:00,overlap_wind_change=0.525m/s>=0.5
2026-02-27 11:00:00+00:00,2026-02-26 18:00:00+00:00,17.0,6.25,-0.4,0.3705555555555555,0.5984588848447315,0.3705555555555555,baseline,turbine_2,2026-02-27 00:00:00+00:00,2026-02-26 00:00:00+00:00,overlap_wind_change=0.525m/s>=0.5
2026-02-27 12:00:00+00:00,2026-02-26 18:00:00+00:00,18.0,6.71,-1.6,0.4548888888888888,0.7288684251936046,0.4548888888888888,baseline,turbine_2,2026-02-27 00:00:00+00:00,2026-02-26 00:00:00+00:00,overlap_wind_change=0.525m/s>=0.5
2026-02-27 13:00:00+00:00,2026-02-26 18:00:00+00:00,19.0,7.2,-2.8,0.5782222222222222,0.7450054959043777,0.5782222222222222,baseline,turbine_2,2026-02-27 00:00:00+00:00,2026-02-26 00:00:00+00:00,overlap_wind_change=0.525m/s>=0.5
2026-02-27 14:00:00+00:00,2026-02-26 18:00:00+00:00,20.0,7.36,-3.9,0.6043111111111111,0.762233715388185,0.6043111111111111,baseline,turbine_2,2026-02-27 00:00:00+00:00,2026-02-26 00:00:00+00:00,overlap_wind_change=0.525m/s>=0.5
2026-02-27 15:00:00+00:00,2026-02-26 18:00:00+00:00,21.0,6.95,-4.6,0.5137777777777778,0.7358414597096155,0.5137777777777778,baseline,turbine_2,2026-02-27 00:00:00+00:00,2026-02-26 00:00:00+00:00,overlap_wind_change=0.525m/s>=0.5
2026-02-27 16:00:00+00:00,2026-02-26 18:00:00+00:00,22.0,6.76,-4.7,0.4647999999999999,0.7358414597096155,0.4647999999999999,baseline,turbine_2,2026-02-27 00:00:00+00:00,2026-02-26 00:00:00+00:00,overlap_wind_change=0.525m/s>=0.5
2026-02-27 17:00:00+00:00,2026-02-26 18:00:00+00:00,23.0,6.73,-4.6,0.45855555555555555,0.7083227536440416,0.45855555555555555,baseline,turbine_2,2026-02-27 00:00:00+00:00,2026-02-26 00:00:00+00:00,overlap_wind_change=0.525m/s>=0.5
2026-02-27 18:00:00+00:00,2026-02-26 18:00:00+00:00,24.0,6.45,-4.6,0.4072222222222222,0.7308013472481244,0.4072222222222222,baseline,turbine_2,2026-02-27 00:00:00+00:00,2026-02-26 00:00:00+00:00,overlap_wind_change=0.525m/s>=0.5
2026-02-27 19:00:00+00:00,2026-02-26 18:00:00+00:00,25.0,6.2,-5.0,0.35941666666666666,0.4663211771377133,0.35941666666666666,baseline,turbine_2,2026-02-27 00:00:00+00:00,2026-02-26 00:00:00+00:00,overlap_wind_change=0.525m/s>=0.5
2026-02-27 20:00:00+00:00,2026-02-26 18:00:00+00:00,26.0,6.65,-5.1,0.4438888888888889,0.5919528349379143,0.4438888888888889,baseline,turbine_2,2026-02-27 00:00:00+00:00,2026-02-26 00:00:00+00:00,overlap_wind_change=0.525m/s>=0.5
2026-02-27 21:00:00+00:00,2026-02-26 18:00:00+00:00,27.0,6.2,-5.1,0.35941666666666666,0.4511541682566892,0.35941666666666666,baseline,turbine_2,2026-02-27 00:00:00+00:00,2026-02-26 00:00:00+00:00,overlap_wind_change=0.525m/s>=0.5
2026-02-27 22:00:00+00:00,2026-02-26 18:00:00+00:00,28.0,6.96,-5.8,0.5163555555555555,0.5520589049424434,0.5163555555555555,baseline,turbine_2,2026-02-27 00:00:00+00:00,2026-02-26 00:00:00+00:00,overlap_wind_change=0.525m/s>=0.5
2026-02-27 23:00:00+00:00,2026-02-26 18:00:00+00:00,29.0,7.06,-6.1,0.5421333333333331,0.5391757064770298,0.5421333333333331,baseline,turbine_2,2026-02-27 00:00:00+00:00,2026-02-26 00:00:00+00:00,overlap_wind_change=0.525m/s>=0.5
2026-02-28 00:00:00+00:00,2026-02-26 18:00:00+00:00,30.0,6.57,-6.4,0.4292222222222222,0.557289359061211,0.4292222222222222,baseline,turbine_2,2026-02-27 00:00:00+00:00,2026-02-26 00:00:00+00:00,overlap_wind_change=0.525m/s>=0.5
